Time,DOAS SYSTEM OTHER:DesPer 1:Des Heat Mass Flow [kg/s],DOAS SYSTEM OTHER:DesPer 1:Des Heat Cap [W],DOAS SYSTEM OTHER:DesPer 1:Des Cool Mass Flow [kg/s],DOAS SYSTEM OTHER:DesPer 1:Des Sens Cool Cap [W],DOAS SYSTEM OTHER:DesPer 1:Des Tot Cool Cap [W],DOAS SYSTEM OTHER:DesPer 2:Des Heat Mass Flow [kg/s],DOAS SYSTEM OTHER:DesPer 2:Des Heat Cap [W],DOAS SYSTEM OTHER:DesPer 2:Des Cool Mass Flow [kg/s],DOAS SYSTEM OTHER:DesPer 2:Des Sens Cool Cap [W],DOAS SYSTEM OTHER:DesPer 2:Des Tot Cool Cap [W],DOAS SYSTEM BOT:DesPer 1:Des Heat Mass Flow [kg/s],DOAS SYSTEM BOT:DesPer 1:Des Heat Cap [W],DOAS SYSTEM BOT:DesPer 1:Des Cool Mass Flow [kg/s],DOAS SYSTEM BOT:DesPer 1:Des Sens Cool Cap [W],DOAS SYSTEM BOT:DesPer 1:Des Tot Cool Cap [W],DOAS SYSTEM BOT:DesPer 2:Des Heat Mass Flow [kg/s],DOAS SYSTEM BOT:DesPer 2:Des Heat Cap [W],DOAS SYSTEM BOT:DesPer 2:Des Cool Mass Flow [kg/s],DOAS SYSTEM BOT:DesPer 2:Des Sens Cool Cap [W],DOAS SYSTEM BOT:DesPer 2:Des Tot Cool Cap [W],DOAS SYSTEM MID:DesPer 1:Des Heat Mass Flow [kg/s],DOAS SYSTEM MID:DesPer 1:Des Heat Cap [W],DOAS SYSTEM MID:DesPer 1:Des Cool Mass Flow [kg/s],DOAS SYSTEM MID:DesPer 1:Des Sens Cool Cap [W],DOAS SYSTEM MID:DesPer 1:Des Tot Cool Cap [W],DOAS SYSTEM MID:DesPer 2:Des Heat Mass Flow [kg/s],DOAS SYSTEM MID:DesPer 2:Des Heat Cap [W],DOAS SYSTEM MID:DesPer 2:Des Cool Mass Flow [kg/s],DOAS SYSTEM MID:DesPer 2:Des Sens Cool Cap [W],DOAS SYSTEM MID:DesPer 2:Des Tot Cool Cap [W],DOAS SYSTEM TOP:DesPer 1:Des Heat Mass Flow [kg/s],DOAS SYSTEM TOP:DesPer 1:Des Heat Cap [W],DOAS SYSTEM TOP:DesPer 1:Des Cool Mass Flow [kg/s],DOAS SYSTEM TOP:DesPer 1:Des Sens Cool Cap [W],DOAS SYSTEM TOP:DesPer 1:Des Tot Cool Cap [W],DOAS SYSTEM TOP:DesPer 2:Des Heat Mass Flow [kg/s],DOAS SYSTEM TOP:DesPer 2:Des Heat Cap [W],DOAS SYSTEM TOP:DesPer 2:Des Cool Mass Flow [kg/s],DOAS SYSTEM TOP:DesPer 2:Des Sens Cool Cap [W],DOAS SYSTEM TOP:DesPer 2:Des Tot Cool Cap [W]
00:10:00,1.851790E+00,4.372850E+04,6.990385E+00,0.000000E+00,0.000000E+00,1.851790E+00,0.000000E+00,2.676774E+01,3.539211E+05,7.421900E+05,1.851790E+00,4.372850E+04,1.851790E+00,0.000000E+00,0.000000E+00,1.851790E+00,0.000000E+00,2.548788E+00,3.369989E+04,7.067033E+04,1.851790E+01,4.372850E+05,1.851790E+01,0.000000E+00,0.000000E+00,1.851790E+01,0.000000E+00,2.353797E+01,3.112174E+05,6.526382E+05,2.065874E+00,4.878391E+04,1.851790E+00,0.000000E+00,0.000000E+00,1.851790E+00,0.000000E+00,2.349124E+00,3.105996E+04,6.513426E+04
00:20:00,1.851790E+00,4.372850E+04,6.989785E+00,0.000000E+00,0.000000E+00,1.851790E+00,0.000000E+00,2.676800E+01,3.519342E+05,7.401458E+05,1.851790E+00,4.372850E+04,1.851790E+00,0.000000E+00,0.000000E+00,1.851790E+00,0.000000E+00,2.551127E+00,3.354111E+04,7.053966E+04,1.851790E+01,4.372850E+05,1.851790E+01,0.000000E+00,0.000000E+00,1.851790E+01,0.000000E+00,2.356284E+01,3.097941E+05,6.515219E+05,2.094742E+00,4.946561E+04,1.851790E+00,0.000000E+00,0.000000E+00,1.851790E+00,0.000000E+00,2.351673E+00,3.091879E+04,6.502470E+04
00:30:00,1.851790E+00,4.372850E+04,6.989160E+00,0.000000E+00,0.000000E+00,1.851790E+00,0.000000E+00,2.676814E+01,3.499456E+05,7.380987E+05,1.851790E+00,4.372850E+04,1.851790E+00,0.000000E+00,0.000000E+00,1.851790E+00,0.000000E+00,2.552865E+00,3.337414E+04,7.039212E+04,1.851790E+01,4.372850E+05,1.851790E+01,0.000000E+00,0.000000E+00,1.851790E+01,0.000000E+00,2.358304E+01,3.083060E+05,6.502733E+05,2.120403E+00,5.007156E+04,1.851790E+00,0.000000E+00,0.000000E+00,1.851790E+00,0.000000E+00,2.353783E+00,3.077150E+04,6.490268E+04
00:40:00,1.851790E+00,4.372850E+04,6.988512E+00,0.000000E+00,0.000000E+00,1.851790E+00,0.000000E+00,2.676818E+01,3.479556E+05,7.360481E+05,1.851790E+00,4.372850E+04,1.851790E+00,0.000000E+00,0.000000E+00,1.851790E+00,0.000000E+00,2.554416E+00,3.320448E+04,7.023912E+04,1.851790E+01,4.372850E+05,1.851790E+01,0.000000E+00,0.000000E+00,1.851790E+01,0.000000E+00,2.359923E+01,3.067629E+05,6.489111E+05,2.143106E+00,5.060768E+04,1.851790E+00,0.000000E+00,0.000000E+00,1.851790E+00,0.000000E+00,2.355508E+00,3.061890E+04,6.476972E+04
00:50:00,1.851790E+00,4.372850E+04,6.987846E+00,0.000000E+00,0.000000E+00,1.851790E+00,0.000000E+00,2.676813E+01,3.459645E+05,7.339953E+05,1.851790E+00,4.372850E+04,1.851790E+00,0.000000E+00,0.000000E+00,1.851790E+00,0.000000E+00,2.556547E+00,3.304206E+04,7.010176E+04,1.851790E+01,4.372850E+05,1.851790E+01,0.000000E+00,0.000000E+00,1.851790E+01,0.000000E+00,2.361200E+01,3.051731E+05,6.474526E+05,2.162966E+00,5.107667E+04,1.851790E+00,0.000000E+00,0.000000E+00,1.851790E+00,0.000000E+00,2.356898E+00,3.046171E+04,6.462730E+04
01:00:00,1.851790E+00,4.372850E+04,6.987164E+00,0.000000E+00,0.000000E+00,1.851790E+00,0.000000E+00,2.676803E+01,3.439727E+05,7.319413E+05,1.851790E+00,4.372850E+04,1.851790E+00,0.000000E+00,0.000000E+00,1.851790E+00,0.000000E+00,2.558096E+00,3.287187E+04,6.994823E+04,1.851790E+01,4.372850E+05,1.851790E+01,0.000000E+00,0.000000E+00,1.851790E+01,0.000000E+00,2.362185E+01,3.035439E+05,6.459127E+05,2.180820E+00,5.149826E+04,1.851790E+00,0.000000E+00,0.000000E+00,1.851790E+00,0.000000E+00,2.357997E+00,3.030057E+04,6.447676E+04
01:10:00,1.851790E+00,4.372850E+04,6.986420E+00,0.000000E+00,0.000000E+00,1.851790E+00,0.000000E+00,2.676894E+01,3.426574E+05,7.305988E+05,1.851790E+00,4.372850E+04,1.851790E+00,0.000000E+00,0.000000E+00,1.851790E+00,0.000000E+00,2.560227E+00,3.277233E+04,6.987569E+04,1.853507E+01,4.376905E+05,1.851790E+01,0.000000E+00,0.000000E+00,1.851790E+01,0.000000E+00,2.363386E+01,3.025266E+05,6.450336E+05,2.197083E+00,5.188230E+04,1.851790E+00,0.000000E+00,0.000000E+00,1.851790E+00,0.000000E+00,2.359172E+00,3.019872E+04,6.438835E+04
01:20:00,1.851790E+00,4.372850E+04,6.985665E+00,0.000000E+00,0.000000E+00,1.851790E+00,0.000000E+00,2.676985E+01,3.413419E+05,7.292554E+05,1.851790E+00,4.372850E+04,1.851790E+00,0.000000E+00,0.000000E+00,1.851790E+00,0.000000E+00,2.562027E+00,3.266837E+04,6.979389E+04,1.856301E+01,4.383501E+05,1.851790E+01,0.000000E+00,0.000000E+00,1.851790E+01,0.000000E+00,2.364399E+01,3.014842E+05,6.441019E+05,2.212259E+00,5.224067E+04,1.851790E+00,0.000000E+00,0.000000E+00,1.851790E+00,0.000000E+00,2.360155E+00,3.009430E+04,6.429455E+04
01:30:00,1.851790E+00,4.372850E+04,6.984901E+00,0.000000E+00,0.000000E+00,1.851790E+00,0.000000E+00,2.677074E+01,3.400262E+05,7.279119E+05,1.851790E+00,4.372850E+04,1.851790E+00,0.000000E+00,0.000000E+00,1.851790E+00,0.000000E+00,2.563560E+00,3.256083E+04,6.970468E+04,1.861760E+01,4.396394E+05,1.851790E+01,0.000000E+00,0.000000E+00,1.851790E+01,0.000000E+00,2.365254E+01,3.004206E+05,6.431263E+05,2.226652E+00,5.258056E+04,1.851790E+00,0.000000E+00,0.000000E+00,1.851790E+00,0.000000E+00,2.360972E+00,2.998768E+04,6.419620E+04
01:40:00,1.851790E+00,4.372850E+04,6.984130E+00,0.000000E+00,0.000000E+00,1.851790E+00,0.000000E+00,2.677162E+01,3.387102E+05,7.265682E+05,1.851790E+00,4.372850E+04,1.851790E+00,0.000000E+00,0.000000E+00,1.851790E+00,0.000000E+00,2.564885E+00,3.245051E+04,6.960969E+04,1.869032E+01,4.413566E+05,1.851790E+01,0.000000E+00,0.000000E+00,1.851790E+01,0.000000E+00,2.365976E+01,2.993395E+05,6.421140E+05,2.240733E+00,5.291307E+04,1.851790E+00,0.000000E+00,0.000000E+00,1.851790E+00,0.000000E+00,2.361651E+00,2.987923E+04,6.409402E+04
01:50:00,1.851790E+00,4.372850E+04,6.983352E+00,0.000000E+00,0.000000E+00,1.851790E+00,0.000000E+00,2.677249E+01,3.373941E+05,7.252241E+05,1.851790E+00,4.372850E+04,1.851790E+00,0.000000E+00,0.000000E+00,1.851790E+00,0.000000E+00,2.566049E+00,3.233803E+04,6.951017E+04,1.878137E+01,4.435066E+05,1.851790E+01,0.000000E+00,0.000000E+00,1.851790E+01,0.000000E+00,2.366588E+01,2.982437E+05,6.410709E+05,2.254990E+00,5.324973E+04,1.851790E+00,0.000000E+00,0.000000E+00,1.851790E+00,0.000000E+00,2.362213E+00,2.976923E+04,6.398858E+04
02:00:00,1.851790E+00,4.372850E+04,6.982569E+00,0.000000E+00,0.000000E+00,1.851790E+00,0.000000E+00,2.677336E+01,3.360778E+05,7.238799E+05,1.851790E+00,4.372850E+04,1.851790E+00,0.000000E+00,0.000000E+00,1.851790E+00,0.000000E+00,2.567087E+00,3.222386E+04,6.940716E+04,1.887508E+01,4.457196E+05,1.851790E+01,0.000000E+00,0.000000E+00,1.851790E+01,0.000000E+00,2.367107E+01,2.971357E+05,6.400023E+05,2.269095E+00,5.358281E+04,1.851790E+00,0.000000E+00,0.000000E+00,1.851790E+00,0.000000E+00,2.362675E+00,2.965793E+04,6.388039E+04
02:10:00,1.851790E+00,4.372850E+04,6.981782E+00,0.000000E+00,0.000000E+00,1.851790E+00,0.000000E+00,2.677422E+01,3.350932E+05,7.228772E+05,1.851790E+00,4.372850E+04,1.851790E+00,0.000000E+00,0.000000E+00,1.851790E+00,0.000000E+00,2.567995E+00,3.213978E+04,6.933329E+04,1.897644E+01,4.481130E+05,1.851790E+01,0.000000E+00,0.000000E+00,1.851790E+01,0.000000E+00,2.367532E+01,2.963088E+05,6.392100E+05,2.283070E+00,5.391282E+04,1.851790E+00,0.000000E+00,0.000000E+00,1.851790E+00,0.000000E+00,2.363034E+00,2.957458E+04,6.379955E+04
02:20:00,1.851790E+00,4.372850E+04,6.980991E+00,0.000000E+00,0.000000E+00,1.851790E+00,0.000000E+00,2.677508E+01,3.341084E+05,7.218744E+05,1.851790E+00,4.372850E+04,1.851790E+00,0.000000E+00,0.000000E+00,1.851790E+00,0.000000E+00,2.568796E+00,3.205430E+04,6.925649E+04,1.907141E+01,4.503556E+05,1.851790E+01,0.000000E+00,0.000000E+00,1.851790E+01,0.000000E+00,2.367876E+01,2.954715E+05,6.383954E+05,2.296833E+00,5.423782E+04,1.851790E+00,0.000000E+00,0.000000E+00,1.851790E+00,0.000000E+00,2.363302E+00,2.949007E+04,6.371623E+04
02:30:00,1.851790E+00,4.372850E+04,6.980198E+00,0.000000E+00,0.000000E+00,1.851790E+00,0.000000E+00,2.677594E+01,3.331235E+05,7.208718E+05,1.851790E+00,4.372850E+04,1.851790E+00,0.000000E+00,0.000000E+00,1.851790E+00,0.000000E+00,2.570136E+00,3.197546E+04,6.919417E+04,1.916045E+01,4.524581E+05,1.851790E+01,0.000000E+00,0.000000E+00,1.851790E+01,0.000000E+00,2.368149E+01,2.946251E+05,6.375620E+05,2.310323E+00,5.455637E+04,1.851790E+00,0.000000E+00,0.000000E+00,1.851790E+00,0.000000E+00,2.363491E+00,2.940456E+04,6.363079E+04
02:40:00,1.851790E+00,4.372850E+04,6.979403E+00,0.000000E+00,0.000000E+00,1.851790E+00,0.000000E+00,2.677678E+01,3.321385E+05,7.198685E+05,1.851790E+00,4.372850E+04,1.851790E+00,0.000000E+00,0.000000E+00,1.851790E+00,0.000000E+00,2.571625E+00,3.189837E+04,6.913571E+04,1.924394E+01,4.544299E+05,1.851790E+01,0.000000E+00,0.000000E+00,1.851790E+01,0.000000E+00,2.368363E+01,2.937711E+05,6.367120E+05,2.323542E+00,5.486853E+04,1.851790E+00,0.000000E+00,0.000000E+00,1.851790E+00,0.000000E+00,2.363612E+00,2.931818E+04,6.354347E+04
02:50:00,1.851790E+00,4.372850E+04,6.978606E+00,0.000000E+00,0.000000E+00,1.851790E+00,0.000000E+00,2.677763E+01,3.311534E+05,7.188651E+05,1.851790E+00,4.372850E+04,1.851790E+00,0.000000E+00,0.000000E+00,1.851790E+00,0.000000E+00,2.577815E+00,3.187931E+04,6.920335E+04,1.932195E+01,4.562719E+05,1.851790E+01,0.000000E+00,0.000000E+00,1.851790E+01,0.000000E+00,2.368526E+01,2.929108E+05,6.358483E+05,2.336479E+00,5.517402E+04,1.851790E+00,0.000000E+00,0.000000E+00,1.851790E+00,0.000000E+00,2.363677E+00,2.923111E+04,6.345466E+04
03:00:00,1.851790E+00,4.372850E+04,6.977808E+00,0.000000E+00,0.000000E+00,1.851790E+00,0.000000E+00,2.677847E+01,3.301682E+05,7.178615E+05,1.851790E+00,4.372850E+04,1.851790E+00,0.000000E+00,0.000000E+00,1.851790E+00,0.000000E+00,2.592541E+00,3.196503E+04,6.949931E+04,1.939468E+01,4.579893E+05,1.851790E+01,0.000000E+00,0.000000E+00,1.851790E+01,0.000000E+00,2.368647E+01,2.920450E+05,6.349729E+05,2.349122E+00,5.547258E+04,1.851790E+00,0.000000E+00,0.000000E+00,1.851790E+00,0.000000E+00,2.363693E+00,2.914343E+04,6.336450E+04
03:10:00,1.851790E+00,4.372850E+04,6.977009E+00,0.000000E+00,0.000000E+00,1.851790E+00,0.000000E+00,2.677930E+01,3.291828E+05,7.168577E+05,1.851790E+00,4.372850E+04,1.851790E+00,0.000000E+00,0.000000E+00,1.851790E+00,0.000000E+00,2.606964E+00,3.204593E+04,6.978606E+04,1.946251E+01,4.595910E+05,1.851790E+01,0.000000E+00,0.000000E+00,1.851790E+01,0.000000E+00,2.368717E+01,2.911730E+05,6.340841E+05,2.361461E+00,5.576395E+04,1.851790E+00,0.000000E+00,0.000000E+00,1.851790E+00,0.000000E+00,2.363648E+00,2.905499E+04,6.327271E+04
03:20:00,1.851790E+00,4.372850E+04,6.976211E+00,0.000000E+00,0.000000E+00,1.851790E+00,0.000000E+00,2.678013E+01,3.281974E+05,7.158537E+05,1.851790E+00,4.372850E+04,1.851790E+00,0.000000E+00,0.000000E+00,1.851790E+00,0.000000E+00,2.621104E+00,3.212230E+04,7.006414E+04,1.952598E+01,4.610900E+05,1.851790E+01,0.000000E+00,0.000000E+00,1.851790E+01,0.000000E+00,2.368744E+01,2.902956E+05,6.331836E+05,2.373483E+00,5.604785E+04,1.851790E+00,0.000000E+00,0.000000E+00,1.851790E+00,0.000000E+00,2.363552E+00,2.896593E+04,6.317957E+04
03:30:00,1.851790E+00,4.372850E+04,6.975412E+00,0.000000E+00,0.000000E+00,1.851790E+00,0.000000E+00,2.678096E+01,3.272118E+05,7.148500E+05,1.851790E+00,4.372850E+04,1.851790E+00,0.000000E+00,0.000000E+00,1.851790E+00,0.000000E+00,2.635053E+00,3.219528E+04,7.033608E+04,1.958529E+01,4.624904E+05,1.851790E+01,0.000000E+00,0.000000E+00,1.851790E+01,0.000000E+00,2.368732E+01,2.894134E+05,6.322730E+05,2.385237E+00,5.632542E+04,1.851790E+00,0.000000E+00,0.000000E+00,1.851790E+00,0.000000E+00,2.363410E+00,2.887632E+04,6.308525E+04
03:40:00,1.851790E+00,4.372850E+04,6.974613E+00,0.000000E+00,0.000000E+00,1.851790E+00,0.000000E+00,2.678178E+01,3.262261E+05,7.138457E+05,1.851790E+00,4.372850E+04,1.851790E+00,0.000000E+00,0.000000E+00,1.851790E+00,0.000000E+00,2.648790E+00,3.226463E+04,7.060124E+04,1.964045E+01,4.637930E+05,1.851790E+01,0.000000E+00,0.000000E+00,1.851790E+01,0.000000E+00,2.368687E+01,2.885273E+05,6.313534E+05,2.396751E+00,5.659730E+04,1.851790E+00,0.000000E+00,0.000000E+00,1.851790E+00,0.000000E+00,2.363225E+00,2.878620E+04,6.298975E+04
03:50:00,1.851790E+00,4.372850E+04,6.973815E+00,0.000000E+00,0.000000E+00,1.851790E+00,0.000000E+00,2.678260E+01,3.252403E+05,7.128412E+05,1.851790E+00,4.372850E+04,1.851790E+00,0.000000E+00,0.000000E+00,1.851790E+00,0.000000E+00,2.662296E+00,3.233017E+04,7.085922E+04,1.969249E+01,4.650219E+05,1.851790E+01,0.000000E+00,0.000000E+00,1.851790E+01,0.000000E+00,2.368610E+01,2.876372E+05,6.304251E+05,2.408046E+00,5.686402E+04,1.851790E+00,0.000000E+00,0.000000E+00,1.851790E+00,0.000000E+00,2.362998E+00,2.869558E+04,6.289316E+04
04:00:00,1.851790E+00,4.372850E+04,6.973017E+00,0.000000E+00,0.000000E+00,1.851790E+00,0.000000E+00,2.678342E+01,3.242544E+05,7.118365E+05,1.851790E+00,4.372850E+04,1.851790E+00,0.000000E+00,0.000000E+00,1.851790E+00,0.000000E+00,2.675575E+00,3.239195E+04,7.111013E+04,1.974209E+01,4.661932E+05,1.851790E+01,0.000000E+00,0.000000E+00,1.851790E+01,0.000000E+00,2.368500E+01,2.867433E+05,6.294884E+05,2.419145E+00,5.712611E+04,1.851790E+00,0.000000E+00,0.000000E+00,1.851790E+00,0.000000E+00,2.362734E+00,2.860453E+04,6.279560E+04
04:10:00,1.851790E+00,4.372850E+04,6.972221E+00,0.000000E+00,0.000000E+00,1.851790E+00,0.000000E+00,2.678423E+01,3.236003E+05,7.111737E+05,1.851790E+00,4.372850E+04,1.851790E+00,0.000000E+00,0.000000E+00,1.851790E+00,0.000000E+00,2.688680E+00,3.248395E+04,7.138971E+04,1.979064E+01,4.673396E+05,1.851790E+01,0.000000E+00,0.000000E+00,1.851790E+01,0.000000E+00,2.368378E+01,2.861416E+05,6.288509E+05,2.430072E+00,5.738416E+04,1.851790E+00,0.000000E+00,0.000000E+00,1.851790E+00,0.000000E+00,2.362458E+00,2.854263E+04,6.272790E+04
04:20:00,1.851790E+00,4.372850E+04,6.971425E+00,0.000000E+00,0.000000E+00,1.851790E+00,0.000000E+00,2.678503E+01,3.229462E+05,7.105111E+05,1.851790E+00,4.372850E+04,1.851790E+00,0.000000E+00,0.000000E+00,1.851790E+00,0.000000E+00,2.701617E+00,3.257330E+04,7.166424E+04,1.983813E+01,4.684612E+05,1.851790E+01,0.000000E+00,0.000000E+00,1.851790E+01,0.000000E+00,2.368249E+01,2.855389E+05,6.282117E+05,2.440859E+00,5.763888E+04,1.851790E+00,0.000000E+00,0.000000E+00,1.851790E+00,0.000000E+00,2.362168E+00,2.848057E+04,6.265986E+04
04:30:00,1.851790E+00,4.372850E+04,6.970630E+00,0.000000E+00,0.000000E+00,1.851790E+00,0.000000E+00,2.678584E+01,3.222919E+05,7.098480E+05,1.851790E+00,4.372850E+04,1.851790E+00,0.000000E+00,0.000000E+00,1.851790E+00,0.000000E+00,2.714393E+00,3.266006E+04,7.193379E+04,1.988525E+01,4.695739E+05,1.851790E+01,0.000000E+00,0.000000E+00,1.851790E+01,0.000000E+00,2.368114E+01,2.849356E+05,6.275708E+05,2.451475E+00,5.788957E+04,1.851790E+00,0.000000E+00,0.000000E+00,1.851790E+00,0.000000E+00,2.361868E+00,2.841841E+04,6.259155E+04
04:40:00,1.851790E+00,4.372850E+04,6.969835E+00,0.000000E+00,0.000000E+00,1.851790E+00,0.000000E+00,2.678663E+01,3.216375E+05,7.091850E+05,1.851790E+00,4.372850E+04,1.851790E+00,0.000000E+00,0.000000E+00,1.851790E+00,0.000000E+00,2.727014E+00,3.274432E+04,7.219860E+04,1.993275E+01,4.706956E+05,1.851790E+01,0.000000E+00,0.000000E+00,1.851790E+01,0.000000E+00,2.367972E+01,2.843316E+05,6.269284E+05,2.461913E+00,5.813604E+04,1.851790E+00,0.000000E+00,0.000000E+00,1.851790E+00,0.000000E+00,2.361561E+00,2.835619E+04,6.252313E+04
04:50:00,1.851790E+00,4.372850E+04,6.969041E+00,0.000000E+00,0.000000E+00,1.851790E+00,0.000000E+00,2.678742E+01,3.209831E+05,7.085216E+05,1.851790E+00,4.372850E+04,1.851790E+00,0.000000E+00,0.000000E+00,1.851790E+00,0.000000E+00,2.740763E+00,3.284148E+04,7.249259E+04,1.998086E+01,4.718315E+05,1.851790E+01,0.000000E+00,0.000000E+00,1.851790E+01,0.000000E+00,2.368083E+01,2.837580E+05,6.263529E+05,2.472169E+00,5.837823E+04,1.851790E+00,0.000000E+00,0.000000E+00,1.851790E+00,0.000000E+00,2.361505E+00,2.829698E+04,6.246130E+04
05:00:00,1.851790E+00,4.372850E+04,6.968247E+00,0.000000E+00,0.000000E+00,1.851790E+00,0.000000E+00,2.678821E+01,3.203286E+05,7.078584E+05,1.851790E+00,4.372850E+04,1.851790E+00,0.000000E+00,0.000000E+00,1.851790E+00,0.000000E+00,2.757072E+00,3.296857E+04,7.285356E+04,2.002962E+01,4.729831E+05,1.851790E+01,0.000000E+00,0.000000E+00,1.851790E+01,0.000000E+00,2.368587E+01,2.832313E+05,6.258812E+05,2.482244E+00,5.861615E+04,1.851790E+00,0.000000E+00,0.000000E+00,1.851790E+00,0.000000E+00,2.361838E+00,2.824242E+04,6.240978E+04
05:10:00,1.851790E+00,4.372850E+04,6.967938E+00,0.000000E+00,0.000000E+00,1.851790E+00,0.000000E+00,2.678834E+01,3.209940E+05,7.085457E+05,1.851790E+00,4.372850E+04,1.851790E+00,0.000000E+00,0.000000E+00,1.851790E+00,0.000000E+00,3.299659E+00,3.953850E+04,8.727526E+04,2.189745E+01,5.170902E+05,1.851790E+01,0.000000E+00,0.000000E+00,1.851790E+01,0.000000E+00,2.837312E+01,3.399839E+05,7.504630E+05,2.722733E+00,6.429511E+04,1.851790E+00,0.000000E+00,0.000000E+00,1.851790E+00,0.000000E+00,2.782839E+00,3.334566E+04,7.360549E+04
05:20:00,1.851790E+00,4.372850E+04,6.966970E+00,0.000000E+00,0.000000E+00,1.851790E+00,0.000000E+00,2.678867E+01,3.216620E+05,7.092389E+05,1.851790E+00,4.372850E+04,1.851790E+00,0.000000E+00,0.000000E+00,1.851790E+00,0.000000E+00,3.448812E+00,4.141123E+04,9.130845E+04,2.228144E+01,5.261579E+05,1.851790E+01,0.000000E+00,0.000000E+00,1.851790E+01,0.000000E+00,2.966302E+01,3.561755E+05,7.853385E+05,2.808691E+00,6.632493E+04,1.851790E+00,0.000000E+00,0.000000E+00,1.851790E+00,0.000000E+00,2.905866E+00,3.489187E+04,7.693378E+04
05:30:00,1.851790E+00,4.372850E+04,6.966335E+00,0.000000E+00,0.000000E+00,1.851790E+00,0.000000E+00,2.678890E+01,3.223288E+05,7.099293E+05,1.851790E+00,4.372850E+04,1.851790E+00,0.000000E+00,0.000000E+00,1.851790E+00,0.000000E+00,3.907740E+00,4.701862E+04,1.035585E+05,2.391327E+01,5.646921E+05,1.851790E+01,0.000000E+00,0.000000E+00,1.851790E+01,0.000000E+00,3.419871E+01,4.114850E+05,9.062958E+05,3.001819E+00,7.088549E+04,1.851790E+00,0.000000E+00,0.000000E+00,1.851790E+00,0.000000E+00,3.357695E+00,4.040038E+04,8.898184E+04
05:40:00,1.851790E+00,4.372850E+04,6.965584E+00,0.000000E+00,0.000000E+00,1.851790E+00,0.000000E+00,2.678905E+01,3.229946E+05,7.106178E+05,1.851790E+00,4.372850E+04,1.851790E+00,0.000000E+00,0.000000E+00,1.851790E+00,0.000000E+00,4.301714E+00,5.186560E+04,1.141091E+05,2.517286E+01,5.944364E+05,1.851790E+01,0.000000E+00,0.000000E+00,1.851790E+01,0.000000E+00,3.802568E+01,4.584742E+05,1.008685E+06,3.159585E+00,7.461099E+04,1.851790E+00,0.000000E+00,0.000000E+00,1.851790E+00,0.000000E+00,3.737460E+00,4.506242E+04,9.914146E+04
05:50:00,1.851790E+00,4.372850E+04,6.964857E+00,0.000000E+00,0.000000E+00,1.851790E+00,0.000000E+00,2.678909E+01,3.236591E+05,7.113028E+05,1.863606E+00,4.400751E+04,1.851790E+00,0.000000E+00,0.000000E+00,1.851790E+00,0.000000E+00,4.697384E+00,5.675262E+04,1.247248E+05,2.639942E+01,6.234007E+05,1.851790E+01,0.000000E+00,0.000000E+00,1.851790E+01,0.000000E+00,4.186814E+01,5.058404E+05,1.111681E+06,3.311303E+00,7.819371E+04,1.851790E+00,0.000000E+00,0.000000E+00,1.851790E+00,0.000000E+00,4.119716E+00,4.977338E+04,1.093865E+05
06:00:00,1.851790E+00,4.372850E+04,6.964166E+00,0.000000E+00,0.000000E+00,1.851790E+00,0.000000E+00,2.690318E+01,3.257043E+05,7.150196E+05,1.912893E+00,4.517139E+04,1.851790E+00,0.000000E+00,0.000000E+00,1.851790E+00,0.000000E+00,5.099090E+00,6.173232E+04,1.355211E+05,2.759742E+01,6.516905E+05,1.851790E+01,0.000000E+00,0.000000E+00,1.851790E+01,0.000000E+00,4.575597E+01,5.539463E+05,1.216080E+06,3.458419E+00,8.166773E+04,1.851790E+00,0.000000E+00,0.000000E+00,1.851790E+00,0.000000E+00,4.507365E+00,5.456857E+04,1.197945E+05
06:10:00,1.851790E+00,4.372850E+04,6.963514E+00,0.000000E+00,0.000000E+00,1.851790E+00,0.000000E+00,2.724365E+01,3.321897E+05,7.265042E+05,2.002670E+00,4.729140E+04,1.851790E+00,0.000000E+00,0.000000E+00,1.851790E+00,0.000000E+00,5.545467E+00,6.761748E+04,1.478805E+05,2.956433E+01,6.981373E+05,1.851790E+01,0.000000E+00,0.000000E+00,1.851790E+01,0.000000E+00,5.020053E+01,6.121096E+05,1.338694E+06,3.665439E+00,8.655632E+04,1.851790E+00,0.000000E+00,0.000000E+00,1.851790E+00,0.000000E+00,4.956740E+00,6.043896E+04,1.321810E+05
06:20:00,1.851790E+00,4.372850E+04,6.962910E+00,0.000000E+00,0.000000E+00,1.851790E+00,0.000000E+00,2.767888E+01,3.398978E+05,7.405852E+05,2.106661E+00,4.974706E+04,1.851790E+00,0.000000E+00,0.000000E+00,1.851790E+00,0.000000E+00,6.097326E+00,7.487542E+04,1.631421E+05,3.131376E+01,7.394486E+05,1.851790E+01,0.000000E+00,0.000000E+00,1.851790E+01,0.000000E+00,5.568751E+01,6.838449E+05,1.489993E+06,3.852339E+00,9.096981E+04,1.851790E+00,0.000000E+00,0.000000E+00,1.851790E+00,0.000000E+00,5.511238E+00,6.767824E+04,1.474605E+05
06:30:00,1.851790E+00,4.372850E+04,6.962357E+00,0.000000E+00,0.000000E+00,1.851790E+00,0.000000E+00,2.796058E+01,3.457828E+05,7.506224E+05,2.219490E+00,5.241142E+04,1.851790E+00,0.000000E+00,0.000000E+00,1.851790E+00,0.000000E+00,6.560297E+00,8.112984E+04,1.761160E+05,3.291920E+01,7.773599E+05,1.851790E+01,0.000000E+00,0.000000E+00,1.851790E+01,0.000000E+00,6.014952E+01,7.438568E+05,1.614758E+06,4.032098E+00,9.521467E+04,1.851790E+00,0.000000E+00,0.000000E+00,1.851790E+00,0.000000E+00,5.962013E+00,7.373099E+04,1.600546E+05
06:40:00,1.851790E+00,4.372850E+04,6.961874E+00,0.000000E+00,0.000000E+00,1.851790E+00,0.000000E+00,2.829083E+01,3.523211E+05,7.620174E+05,2.346249E+00,5.540474E+04,1.851790E+00,0.000000E+00,0.000000E+00,1.851790E+00,0.000000E+00,7.037989E+00,8.764793E+04,1.895692E+05,3.449904E+01,8.146665E+05,1.851790E+01,0.000000E+00,0.000000E+00,1.851790E+01,0.000000E+00,6.480563E+01,8.070600E+05,1.745549E+06,4.340006E+00,1.024857E+05,1.851790E+00,0.000000E+00,0.000000E+00,1.851790E+00,0.000000E+00,6.436577E+00,8.015821E+04,1.733701E+05
06:50:00,1.851790E+00,4.372850E+04,6.961469E+00,0.000000E+00,0.000000E+00,1.851790E+00,0.000000E+00,2.861258E+01,3.588104E+05,7.732422E+05,2.469138E+00,5.830667E+04,1.851790E+00,0.000000E+00,0.000000E+00,1.851790E+00,0.000000E+00,7.510436E+00,9.418312E+04,2.029662E+05,3.602510E+01,8.507030E+05,1.851790E+01,0.000000E+00,0.000000E+00,1.851790E+01,0.000000E+00,6.939904E+01,8.702848E+05,1.875478E+06,4.750925E+00,1.121892E+05,1.851790E+00,0.000000E+00,0.000000E+00,1.851790E+00,0.000000E+00,6.907735E+00,8.662507E+04,1.866784E+05
07:00:00,1.851790E+00,4.372850E+04,6.961151E+00,0.000000E+00,0.000000E+00,1.851790E+00,0.000000E+00,2.893288E+01,3.653371E+05,7.844850E+05,2.589281E+00,6.114374E+04,1.851790E+00,0.000000E+00,0.000000E+00,1.851790E+00,0.000000E+00,7.973383E+00,1.006803E+05,2.161900E+05,3.751429E+01,8.858692E+05,1.851790E+01,0.000000E+00,0.000000E+00,1.851790E+01,0.000000E+00,7.389888E+01,9.331251E+05,2.003691E+06,5.144297E+00,1.214783E+05,1.851790E+00,0.000000E+00,0.000000E+00,1.851790E+00,0.000000E+00,7.372920E+00,9.309825E+04,1.999090E+05
07:10:00,1.851790E+00,4.372850E+04,6.960896E+00,0.000000E+00,0.000000E+00,1.851790E+00,0.000000E+00,2.936263E+01,3.769497E+05,8.025123E+05,2.670981E+00,6.307301E+04,1.851790E+00,0.000000E+00,0.000000E+00,1.851790E+00,0.000000E+00,8.622523E+00,1.106937E+05,2.356629E+05,3.859877E+01,9.114781E+05,1.851790E+01,0.000000E+00,0.000000E+00,1.851790E+01,0.000000E+00,8.021165E+01,1.029736E+06,2.192271E+06,5.411400E+00,1.277858E+05,1.851790E+00,0.000000E+00,0.000000E+00,1.851790E+00,0.000000E+00,8.025928E+00,1.030348E+05,2.193573E+05
07:20:00,1.851790E+00,4.372850E+04,6.960773E+00,0.000000E+00,0.000000E+00,1.851790E+00,0.000000E+00,2.968816E+01,3.873836E+05,8.178558E+05,2.810604E+00,6.637010E+04,1.851790E+00,0.000000E+00,0.000000E+00,1.851790E+00,0.000000E+00,9.101865E+00,1.187650E+05,2.507402E+05,4.003306E+01,9.453477E+05,1.851790E+01,0.000000E+00,0.000000E+00,1.851790E+01,0.000000E+00,8.482659E+01,1.106853E+06,2.336822E+06,5.865820E+00,1.385165E+05,1.851790E+00,0.000000E+00,0.000000E+00,1.851790E+00,0.000000E+00,8.513362E+00,1.110860E+05,2.345280E+05
07:30:00,1.851790E+00,4.372850E+04,6.960718E+00,0.000000E+00,0.000000E+00,1.851790E+00,0.000000E+00,3.008490E+01,3.988989E+05,8.353179E+05,2.895803E+00,6.838201E+04,1.851790E+00,0.000000E+00,0.000000E+00,1.851790E+00,0.000000E+00,9.668044E+00,1.281897E+05,2.684367E+05,4.109197E+01,9.703531E+05,1.851790E+01,0.000000E+00,0.000000E+00,1.851790E+01,0.000000E+00,9.032431E+01,1.197620E+06,2.507887E+06,6.108515E+00,1.442476E+05,1.851790E+00,0.000000E+00,0.000000E+00,1.851790E+00,0.000000E+00,9.091526E+00,1.205455E+05,2.524295E+05
07:40:00,1.851790E+00,4.372850E+04,6.960758E+00,0.000000E+00,0.000000E+00,1.851790E+00,0.000000E+00,3.046032E+01,4.102942E+05,8.523557E+05,2.995129E+00,7.072750E+04,1.851790E+00,0.000000E+00,0.000000E+00,1.851790E+00,0.000000E+00,1.019594E+01,1.373372E+05,2.853078E+05,4.222351E+01,9.970735E+05,1.851790E+01,0.000000E+00,0.000000E+00,1.851790E+01,0.000000E+00,9.543226E+01,1.285453E+06,2.670433E+06,6.405742E+00,1.512663E+05,1.851790E+00,0.000000E+00,0.000000E+00,1.851790E+00,0.000000E+00,9.633332E+00,1.297590E+05,2.695647E+05
07:50:00,1.851790E+00,4.372850E+04,6.960880E+00,0.000000E+00,0.000000E+00,1.851790E+00,0.000000E+00,3.082873E+01,4.217518E+05,8.693585E+05,3.092352E+00,7.302336E+04,1.851790E+00,0.000000E+00,0.000000E+00,1.851790E+00,0.000000E+00,1.071087E+01,1.465298E+05,3.020424E+05,4.333748E+01,1.023379E+06,1.851790E+01,0.000000E+00,0.000000E+00,1.851790E+01,0.000000E+00,1.003990E+02,1.373506E+06,2.831213E+06,6.691024E+00,1.580030E+05,1.851790E+00,0.000000E+00,0.000000E+00,1.851790E+00,0.000000E+00,1.016311E+01,1.390362E+05,2.865958E+05
08:00:00,1.851790E+00,4.372850E+04,6.961082E+00,0.000000E+00,0.000000E+00,1.851790E+00,0.000000E+00,3.119218E+01,4.332957E+05,8.863806E+05,3.188572E+00,7.529551E+04,1.851790E+00,0.000000E+00,0.000000E+00,1.851790E+00,0.000000E+00,1.121667E+01,1.558126E+05,3.187415E+05,4.595117E+01,1.085099E+06,1.851790E+01,0.000000E+00,0.000000E+00,1.851790E+01,0.000000E+00,1.052594E+02,1.462176E+06,2.991131E+06,6.969448E+00,1.645778E+05,1.851790E+00,0.000000E+00,0.000000E+00,1.851790E+00,0.000000E+00,1.068427E+01,1.484169E+05,3.036122E+05
08:10:00,1.851790E+00,4.372850E+04,6.960908E+00,0.000000E+00,0.000000E+00,1.851790E+00,0.000000E+00,3.103547E+01,4.384268E+05,8.894591E+05,3.093395E+00,7.304799E+04,1.851790E+00,0.000000E+00,0.000000E+00,1.851790E+00,0.000000E+00,1.094810E+01,1.546599E+05,3.137665E+05,4.327617E+01,1.021931E+06,1.851790E+01,0.000000E+00,0.000000E+00,1.851790E+01,0.000000E+00,1.024953E+02,1.447913E+06,2.937457E+06,6.586603E+00,1.555372E+05,1.851790E+00,0.000000E+00,0.000000E+00,1.851790E+00,0.000000E+00,1.044218E+01,1.475129E+05,2.992670E+05
08:20:00,1.851790E+00,4.372850E+04,6.961426E+00,0.000000E+00,0.000000E+00,1.851790E+00,0.000000E+00,3.118201E+01,4.478394E+05,9.012268E+05,3.127460E+00,7.385239E+04,1.851790E+00,0.000000E+00,0.000000E+00,1.851790E+00,0.000000E+00,1.114656E+01,1.600881E+05,3.221594E+05,4.480988E+01,1.058148E+06,1.851790E+01,0.000000E+00,0.000000E+00,1.851790E+01,0.000000E+00,1.043876E+02,1.499227E+06,3.017026E+06,6.675223E+00,1.576299E+05,1.851790E+00,0.000000E+00,0.000000E+00,1.851790E+00,0.000000E+00,1.066598E+01,1.531859E+05,3.082696E+05
08:30:00,1.851790E+00,4.372850E+04,6.961708E+00,0.000000E+00,0.000000E+00,1.851790E+00,0.000000E+00,3.109187E+01,4.538661E+05,9.061668E+05,3.077747E+00,7.267847E+04,1.851790E+00,0.000000E+00,0.000000E+00,1.851790E+00,0.000000E+00,1.103431E+01,1.610742E+05,3.215929E+05,4.302485E+01,1.015996E+06,1.851790E+01,0.000000E+00,0.000000E+00,1.851790E+01,0.000000E+00,1.031195E+02,1.505295E+06,3.005399E+06,6.461358E+00,1.525797E+05,1.851790E+00,0.000000E+00,0.000000E+00,1.851790E+00,0.000000E+00,1.057558E+01,1.543778E+05,3.082232E+05
08:40:00,1.851790E+00,4.372850E+04,6.962162E+00,0.000000E+00,0.000000E+00,1.851790E+00,0.000000E+00,3.105593E+01,4.606543E+05,9.126562E+05,3.054740E+00,7.213517E+04,1.851790E+00,0.000000E+00,0.000000E+00,1.851790E+00,0.000000E+00,1.100840E+01,1.632882E+05,3.235094E+05,4.239745E+01,1.001181E+06,1.851790E+01,0.000000E+00,0.000000E+00,1.851790E+01,0.000000E+00,1.027105E+02,1.523510E+06,3.018405E+06,6.343117E+00,1.497875E+05,1.851790E+00,0.000000E+00,0.000000E+00,1.851790E+00,0.000000E+00,1.057288E+01,1.568280E+05,3.107104E+05
08:50:00,1.851790E+00,4.372850E+04,6.962649E+00,0.000000E+00,0.000000E+00,1.851790E+00,0.000000E+00,3.102522E+01,4.675043E+05,9.192828E+05,3.036117E+00,7.169541E+04,1.851790E+00,0.000000E+00,0.000000E+00,1.851790E+00,0.000000E+00,1.099566E+01,1.656883E+05,3.258033E+05,4.204476E+01,9.928525E+05,1.851790E+01,0.000000E+00,0.000000E+00,1.851790E+01,0.000000E+00,1.024355E+02,1.543552E+06,3.035182E+06,6.239200E+00,1.473336E+05,1.851790E+00,0.000000E+00,0.000000E+00,1.851790E+00,0.000000E+00,1.058560E+01,1.595093E+05,3.136531E+05
09:00:00,1.851790E+00,4.372850E+04,6.963154E+00,0.000000E+00,0.000000E+00,1.851790E+00,0.000000E+00,3.099668E+01,4.743731E+05,9.259601E+05,3.020272E+00,7.132123E+04,1.851790E+00,0.000000E+00,0.000000E+00,1.851790E+00,0.000000E+00,1.098968E+01,1.681860E+05,3.282934E+05,4.175917E+01,9.861083E+05,1.851790E+01,0.000000E+00,0.000000E+00,1.851790E+01,0.000000E+00,1.022396E+02,1.564675E+06,3.054192E+06,6.146146E+00,1.451362E+05,1.851790E+00,0.000000E+00,0.000000E+00,1.851790E+00,0.000000E+00,1.060810E+01,1.623463E+05,3.168945E+05
09:10:00,1.851790E+00,4.372850E+04,6.963669E+00,0.000000E+00,0.000000E+00,1.851790E+00,0.000000E+00,3.096976E+01,4.804860E+05,9.318804E+05,3.006573E+00,7.099776E+04,1.851790E+00,0.000000E+00,0.000000E+00,1.851790E+00,0.000000E+00,1.098805E+01,1.704761E+05,3.306305E+05,4.150441E+01,9.800925E+05,1.851790E+01,0.000000E+00,0.000000E+00,1.851790E+01,0.000000E+00,1.020989E+02,1.584032E+06,3.072157E+06,6.062166E+00,1.431531E+05,1.851790E+00,0.000000E+00,0.000000E+00,1.851790E+00,0.000000E+00,1.063780E+01,1.650420E+05,3.200914E+05
09:20:00,1.851790E+00,4.372850E+04,6.964190E+00,0.000000E+00,0.000000E+00,1.851790E+00,0.000000E+00,3.094414E+01,4.866079E+05,9.378288E+05,2.994534E+00,7.071345E+04,1.851790E+00,0.000000E+00,0.000000E+00,1.851790E+00,0.000000E+00,1.098885E+01,1.728037E+05,3.330408E+05,4.127486E+01,9.746718E+05,1.851790E+01,0.000000E+00,0.000000E+00,1.851790E+01,0.000000E+00,1.019934E+02,1.603883E+06,3.091129E+06,5.985734E+00,1.413482E+05,1.851790E+00,0.000000E+00,0.000000E+00,1.851790E+00,0.000000E+00,1.067251E+01,1.678292E+05,3.234536E+05
09:30:00,1.851790E+00,4.372850E+04,6.964714E+00,0.000000E+00,0.000000E+00,1.851790E+00,0.000000E+00,3.091959E+01,4.927361E+05,9.437989E+05,2.983799E+00,7.045995E+04,1.851790E+00,0.000000E+00,0.000000E+00,1.851790E+00,0.000000E+00,1.099058E+01,1.751464E+05,3.354797E+05,4.106599E+01,9.697396E+05,1.851790E+01,0.000000E+00,0.000000E+00,1.851790E+01,0.000000E+00,1.019089E+02,1.624025E+06,3.110697E+06,5.915715E+00,1.396947E+05,1.851790E+00,0.000000E+00,0.000000E+00,1.851790E+00,0.000000E+00,1.071063E+01,1.706851E+05,3.269344E+05
09:40:00,1.851790E+00,4.372850E+04,6.965238E+00,0.000000E+00,0.000000E+00,1.851790E+00,0.000000E+00,3.089594E+01,4.988687E+05,9.497856E+05,2.974102E+00,7.023097E+04,1.851790E+00,0.000000E+00,0.000000E+00,1.851790E+00,0.000000E+00,1.099208E+01,1.774863E+05,3.379124E+05,4.087433E+01,9.652136E+05,1.851790E+01,0.000000E+00,0.000000E+00,1.851790E+01,0.000000E+00,1.018318E+02,1.644251E+06,3.130456E+06,5.851192E+00,1.381711E+05,1.851790E+00,0.000000E+00,0.000000E+00,1.851790E+00,0.000000E+00,1.075056E+01,1.735865E+05,3.304878E+05
09:50:00,1.851790E+00,4.372850E+04,6.965762E+00,0.000000E+00,0.000000E+00,1.851790E+00,0.000000E+00,3.087307E+01,5.050039E+05,9.557866E+05,2.965237E+00,7.002162E+04,1.851790E+00,0.000000E+00,0.000000E+00,1.851790E+00,0.000000E+00,1.099243E+01,1.798078E+05,3.403101E+05,4.069706E+01,9.610277E+05,1.851790E+01,0.000000E+00,0.000000E+00,1.851790E+01,0.000000E+00,1.017531E+02,1.664418E+06,3.150131E+06,5.791321E+00,1.367573E+05,1.851790E+00,0.000000E+00,0.000000E+00,1.851790E+00,0.000000E+00,1.079116E+01,1.765156E+05,3.340792E+05
10:00:00,1.851790E+00,4.372850E+04,6.966284E+00,0.000000E+00,0.000000E+00,1.851790E+00,0.000000E+00,3.085087E+01,5.111406E+05,9.617986E+05,2.957050E+00,6.982829E+04,1.851790E+00,0.000000E+00,0.000000E+00,1.851790E+00,0.000000E+00,1.099091E+01,1.820986E+05,3.426497E+05,4.053214E+01,9.571331E+05,1.851790E+01,0.000000E+00,0.000000E+00,1.851790E+01,0.000000E+00,1.016641E+02,1.684382E+06,3.169454E+06,5.735537E+00,1.354400E+05,1.851790E+00,0.000000E+00,0.000000E+00,1.851790E+00,0.000000E+00,1.083134E+01,1.794549E+05,3.376751E+05
10:10:00,1.851790E+00,4.372850E+04,6.966803E+00,0.000000E+00,0.000000E+00,1.851790E+00,0.000000E+00,3.082926E+01,5.165136E+05,9.670315E+05,2.949423E+00,6.964820E+04,1.851790E+00,0.000000E+00,0.000000E+00,1.851790E+00,0.000000E+00,1.098692E+01,1.840749E+05,3.446303E+05,4.037790E+01,9.534909E+05,1.851790E+01,0.000000E+00,0.000000E+00,1.851790E+01,0.000000E+00,1.015579E+02,1.701502E+06,3.185600E+06,5.683370E+00,1.342081E+05,1.851790E+00,0.000000E+00,0.000000E+00,1.851790E+00,0.000000E+00,1.087016E+01,1.821187E+05,3.409678E+05
10:20:00,1.851790E+00,4.372850E+04,6.967319E+00,0.000000E+00,0.000000E+00,1.851790E+00,0.000000E+00,3.080816E+01,5.218873E+05,9.722725E+05,2.942265E+00,6.947917E+04,1.851790E+00,0.000000E+00,0.000000E+00,1.851790E+00,0.000000E+00,1.097995E+01,1.859994E+05,3.465156E+05,4.023299E+01,9.500691E+05,1.851790E+01,0.000000E+00,0.000000E+00,1.851790E+01,0.000000E+00,1.014295E+02,1.718207E+06,3.201008E+06,5.634408E+00,1.330519E+05,1.851790E+00,0.000000E+00,0.000000E+00,1.851790E+00,0.000000E+00,1.090689E+01,1.847617E+05,3.442098E+05
10:30:00,1.851790E+00,4.372850E+04,6.967831E+00,0.000000E+00,0.000000E+00,1.851790E+00,0.000000E+00,3.078751E+01,5.272610E+05,9.775198E+05,2.935512E+00,6.931969E+04,1.851790E+00,0.000000E+00,0.000000E+00,1.851790E+00,0.000000E+00,1.096978E+01,1.878663E+05,3.482962E+05,4.009648E+01,9.468453E+05,1.851790E+01,0.000000E+00,0.000000E+00,1.851790E+01,0.000000E+00,1.012743E+02,1.734404E+06,3.215512E+06,5.588403E+00,1.319655E+05,1.851790E+00,0.000000E+00,0.000000E+00,1.851790E+00,0.000000E+00,1.094086E+01,1.873710E+05,3.473780E+05
10:40:00,1.851790E+00,4.372850E+04,6.968339E+00,0.000000E+00,0.000000E+00,1.851790E+00,0.000000E+00,3.076728E+01,5.326340E+05,9.827729E+05,2.929103E+00,6.916835E+04,1.851790E+00,0.000000E+00,0.000000E+00,1.851790E+00,0.000000E+00,1.095619E+01,1.896702E+05,3.499640E+05,3.996738E+01,9.437967E+05,1.851790E+01,0.000000E+00,0.000000E+00,1.851790E+01,0.000000E+00,1.010903E+02,1.750045E+06,3.229040E+06,5.545025E+00,1.309412E+05,1.851790E+00,0.000000E+00,0.000000E+00,1.851790E+00,0.000000E+00,1.097166E+01,1.899381E+05,3.504582E+05
10:50:00,1.851790E+00,4.372850E+04,6.968843E+00,0.000000E+00,0.000000E+00,1.851790E+00,0.000000E+00,3.074741E+01,5.380060E+05,9.880294E+05,2.922987E+00,6.902392E+04,1.851790E+00,0.000000E+00,0.000000E+00,1.851790E+00,0.000000E+00,1.093914E+01,1.914087E+05,3.515154E+05,3.984488E+01,9.409040E+05,1.851790E+01,0.000000E+00,0.000000E+00,1.851790E+01,0.000000E+00,1.008760E+02,1.765088E+06,3.241523E+06,5.503986E+00,1.299721E+05,1.851790E+00,0.000000E+00,0.000000E+00,1.851790E+00,0.000000E+00,1.099887E+01,1.924538E+05,3.534347E+05
11:00:00,1.851790E+00,4.372850E+04,6.969341E+00,0.000000E+00,0.000000E+00,1.851790E+00,0.000000E+00,3.072788E+01,5.433765E+05,9.932893E+05,2.917126E+00,6.888554E+04,1.851790E+00,0.000000E+00,0.000000E+00,1.851790E+00,0.000000E+00,1.091876E+01,1.930819E+05,3.529526E+05,3.972833E+01,9.381518E+05,1.851790E+01,0.000000E+00,0.000000E+00,1.851790E+01,0.000000E+00,1.006321E+02,1.779528E+06,3.252966E+06,5.465061E+00,1.290529E+05,1.851790E+00,0.000000E+00,0.000000E+00,1.851790E+00,0.000000E+00,1.102239E+01,1.949144E+05,3.563025E+05
11:10:00,1.851790E+00,4.372850E+04,6.969835E+00,0.000000E+00,0.000000E+00,1.851790E+00,0.000000E+00,3.070865E+01,5.468423E+05,9.965903E+05,2.911494E+00,6.875252E+04,1.851790E+00,0.000000E+00,0.000000E+00,1.851790E+00,0.000000E+00,1.089502E+01,1.940124E+05,3.535769E+05,3.961720E+01,9.355275E+05,1.851790E+01,0.000000E+00,0.000000E+00,1.851790E+01,0.000000E+00,1.003573E+02,1.787105E+06,3.256902E+06,5.428057E+00,1.281791E+05,1.851790E+00,0.000000E+00,0.000000E+00,1.851790E+00,0.000000E+00,1.104191E+01,1.966281E+05,3.583441E+05
11:20:00,1.851790E+00,4.372850E+04,6.970324E+00,0.000000E+00,0.000000E+00,1.851790E+00,0.000000E+00,3.068971E+01,5.503084E+05,9.998953E+05,2.906063E+00,6.862429E+04,1.851790E+00,0.000000E+00,0.000000E+00,1.851790E+00,0.000000E+00,1.086846E+01,1.948864E+05,3.541033E+05,3.951101E+01,9.330200E+05,1.851790E+01,0.000000E+00,0.000000E+00,1.851790E+01,0.000000E+00,1.000557E+02,1.794135E+06,3.259895E+06,5.392807E+00,1.273467E+05,1.851790E+00,0.000000E+00,0.000000E+00,1.851790E+00,0.000000E+00,1.105770E+01,1.982796E+05,3.602687E+05
11:30:00,1.851790E+00,4.372850E+04,6.970807E+00,0.000000E+00,0.000000E+00,1.851790E+00,0.000000E+00,3.067102E+01,5.537744E+05,1.003204E+06,2.900807E+00,6.850017E+04,1.851790E+00,0.000000E+00,0.000000E+00,1.851790E+00,0.000000E+00,1.083968E+01,1.957137E+05,3.545502E+05,3.940921E+01,9.306161E+05,1.851790E+01,0.000000E+00,0.000000E+00,1.851790E+01,0.000000E+00,9.973429E+01,1.800732E+06,3.262163E+06,5.359061E+00,1.265498E+05,1.851790E+00,0.000000E+00,0.000000E+00,1.851790E+00,0.000000E+00,1.107027E+01,1.998771E+05,3.620925E+05
11:40:00,1.851790E+00,4.372850E+04,6.971285E+00,0.000000E+00,0.000000E+00,1.851790E+00,0.000000E+00,3.065258E+01,5.572404E+05,1.006517E+06,2.895711E+00,6.837984E+04,1.851790E+00,0.000000E+00,0.000000E+00,1.851790E+00,0.000000E+00,1.080954E+01,1.965091E+05,3.549450E+05,3.931153E+01,9.283093E+05,1.851790E+01,0.000000E+00,0.000000E+00,1.851790E+01,0.000000E+00,9.940092E+01,1.807032E+06,3.263957E+06,5.326729E+00,1.257863E+05,1.851790E+00,0.000000E+00,0.000000E+00,1.851790E+00,0.000000E+00,1.108032E+01,2.014316E+05,3.638363E+05
11:50:00,1.851790E+00,4.372850E+04,6.971759E+00,0.000000E+00,0.000000E+00,1.851790E+00,0.000000E+00,3.063438E+01,5.607061E+05,1.009832E+06,2.890770E+00,6.826315E+04,1.851790E+00,0.000000E+00,0.000000E+00,1.851790E+00,0.000000E+00,1.077912E+01,1.972920E+05,3.553231E+05,3.921771E+01,9.260938E+05,1.851790E+01,0.000000E+00,0.000000E+00,1.851790E+01,0.000000E+00,9.906637E+01,1.813228E+06,3.265626E+06,5.295733E+00,1.250544E+05,1.851790E+00,0.000000E+00,0.000000E+00,1.851790E+00,0.000000E+00,1.108883E+01,2.029607E+05,3.655325E+05
12:00:00,1.851790E+00,4.372850E+04,6.972226E+00,0.000000E+00,0.000000E+00,1.851790E+00,0.000000E+00,3.061642E+01,5.641717E+05,1.013151E+06,2.885973E+00,6.814988E+04,1.851790E+00,0.000000E+00,0.000000E+00,1.851790E+00,0.000000E+00,1.074981E+01,1.980878E+05,3.557300E+05,3.912750E+01,9.239637E+05,1.851790E+01,0.000000E+00,0.000000E+00,1.851790E+01,0.000000E+00,9.874465E+01,1.819577E+06,3.267633E+06,5.265981E+00,1.243518E+05,1.851790E+00,0.000000E+00,0.000000E+00,1.851790E+00,0.000000E+00,1.109700E+01,2.044854E+05,3.672190E+05
12:10:00,1.851790E+00,4.372850E+04,6.972689E+00,0.000000E+00,0.000000E+00,1.851790E+00,0.000000E+00,3.059868E+01,5.668786E+05,1.015691E+06,2.881313E+00,6.803984E+04,1.851790E+00,0.000000E+00,0.000000E+00,1.851790E+00,0.000000E+00,1.072484E+01,1.986910E+05,3.559997E+05,3.904068E+01,9.219136E+05,1.851790E+01,0.000000E+00,0.000000E+00,1.851790E+01,0.000000E+00,9.846673E+01,1.824218E+06,3.268499E+06,5.237389E+00,1.236766E+05,1.851790E+00,0.000000E+00,0.000000E+00,1.851790E+00,0.000000E+00,1.110789E+01,2.057874E+05,3.687145E+05
12:20:00,1.851790E+00,4.372850E+04,6.973146E+00,0.000000E+00,0.000000E+00,1.851790E+00,0.000000E+00,3.058117E+01,5.695862E+05,1.018235E+06,2.876783E+00,6.793287E+04,1.851790E+00,0.000000E+00,0.000000E+00,1.851790E+00,0.000000E+00,1.070618E+01,1.994067E+05,3.564743E+05,3.895705E+01,9.199387E+05,1.851790E+01,0.000000E+00,0.000000E+00,1.851790E+01,0.000000E+00,9.825062E+01,1.829956E+06,3.271366E+06,5.209884E+00,1.230271E+05,1.851790E+00,0.000000E+00,0.000000E+00,1.851790E+00,0.000000E+00,1.112337E+01,2.071771E+05,3.703651E+05
12:30:00,1.851790E+00,4.372850E+04,6.973598E+00,0.000000E+00,0.000000E+00,1.851790E+00,0.000000E+00,3.056389E+01,5.722946E+05,1.020782E+06,2.872377E+00,6.782881E+04,1.851790E+00,0.000000E+00,0.000000E+00,1.851790E+00,0.000000E+00,1.069492E+01,2.002573E+05,3.571922E+05,3.887642E+01,9.180346E+05,1.851790E+01,0.000000E+00,0.000000E+00,1.851790E+01,0.000000E+00,9.810697E+01,1.837007E+06,3.276608E+06,5.183396E+00,1.224016E+05,1.851790E+00,0.000000E+00,0.000000E+00,1.851790E+00,0.000000E+00,1.114446E+01,2.086749E+05,3.722063E+05
12:40:00,1.851790E+00,4.372850E+04,6.974045E+00,0.000000E+00,0.000000E+00,1.851790E+00,0.000000E+00,3.054684E+01,5.750040E+05,1.023335E+06,2.868088E+00,6.772755E+04,1.851790E+00,0.000000E+00,0.000000E+00,1.851790E+00,0.000000E+00,1.069172E+01,2.012576E+05,3.581781E+05,3.879861E+01,9.161973E+05,1.851790E+01,0.000000E+00,0.000000E+00,1.851790E+01,0.000000E+00,9.804166E+01,1.845505E+06,3.284445E+06,5.157865E+00,1.217987E+05,1.851790E+00,0.000000E+00,0.000000E+00,1.851790E+00,0.000000E+00,1.117171E+01,2.102928E+05,3.742581E+05
12:50:00,1.851790E+00,4.372850E+04,6.974487E+00,0.000000E+00,0.000000E+00,1.851790E+00,0.000000E+00,3.053004E+01,5.777147E+05,1.025892E+06,2.863913E+00,6.762895E+04,1.851790E+00,0.000000E+00,0.000000E+00,1.851790E+00,0.000000E+00,1.069655E+01,2.024090E+05,3.594331E+05,3.872349E+01,9.144233E+05,1.851790E+01,0.000000E+00,0.000000E+00,1.851790E+01,0.000000E+00,9.805461E+01,1.855470E+06,3.294900E+06,5.133235E+00,1.212171E+05,1.851790E+00,0.000000E+00,0.000000E+00,1.851790E+00,0.000000E+00,1.120505E+01,2.120312E+05,3.765200E+05
13:00:00,1.851790E+00,4.372850E+04,6.974923E+00,0.000000E+00,0.000000E+00,1.851790E+00,0.000000E+00,3.051349E+01,5.804268E+05,1.028454E+06,2.859861E+00,6.753327E+04,1.851790E+00,0.000000E+00,0.000000E+00,1.851790E+00,0.000000E+00,1.070872E+01,2.037009E+05,3.609362E+05,3.865115E+01,9.127152E+05,1.851790E+01,0.000000E+00,0.000000E+00,1.851790E+01,0.000000E+00,9.813965E+01,1.866810E+06,3.307786E+06,5.109575E+00,1.206584E+05,1.851790E+00,0.000000E+00,0.000000E+00,1.851790E+00,0.000000E+00,1.124396E+01,2.138823E+05,3.789765E+05
13:10:00,1.851790E+00,4.372850E+04,6.975355E+00,0.000000E+00,0.000000E+00,1.851790E+00,0.000000E+00,3.049720E+01,5.820067E+05,1.029852E+06,2.855924E+00,6.744029E+04,1.851790E+00,0.000000E+00,0.000000E+00,1.851790E+00,0.000000E+00,1.072565E+01,2.046877E+05,3.621920E+05,3.858139E+01,9.110678E+05,1.851790E+01,0.000000E+00,0.000000E+00,1.851790E+01,0.000000E+00,9.827332E+01,1.875442E+06,3.318568E+06,5.086801E+00,1.201206E+05,1.851790E+00,0.000000E+00,0.000000E+00,1.851790E+00,0.000000E+00,1.128599E+01,2.153812E+05,3.811140E+05
13:20:00,1.851790E+00,4.372850E+04,6.975781E+00,0.000000E+00,0.000000E+00,1.851790E+00,0.000000E+00,3.048118E+01,5.835897E+05,1.031258E+06,2.852092E+00,6.734981E+04,1.851790E+00,0.000000E+00,0.000000E+00,1.851790E+00,0.000000E+00,1.074545E+01,2.057313E+05,3.635468E+05,3.851400E+01,9.094763E+05,1.851790E+01,0.000000E+00,0.000000E+00,1.851790E+01,0.000000E+00,9.843884E+01,1.884701E+06,3.330445E+06,5.064828E+00,1.196017E+05,1.851790E+00,0.000000E+00,0.000000E+00,1.851790E+00,0.000000E+00,1.132935E+01,2.169107E+05,3.833018E+05
13:30:00,1.851790E+00,4.372850E+04,6.976202E+00,0.000000E+00,0.000000E+00,1.851790E+00,0.000000E+00,3.046543E+01,5.851762E+05,1.032671E+06,2.848361E+00,6.726170E+04,1.851790E+00,0.000000E+00,0.000000E+00,1.851790E+00,0.000000E+00,1.076673E+01,2.068060E+05,3.649544E+05,3.844882E+01,9.079373E+05,1.851790E+01,0.000000E+00,0.000000E+00,1.851790E+01,0.000000E+00,9.862400E+01,1.894357E+06,3.343008E+06,5.043608E+00,1.191006E+05,1.851790E+00,0.000000E+00,0.000000E+00,1.851790E+00,0.000000E+00,1.137274E+01,2.184461E+05,3.854960E+05
13:40:00,1.851790E+00,4.372850E+04,6.976618E+00,0.000000E+00,0.000000E+00,1.851790E+00,0.000000E+00,3.044997E+01,5.867660E+05,1.034092E+06,2.844726E+00,6.717587E+04,1.851790E+00,0.000000E+00,0.000000E+00,1.851790E+00,0.000000E+00,1.078825E+01,2.078879E+05,3.663729E+05,3.838577E+01,9.064483E+05,1.851790E+01,0.000000E+00,0.000000E+00,1.851790E+01,0.000000E+00,9.881775E+01,1.904202E+06,3.355886E+06,5.023099E+00,1.186164E+05,1.851790E+00,0.000000E+00,0.000000E+00,1.851790E+00,0.000000E+00,1.141499E+01,2.199650E+05,3.876572E+05
13:50:00,1.851790E+00,4.372850E+04,6.977028E+00,0.000000E+00,0.000000E+00,1.851790E+00,0.000000E+00,3.043479E+01,5.883595E+05,1.035520E+06,2.841185E+00,6.709223E+04,1.851790E+00,0.000000E+00,0.000000E+00,1.851790E+00,0.000000E+00,1.080906E+01,2.089586E+05,3.677700E+05,3.832472E+01,9.050067E+05,1.851790E+01,0.000000E+00,0.000000E+00,1.851790E+01,0.000000E+00,9.901162E+01,1.914073E+06,3.368794E+06,5.003264E+00,1.181480E+05,1.851790E+00,0.000000E+00,0.000000E+00,1.851790E+00,0.000000E+00,1.145527E+01,2.214510E+05,3.897567E+05
14:00:00,1.851790E+00,4.372850E+04,6.977435E+00,0.000000E+00,0.000000E+00,1.851790E+00,0.000000E+00,3.041990E+01,5.899565E+05,1.036956E+06,2.837718E+00,6.701038E+04,1.851790E+00,0.000000E+00,0.000000E+00,1.851790E+00,0.000000E+00,1.082837E+01,2.100030E+05,3.691185E+05,3.826533E+01,9.036043E+05,1.851790E+01,0.000000E+00,0.000000E+00,1.851790E+01,0.000000E+00,9.919786E+01,1.923820E+06,3.381464E+06,4.983948E+00,1.176918E+05,1.851790E+00,0.000000E+00,0.000000E+00,1.851790E+00,0.000000E+00,1.149273E+01,2.228873E+05,3.917650E+05
14:10:00,1.851790E+00,4.372850E+04,6.977836E+00,0.000000E+00,0.000000E+00,1.851790E+00,0.000000E+00,3.040528E+01,5.896730E+05,1.036458E+06,2.834329E+00,6.693034E+04,1.851790E+00,0.000000E+00,0.000000E+00,1.851790E+00,0.000000E+00,1.084520E+01,2.103293E+05,3.696920E+05,3.820761E+01,9.022412E+05,1.851790E+01,0.000000E+00,0.000000E+00,1.851790E+01,0.000000E+00,9.936709E+01,1.927103E+06,3.387234E+06,4.965158E+00,1.172481E+05,1.851790E+00,0.000000E+00,0.000000E+00,1.851790E+00,0.000000E+00,1.152632E+01,2.235388E+05,3.929102E+05
14:20:00,1.851790E+00,4.372850E+04,6.978233E+00,0.000000E+00,0.000000E+00,1.851790E+00,0.000000E+00,3.039094E+01,5.893949E+05,1.035969E+06,2.831019E+00,6.685219E+04,1.851790E+00,0.000000E+00,0.000000E+00,1.851790E+00,0.000000E+00,1.085898E+01,2.105966E+05,3.701619E+05,3.815155E+01,9.009175E+05,1.851790E+01,0.000000E+00,0.000000E+00,1.851790E+01,0.000000E+00,9.951385E+01,1.929949E+06,3.392236E+06,4.946907E+00,1.168171E+05,1.851790E+00,0.000000E+00,0.000000E+00,1.851790E+00,0.000000E+00,1.155540E+01,2.241028E+05,3.939015E+05
14:30:00,1.851790E+00,4.372850E+04,6.978625E+00,0.000000E+00,0.000000E+00,1.851790E+00,0.000000E+00,3.037687E+01,5.891220E+05,1.035489E+06,2.827789E+00,6.677590E+04,1.851790E+00,0.000000E+00,0.000000E+00,1.851790E+00,0.000000E+00,1.086929E+01,2.107964E+05,3.705131E+05,3.809713E+01,8.996323E+05,1.851790E+01,0.000000E+00,0.000000E+00,1.851790E+01,0.000000E+00,9.963304E+01,1.932260E+06,3.396299E+06,4.929178E+00,1.163985E+05,1.851790E+00,0.000000E+00,0.000000E+00,1.851790E+00,0.000000E+00,1.157943E+01,2.245688E+05,3.947205E+05
14:40:00,1.851790E+00,4.372850E+04,6.979012E+00,0.000000E+00,0.000000E+00,1.851790E+00,0.000000E+00,3.036306E+01,5.888542E+05,1.035018E+06,2.824635E+00,6.670143E+04,1.851790E+00,0.000000E+00,0.000000E+00,1.851790E+00,0.000000E+00,1.087575E+01,2.109217E+05,3.707333E+05,3.804426E+01,8.983840E+05,1.851790E+01,0.000000E+00,0.000000E+00,1.851790E+01,0.000000E+00,9.972094E+01,1.933965E+06,3.399296E+06,4.911951E+00,1.159917E+05,1.851790E+00,0.000000E+00,0.000000E+00,1.851790E+00,0.000000E+00,1.159800E+01,2.249290E+05,3.953536E+05
14:50:00,1.851790E+00,4.372850E+04,6.979395E+00,0.000000E+00,0.000000E+00,1.851790E+00,0.000000E+00,3.034951E+01,5.885914E+05,1.034556E+06,2.821557E+00,6.662875E+04,1.851790E+00,0.000000E+00,0.000000E+00,1.851790E+00,0.000000E+00,1.087810E+01,2.109673E+05,3.708135E+05,3.799291E+01,8.971714E+05,1.851790E+01,0.000000E+00,0.000000E+00,1.851790E+01,0.000000E+00,9.977384E+01,1.934991E+06,3.401099E+06,4.895207E+00,1.155963E+05,1.851790E+00,0.000000E+00,0.000000E+00,1.851790E+00,0.000000E+00,1.161068E+01,2.251749E+05,3.957859E+05
15:00:00,1.851790E+00,4.372850E+04,6.979773E+00,0.000000E+00,0.000000E+00,1.851790E+00,0.000000E+00,3.033619E+01,5.883331E+05,1.034103E+06,2.818553E+00,6.655780E+04,1.851790E+00,0.000000E+00,0.000000E+00,1.851790E+00,0.000000E+00,1.087614E+01,2.109294E+05,3.707468E+05,3.794302E+01,8.959931E+05,1.851790E+01,0.000000E+00,0.000000E+00,1.851790E+01,0.000000E+00,9.978910E+01,1.935287E+06,3.401619E+06,4.878929E+00,1.152119E+05,1.851790E+00,0.000000E+00,0.000000E+00,1.851790E+00,0.000000E+00,1.161712E+01,2.252998E+05,3.960054E+05
15:10:00,1.851790E+00,4.372850E+04,6.980147E+00,0.000000E+00,0.000000E+00,1.851790E+00,0.000000E+00,3.032310E+01,5.858245E+05,1.031332E+06,2.815620E+00,6.648854E+04,1.851790E+00,0.000000E+00,0.000000E+00,1.851790E+00,0.000000E+00,1.086972E+01,2.099965E+05,3.696946E+05,3.789452E+01,8.948480E+05,1.851790E+01,0.000000E+00,0.000000E+00,1.851790E+01,0.000000E+00,9.976339E+01,1.927370E+06,3.393096E+06,4.863100E+00,1.148381E+05,1.851790E+00,0.000000E+00,0.000000E+00,1.851790E+00,0.000000E+00,1.161690E+01,2.244316E+05,3.951074E+05
15:20:00,1.851790E+00,4.372850E+04,6.980517E+00,0.000000E+00,0.000000E+00,1.851790E+00,0.000000E+00,3.031023E+01,5.833219E+05,1.028572E+06,2.812757E+00,6.642094E+04,1.851790E+00,0.000000E+00,0.000000E+00,1.851790E+00,0.000000E+00,1.085881E+01,2.089783E+05,3.684916E+05,3.784738E+01,8.937347E+05,1.851790E+01,0.000000E+00,0.000000E+00,1.851790E+01,0.000000E+00,9.969534E+01,1.918642E+06,3.383143E+06,4.847704E+00,1.144745E+05,1.851790E+00,0.000000E+00,0.000000E+00,1.851790E+00,0.000000E+00,1.160982E+01,2.234316E+05,3.939772E+05
15:30:00,1.851790E+00,4.372850E+04,6.980882E+00,0.000000E+00,0.000000E+00,1.851790E+00,0.000000E+00,3.029755E+01,5.808251E+05,1.025820E+06,2.809963E+00,6.635495E+04,1.851790E+00,0.000000E+00,0.000000E+00,1.851790E+00,0.000000E+00,1.084343E+01,2.078760E+05,3.671386E+05,3.780154E+01,8.926522E+05,1.851790E+01,0.000000E+00,0.000000E+00,1.851790E+01,0.000000E+00,9.958449E+01,1.909104E+06,3.371749E+06,4.832726E+00,1.141208E+05,1.851790E+00,0.000000E+00,0.000000E+00,1.851790E+00,0.000000E+00,1.159579E+01,2.222993E+05,3.926123E+05
15:40:00,1.851790E+00,4.372850E+04,6.981243E+00,0.000000E+00,0.000000E+00,1.851790E+00,0.000000E+00,3.028507E+01,5.783337E+05,1.023076E+06,2.807234E+00,6.629053E+04,1.851790E+00,0.000000E+00,0.000000E+00,1.851790E+00,0.000000E+00,1.082372E+01,2.066934E+05,3.656417E+05,3.775695E+01,8.915994E+05,1.851790E+01,0.000000E+00,0.000000E+00,1.851790E+01,0.000000E+00,9.943090E+01,1.898765E+06,3.358927E+06,4.818151E+00,1.137767E+05,1.851790E+00,0.000000E+00,0.000000E+00,1.851790E+00,0.000000E+00,1.157477E+01,2.210356E+05,3.910133E+05
15:50:00,1.851790E+00,4.372850E+04,6.981599E+00,0.000000E+00,0.000000E+00,1.851790E+00,0.000000E+00,3.027275E+01,5.758475E+05,1.020340E+06,2.804571E+00,6.622764E+04,1.851790E+00,0.000000E+00,0.000000E+00,1.851790E+00,0.000000E+00,1.079986E+01,2.054347E+05,3.640082E+05,3.771358E+01,8.905752E+05,1.851790E+01,0.000000E+00,0.000000E+00,1.851790E+01,0.000000E+00,9.923519E+01,1.887649E+06,3.344711E+06,4.803965E+00,1.134417E+05,1.851790E+00,0.000000E+00,0.000000E+00,1.851790E+00,0.000000E+00,1.154679E+01,2.196427E+05,3.891833E+05
16:00:00,1.851790E+00,4.372850E+04,6.981952E+00,0.000000E+00,0.000000E+00,1.851790E+00,0.000000E+00,3.026061E+01,5.733663E+05,1.017611E+06,2.801971E+00,6.616623E+04,1.851790E+00,0.000000E+00,0.000000E+00,1.851790E+00,0.000000E+00,1.077207E+01,2.041051E+05,3.622459E+05,3.767138E+01,8.895785E+05,1.851790E+01,0.000000E+00,0.000000E+00,1.851790E+01,0.000000E+00,9.899852E+01,1.875786E+06,3.329146E+06,4.790155E+00,1.131156E+05,1.851790E+00,0.000000E+00,0.000000E+00,1.851790E+00,0.000000E+00,1.151196E+01,2.181242E+05,3.871270E+05
16:10:00,1.851790E+00,4.372850E+04,6.982300E+00,0.000000E+00,0.000000E+00,1.851790E+00,0.000000E+00,3.024861E+01,5.701400E+05,1.014117E+06,2.799432E+00,6.610628E+04,1.851790E+00,0.000000E+00,0.000000E+00,1.851790E+00,0.000000E+00,1.074099E+01,2.024513E+05,3.601032E+05,3.763030E+01,8.886085E+05,1.851790E+01,0.000000E+00,0.000000E+00,1.851790E+01,0.000000E+00,9.872749E+01,1.860862E+06,3.309943E+06,4.776709E+00,1.127980E+05,1.851790E+00,0.000000E+00,0.000000E+00,1.851790E+00,0.000000E+00,1.147104E+01,2.162116E+05,3.845789E+05
16:20:00,1.851790E+00,4.372850E+04,6.982644E+00,0.000000E+00,0.000000E+00,1.851790E+00,0.000000E+00,3.023676E+01,5.669188E+05,1.010630E+06,2.796953E+00,6.604773E+04,1.851790E+00,0.000000E+00,0.000000E+00,1.851790E+00,0.000000E+00,1.070716E+01,2.007520E+05,3.578748E+05,3.759031E+01,8.876643E+05,1.851790E+01,0.000000E+00,0.000000E+00,1.851790E+01,0.000000E+00,9.842646E+01,1.845429E+06,3.289793E+06,4.763614E+00,1.124888E+05,1.851790E+00,0.000000E+00,0.000000E+00,1.851790E+00,0.000000E+00,1.142448E+01,2.142013E+05,3.818504E+05
16:30:00,1.851790E+00,4.372850E+04,6.982984E+00,0.000000E+00,0.000000E+00,1.851790E+00,0.000000E+00,3.022505E+01,5.637025E+05,1.007149E+06,2.794532E+00,6.599056E+04,1.851790E+00,0.000000E+00,0.000000E+00,1.851790E+00,0.000000E+00,1.066861E+01,1.989715E+05,3.554959E+05,3.755138E+01,8.867449E+05,1.851790E+01,0.000000E+00,0.000000E+00,1.851790E+01,0.000000E+00,9.807476E+01,1.829112E+06,3.268015E+06,4.750859E+00,1.121876E+05,1.851790E+00,0.000000E+00,0.000000E+00,1.851790E+00,0.000000E+00,1.137014E+01,2.120551E+05,3.788720E+05
16:40:00,1.851790E+00,4.372850E+04,6.983321E+00,0.000000E+00,0.000000E+00,1.851790E+00,0.000000E+00,3.021346E+01,5.604907E+05,1.003675E+06,2.792167E+00,6.593473E+04,1.851790E+00,0.000000E+00,0.000000E+00,1.851790E+00,0.000000E+00,1.062760E+01,1.971528E+05,3.530432E+05,3.751346E+01,8.858496E+05,1.851790E+01,0.000000E+00,0.000000E+00,1.851790E+01,0.000000E+00,9.769298E+01,1.812305E+06,3.245310E+06,4.738434E+00,1.118942E+05,1.851790E+00,0.000000E+00,0.000000E+00,1.851790E+00,0.000000E+00,1.131012E+01,2.098143E+05,3.757162E+05
16:50:00,1.851790E+00,4.372850E+04,6.983653E+00,0.000000E+00,0.000000E+00,1.851790E+00,0.000000E+00,3.020198E+01,5.572834E+05,1.000208E+06,2.789858E+00,6.588021E+04,1.851790E+00,0.000000E+00,0.000000E+00,1.851790E+00,0.000000E+00,1.058353E+01,1.952861E+05,3.504980E+05,3.747653E+01,8.849775E+05,1.851790E+01,0.000000E+00,0.000000E+00,1.851790E+01,0.000000E+00,9.727413E+01,1.794891E+06,3.221456E+06,4.726327E+00,1.116083E+05,1.851790E+00,0.000000E+00,0.000000E+00,1.851790E+00,0.000000E+00,1.124378E+01,2.074689E+05,3.723636E+05
17:00:00,1.851790E+00,4.372850E+04,6.983982E+00,0.000000E+00,0.000000E+00,1.851790E+00,0.000000E+00,3.019060E+01,5.540802E+05,9.967461E+05,2.787603E+00,6.582696E+04,1.851790E+00,0.000000E+00,0.000000E+00,1.851790E+00,0.000000E+00,1.053676E+01,1.933784E+05,3.478724E+05,3.744056E+01,8.841279E+05,1.851790E+01,0.000000E+00,0.000000E+00,1.851790E+01,0.000000E+00,9.682127E+01,1.776935E+06,3.196565E+06,4.714529E+00,1.113297E+05,1.851790E+00,0.000000E+00,0.000000E+00,1.851790E+00,0.000000E+00,1.117149E+01,2.050275E+05,3.688281E+05
17:10:00,1.851790E+00,4.372850E+04,6.984306E+00,0.000000E+00,0.000000E+00,1.851790E+00,0.000000E+00,3.017931E+01,5.501327E+05,9.925182E+05,2.785401E+00,6.577494E+04,1.851790E+00,0.000000E+00,0.000000E+00,1.851790E+00,0.000000E+00,1.048776E+01,1.911793E+05,3.449149E+05,3.740550E+01,8.833001E+05,1.851790E+01,0.000000E+00,0.000000E+00,1.851790E+01,0.000000E+00,9.633892E+01,1.756143E+06,3.168334E+06,4.703030E+00,1.110582E+05,1.851790E+00,0.000000E+00,0.000000E+00,1.851790E+00,0.000000E+00,1.109375E+01,2.022258E+05,3.648444E+05
17:20:00,1.851790E+00,4.372850E+04,6.984627E+00,0.000000E+00,0.000000E+00,1.851790E+00,0.000000E+00,3.016809E+01,5.461894E+05,9.882954E+05,2.783249E+00,6.572413E+04,1.851790E+00,0.000000E+00,0.000000E+00,1.851790E+00,0.000000E+00,1.043626E+01,1.889471E+05,3.418880E+05,3.737133E+01,8.824933E+05,1.851790E+01,0.000000E+00,0.000000E+00,1.851790E+01,0.000000E+00,9.582402E+01,1.734882E+06,3.139160E+06,4.691822E+00,1.107935E+05,1.851790E+00,0.000000E+00,0.000000E+00,1.851790E+00,0.000000E+00,1.101029E+01,1.993400E+05,3.606932E+05
17:30:00,1.851790E+00,4.372850E+04,6.984945E+00,0.000000E+00,0.000000E+00,1.851790E+00,0.000000E+00,3.015692E+01,5.422497E+05,9.840773E+05,2.781147E+00,6.567450E+04,1.851790E+00,0.000000E+00,0.000000E+00,1.851790E+00,0.000000E+00,1.038418E+01,1.867173E+05,3.388555E+05,3.733803E+01,8.817069E+05,1.851790E+01,0.000000E+00,0.000000E+00,1.851790E+01,0.000000E+00,9.529496E+01,1.713493E+06,3.109655E+06,4.680895E+00,1.105355E+05,1.851790E+00,0.000000E+00,0.000000E+00,1.851790E+00,0.000000E+00,1.092312E+01,1.964079E+05,3.564420E+05
17:40:00,1.851790E+00,4.372850E+04,6.985258E+00,0.000000E+00,0.000000E+00,1.851790E+00,0.000000E+00,3.014578E+01,5.383134E+05,9.798636E+05,2.779094E+00,6.562601E+04,1.851790E+00,0.000000E+00,0.000000E+00,1.851790E+00,0.000000E+00,1.032884E+01,1.844421E+05,3.357304E+05,3.730557E+01,8.809403E+05,1.851790E+01,0.000000E+00,0.000000E+00,1.851790E+01,0.000000E+00,9.472582E+01,1.691520E+06,3.078984E+06,4.670241E+00,1.102839E+05,1.851790E+00,0.000000E+00,0.000000E+00,1.851790E+00,0.000000E+00,1.082964E+01,1.933849E+05,3.520084E+05
17:50:00,1.851790E+00,4.372850E+04,6.985568E+00,0.000000E+00,0.000000E+00,1.851790E+00,0.000000E+00,3.013466E+01,5.343802E+05,9.756529E+05,2.777088E+00,6.557864E+04,1.851790E+00,0.000000E+00,0.000000E+00,1.851790E+00,0.000000E+00,1.027005E+01,1.821196E+05,3.325077E+05,3.727392E+01,8.801929E+05,1.851790E+01,0.000000E+00,0.000000E+00,1.851790E+01,0.000000E+00,9.411566E+01,1.668960E+06,3.047129E+06,4.659852E+00,1.100386E+05,1.851790E+00,0.000000E+00,0.000000E+00,1.851790E+00,0.000000E+00,1.072977E+01,1.902719E+05,3.473918E+05
18:00:00,1.851790E+00,4.372850E+04,6.985875E+00,0.000000E+00,0.000000E+00,1.851790E+00,0.000000E+00,3.012356E+01,5.304500E+05,9.714454E+05,2.775127E+00,6.553235E+04,1.851790E+00,0.000000E+00,0.000000E+00,1.851790E+00,0.000000E+00,1.020659E+01,1.797293E+05,3.291491E+05,3.724305E+01,8.794640E+05,1.851790E+01,0.000000E+00,0.000000E+00,1.851790E+01,0.000000E+00,9.345228E+01,1.645614E+06,3.013714E+06,4.649721E+00,1.097993E+05,1.851790E+00,0.000000E+00,0.000000E+00,1.851790E+00,0.000000E+00,1.062233E+01,1.870502E+05,3.425563E+05
18:10:00,1.851790E+00,4.372850E+04,6.986178E+00,0.000000E+00,0.000000E+00,1.851790E+00,0.000000E+00,3.011245E+01,5.246566E+05,9.653178E+05,2.773212E+00,6.548712E+04,1.851790E+00,0.000000E+00,0.000000E+00,1.851790E+00,0.000000E+00,1.013186E+01,1.765299E+05,3.247980E+05,3.721295E+01,8.787531E+05,1.851790E+01,0.000000E+00,0.000000E+00,1.851790E+01,0.000000E+00,9.267150E+01,1.614638E+06,2.970779E+06,4.639839E+00,1.095660E+05,1.851790E+00,0.000000E+00,0.000000E+00,1.851790E+00,0.000000E+00,1.050089E+01,1.829596E+05,3.366281E+05
18:20:00,1.851790E+00,4.372850E+04,6.986476E+00,0.000000E+00,0.000000E+00,1.851790E+00,0.000000E+00,3.010135E+01,5.188674E+05,9.591946E+05,2.771360E+00,6.544339E+04,1.851790E+00,0.000000E+00,0.000000E+00,1.851790E+00,0.000000E+00,1.004755E+01,1.731931E+05,3.201702E+05,3.718390E+01,8.780671E+05,1.851790E+01,0.000000E+00,0.000000E+00,1.851790E+01,0.000000E+00,9.179134E+01,1.582239E+06,2.924977E+06,4.630321E+00,1.093412E+05,1.851790E+00,0.000000E+00,0.000000E+00,1.851790E+00,0.000000E+00,1.036752E+01,1.787085E+05,3.303662E+05
18:30:00,1.851790E+00,4.372850E+04,6.986772E+00,0.000000E+00,0.000000E+00,1.851790E+00,0.000000E+00,3.009025E+01,5.130823E+05,9.530756E+05,2.769545E+00,6.540053E+04,1.851790E+00,0.000000E+00,0.000000E+00,1.851790E+00,0.000000E+00,9.953580E+00,1.697229E+05,3.152687E+05,3.715547E+01,8.773958E+05,1.851790E+01,0.000000E+00,0.000000E+00,1.851790E+01,0.000000E+00,9.080893E+01,1.548424E+06,2.876273E+06,4.621002E+00,1.091212E+05,1.851790E+00,0.000000E+00,0.000000E+00,1.851790E+00,0.000000E+00,1.022210E+01,1.743015E+05,3.237736E+05
18:40:00,1.851790E+00,4.372850E+04,6.987063E+00,0.000000E+00,0.000000E+00,1.851790E+00,0.000000E+00,3.007914E+01,5.073011E+05,9.469605E+05,2.767784E+00,6.535893E+04,1.851790E+00,0.000000E+00,0.000000E+00,1.851790E+00,0.000000E+00,9.849584E+00,1.661186E+05,3.100875E+05,3.712793E+01,8.767456E+05,1.851790E+01,0.000000E+00,0.000000E+00,1.851790E+01,0.000000E+00,8.972121E+01,1.513197E+06,2.824630E+06,4.611991E+00,1.089084E+05,1.851790E+00,0.000000E+00,0.000000E+00,1.851790E+00,0.000000E+00,1.006436E+01,1.697410E+05,3.168493E+05
18:50:00,1.851790E+00,4.372850E+04,6.987351E+00,0.000000E+00,0.000000E+00,1.851790E+00,0.000000E+00,3.006802E+01,5.015239E+05,9.408489E+05,2.766074E+00,6.531857E+04,1.851790E+00,0.000000E+00,0.000000E+00,1.851790E+00,0.000000E+00,9.731798E+00,1.623230E+05,3.045146E+05,3.710127E+01,8.761159E+05,1.851790E+01,0.000000E+00,0.000000E+00,1.851790E+01,0.000000E+00,8.849328E+01,1.476037E+06,2.769016E+06,4.603278E+00,1.087026E+05,1.851790E+00,0.000000E+00,0.000000E+00,1.851790E+00,0.000000E+00,9.890991E+00,1.649782E+05,3.094959E+05
19:00:00,1.851790E+00,4.372850E+04,6.987635E+00,0.000000E+00,0.000000E+00,1.851790E+00,0.000000E+00,3.005688E+01,4.957506E+05,9.347417E+05,2.764411E+00,6.527928E+04,1.851790E+00,0.000000E+00,0.000000E+00,1.851790E+00,0.000000E+00,9.602372E+00,1.583791E+05,2.986250E+05,3.707535E+01,8.755039E+05,1.851790E+01,0.000000E+00,0.000000E+00,1.851790E+01,0.000000E+00,8.714672E+01,1.437376E+06,2.710184E+06,4.594824E+00,1.085030E+05,1.851790E+00,0.000000E+00,0.000000E+00,1.851790E+00,0.000000E+00,9.704258E+00,1.600596E+05,3.017936E+05
19:10:00,1.851790E+00,4.372850E+04,6.987915E+00,0.000000E+00,0.000000E+00,1.851790E+00,0.000000E+00,3.004572E+01,4.914705E+05,9.301730E+05,2.762789E+00,6.524099E+04,1.851790E+00,0.000000E+00,0.000000E+00,1.851790E+00,0.000000E+00,9.469958E+00,1.549041E+05,2.931765E+05,3.705013E+01,8.749084E+05,1.851790E+01,0.000000E+00,0.000000E+00,1.851790E+01,0.000000E+00,8.576699E+01,1.402927E+06,2.655225E+06,4.586610E+00,1.083090E+05,1.851790E+00,0.000000E+00,0.000000E+00,1.851790E+00,0.000000E+00,9.513049E+00,1.556090E+05,2.945106E+05
19:20:00,1.851790E+00,4.372850E+04,6.988193E+00,0.000000E+00,0.000000E+00,1.851790E+00,0.000000E+00,3.003453E+01,4.871930E+05,9.256066E+05,2.761188E+00,6.520319E+04,1.851790E+00,0.000000E+00,0.000000E+00,1.851790E+00,0.000000E+00,9.338298E+00,1.514774E+05,2.877884E+05,3.702526E+01,8.743212E+05,1.851790E+01,0.000000E+00,0.000000E+00,1.851790E+01,0.000000E+00,8.438803E+01,1.368866E+06,2.600677E+06,4.578507E+00,1.081177E+05,1.851790E+00,0.000000E+00,0.000000E+00,1.851790E+00,0.000000E+00,9.320822E+00,1.511940E+05,2.872499E+05
19:30:00,1.851790E+00,4.372850E+04,6.988467E+00,0.000000E+00,0.000000E+00,1.851790E+00,0.000000E+00,3.002331E+01,4.829181E+05,9.210425E+05,2.759632E+00,6.516643E+04,1.851790E+00,0.000000E+00,0.000000E+00,1.851790E+00,0.000000E+00,9.214393E+00,1.482114E+05,2.826753E+05,3.700113E+01,8.737512E+05,1.851790E+01,0.000000E+00,0.000000E+00,1.851790E+01,0.000000E+00,8.307937E+01,1.336313E+06,2.548674E+06,4.570661E+00,1.079324E+05,1.851790E+00,0.000000E+00,0.000000E+00,1.851790E+00,0.000000E+00,9.134803E+00,1.469312E+05,2.802336E+05
19:40:00,1.851790E+00,4.372850E+04,6.988738E+00,0.000000E+00,0.000000E+00,1.851790E+00,0.000000E+00,3.001207E+01,4.786459E+05,9.164809E+05,2.758100E+00,6.513026E+04,1.851790E+00,0.000000E+00,0.000000E+00,1.851790E+00,0.000000E+00,9.101877E+00,1.451608E+05,2.779447E+05,3.697741E+01,8.731911E+05,1.851790E+01,0.000000E+00,0.000000E+00,1.851790E+01,0.000000E+00,8.187709E+01,1.305812E+06,2.500286E+06,4.562950E+00,1.077503E+05,1.851790E+00,0.000000E+00,0.000000E+00,1.851790E+00,0.000000E+00,8.959060E+00,1.428831E+05,2.735835E+05
19:50:00,1.851790E+00,4.372850E+04,6.989007E+00,0.000000E+00,0.000000E+00,1.851790E+00,0.000000E+00,3.000083E+01,4.743766E+05,9.119223E+05,2.756592E+00,6.509465E+04,1.851790E+00,0.000000E+00,0.000000E+00,1.851790E+00,0.000000E+00,9.006963E+00,1.424192E+05,2.737808E+05,3.695409E+01,8.726404E+05,1.851790E+01,0.000000E+00,0.000000E+00,1.851790E+01,0.000000E+00,8.084114E+01,1.278270E+06,2.457294E+06,4.555367E+00,1.075712E+05,1.851790E+00,0.000000E+00,0.000000E+00,1.851790E+00,0.000000E+00,8.800041E+00,1.391473E+05,2.674911E+05
20:00:00,1.851790E+00,4.372850E+04,6.989273E+00,0.000000E+00,0.000000E+00,1.851790E+00,0.000000E+00,2.998958E+01,4.701105E+05,9.073668E+05,2.755113E+00,6.505971E+04,1.851790E+00,0.000000E+00,0.000000E+00,1.851790E+00,0.000000E+00,8.929730E+00,1.399806E+05,2.701785E+05,3.693124E+01,8.721009E+05,1.851790E+01,0.000000E+00,0.000000E+00,1.851790E+01,0.000000E+00,7.997327E+01,1.253645E+06,2.419677E+06,4.547941E+00,1.073959E+05,1.851790E+00,0.000000E+00,0.000000E+00,1.851790E+00,0.000000E+00,8.658459E+00,1.357282E+05,2.619709E+05
20:10:00,1.851790E+00,4.372850E+04,6.989535E+00,0.000000E+00,0.000000E+00,1.851790E+00,0.000000E+00,2.997837E+01,4.665910E+05,9.035811E+05,2.753663E+00,6.502549E+04,1.851790E+00,0.000000E+00,0.000000E+00,1.851790E+00,0.000000E+00,8.869056E+00,1.380402E+05,2.673231E+05,3.690888E+01,8.715728E+05,1.851790E+01,0.000000E+00,0.000000E+00,1.851790E+01,0.000000E+00,7.926435E+01,1.233691E+06,2.389115E+06,4.540673E+00,1.072243E+05,1.851790E+00,0.000000E+00,0.000000E+00,1.851790E+00,0.000000E+00,8.533879E+00,1.328235E+05,2.572205E+05
20:20:00,1.851790E+00,4.372850E+04,6.989795E+00,0.000000E+00,0.000000E+00,1.851790E+00,0.000000E+00,2.996721E+01,4.630748E+05,8.998000E+05,2.752243E+00,6.499196E+04,1.851790E+00,0.000000E+00,0.000000E+00,1.851790E+00,0.000000E+00,8.820393E+00,1.362990E+05,2.648424E+05,3.688701E+01,8.710563E+05,1.851790E+01,0.000000E+00,0.000000E+00,1.851790E+01,0.000000E+00,7.867336E+01,1.215717E+06,2.362258E+06,4.533565E+00,1.070564E+05,1.851790E+00,0.000000E+00,0.000000E+00,1.851790E+00,0.000000E+00,8.422714E+00,1.301538E+05,2.529017E+05
20:30:00,1.851790E+00,4.372850E+04,6.990053E+00,0.000000E+00,0.000000E+00,1.851790E+00,0.000000E+00,2.995613E+01,4.595622E+05,8.960233E+05,2.750853E+00,6.495913E+04,1.851790E+00,0.000000E+00,0.000000E+00,1.851790E+00,0.000000E+00,8.777894E+00,1.346632E+05,2.625572E+05,3.686561E+01,8.705510E+05,1.851790E+01,0.000000E+00,0.000000E+00,1.851790E+01,0.000000E+00,7.814660E+01,1.198861E+06,2.337458E+06,4.526613E+00,1.068922E+05,1.851790E+00,0.000000E+00,0.000000E+00,1.851790E+00,0.000000E+00,8.319898E+00,1.276370E+05,2.488580E+05
20:40:00,1.851790E+00,4.372850E+04,6.990307E+00,0.000000E+00,0.000000E+00,1.851790E+00,0.000000E+00,2.994513E+01,4.560535E+05,8.922522E+05,2.749492E+00,6.492700E+04,1.851790E+00,0.000000E+00,0.000000E+00,1.851790E+00,0.000000E+00,8.739562E+00,1.331003E+05,2.604061E+05,3.684469E+01,8.700569E+05,1.851790E+01,0.000000E+00,0.000000E+00,1.851790E+01,0.000000E+00,7.766593E+01,1.182824E+06,2.314152E+06,4.519815E+00,1.067317E+05,1.851790E+00,0.000000E+00,0.000000E+00,1.851790E+00,0.000000E+00,8.223842E+00,1.252461E+05,2.450395E+05
20:50:00,1.851790E+00,4.372850E+04,6.990558E+00,0.000000E+00,0.000000E+00,1.851790E+00,0.000000E+00,2.993424E+01,4.525487E+05,8.884861E+05,2.748160E+00,6.489554E+04,1.851790E+00,0.000000E+00,0.000000E+00,1.851790E+00,0.000000E+00,8.704473E+00,1.315951E+05,2.583598E+05,3.682422E+01,8.695737E+05,1.851790E+01,0.000000E+00,0.000000E+00,1.851790E+01,0.000000E+00,7.722299E+01,1.167465E+06,2.292076E+06,4.513168E+00,1.065747E+05,1.851790E+00,0.000000E+00,0.000000E+00,1.851790E+00,0.000000E+00,8.133850E+00,1.229683E+05,2.414230E+05
21:00:00,1.851790E+00,4.372850E+04,6.990807E+00,0.000000E+00,0.000000E+00,1.851790E+00,0.000000E+00,2.992345E+01,4.490480E+05,8.847263E+05,2.746856E+00,6.486475E+04,1.851790E+00,0.000000E+00,0.000000E+00,1.851790E+00,0.000000E+00,8.671967E+00,1.301364E+05,2.563982E+05,3.680421E+01,8.691012E+05,1.851790E+01,0.000000E+00,0.000000E+00,1.851790E+01,0.000000E+00,7.681148E+01,1.152676E+06,2.271033E+06,4.506670E+00,1.064213E+05,1.851790E+00,0.000000E+00,0.000000E+00,1.851790E+00,0.000000E+00,8.049339E+00,1.207929E+05,2.379894E+05
21:10:00,1.851790E+00,4.372850E+04,6.991053E+00,0.000000E+00,0.000000E+00,1.851790E+00,0.000000E+00,2.991277E+01,4.455513E+05,8.809718E+05,2.745580E+00,6.483461E+04,1.851790E+00,0.000000E+00,0.000000E+00,1.851790E+00,0.000000E+00,8.641386E+00,1.287136E+05,2.545006E+05,3.678465E+01,8.686391E+05,1.851790E+01,0.000000E+00,0.000000E+00,1.851790E+01,0.000000E+00,7.642427E+01,1.138341E+06,2.250799E+06,4.500317E+00,1.062713E+05,1.851790E+00,0.000000E+00,0.000000E+00,1.851790E+00,0.000000E+00,7.969544E+00,1.187065E+05,2.347139E+05
21:20:00,1.851790E+00,4.372850E+04,6.991297E+00,0.000000E+00,0.000000E+00,1.851790E+00,0.000000E+00,2.990222E+01,4.420588E+05,8.772236E+05,2.744331E+00,6.480511E+04,1.851790E+00,0.000000E+00,0.000000E+00,1.851790E+00,0.000000E+00,8.612371E+00,1.273208E+05,2.526560E+05,3.676551E+01,8.681873E+05,1.851790E+01,0.000000E+00,0.000000E+00,1.851790E+01,0.000000E+00,7.605764E+01,1.124397E+06,2.231258E+06,4.494107E+00,1.061246E+05,1.851790E+00,0.000000E+00,0.000000E+00,1.851790E+00,0.000000E+00,7.894036E+00,1.167013E+05,2.315827E+05
21:30:00,1.851790E+00,4.372850E+04,6.991537E+00,0.000000E+00,0.000000E+00,1.851790E+00,0.000000E+00,2.989178E+01,4.385703E+05,8.734809E+05,2.743108E+00,6.477623E+04,1.851790E+00,0.000000E+00,0.000000E+00,1.851790E+00,0.000000E+00,8.584636E+00,1.259533E+05,2.508555E+05,3.674680E+01,8.677454E+05,1.851790E+01,0.000000E+00,0.000000E+00,1.851790E+01,0.000000E+00,7.570854E+01,1.110791E+06,2.212313E+06,4.488037E+00,1.059813E+05,1.851790E+00,0.000000E+00,0.000000E+00,1.851790E+00,0.000000E+00,7.822403E+00,1.147698E+05,2.285819E+05
21:40:00,1.851790E+00,4.372850E+04,6.991776E+00,0.000000E+00,0.000000E+00,1.851790E+00,0.000000E+00,2.988145E+01,4.350859E+05,8.697444E+05,2.741911E+00,6.474797E+04,1.851790E+00,0.000000E+00,0.000000E+00,1.851790E+00,0.000000E+00,8.557956E+00,1.246073E+05,2.490921E+05,3.672850E+01,8.673132E+05,1.851790E+01,0.000000E+00,0.000000E+00,1.851790E+01,0.000000E+00,7.537449E+01,1.097483E+06,2.193887E+06,4.482104E+00,1.058412E+05,1.851790E+00,0.000000E+00,0.000000E+00,1.851790E+00,0.000000E+00,7.754268E+00,1.129052E+05,2.256996E+05
21:50:00,1.851790E+00,4.372850E+04,6.992011E+00,0.000000E+00,0.000000E+00,1.851790E+00,0.000000E+00,2.987125E+01,4.316055E+05,8.660132E+05,2.740739E+00,6.472031E+04,1.851790E+00,0.000000E+00,0.000000E+00,1.851790E+00,0.000000E+00,8.532161E+00,1.232800E+05,2.473604E+05,3.671060E+01,8.668905E+05,1.851790E+01,0.000000E+00,0.000000E+00,1.851790E+01,0.000000E+00,7.505350E+01,1.084438E+06,2.175916E+06,4.476305E+00,1.057043E+05,1.851790E+00,0.000000E+00,0.000000E+00,1.851790E+00,0.000000E+00,7.689296E+00,1.111016E+05,2.229245E+05
22:00:00,1.851790E+00,4.372850E+04,6.992244E+00,0.000000E+00,0.000000E+00,1.851790E+00,0.000000E+00,2.986116E+01,4.281291E+05,8.622883E+05,2.739593E+00,6.469322E+04,1.851790E+00,0.000000E+00,0.000000E+00,1.851790E+00,0.000000E+00,8.507116E+00,1.219693E+05,2.456564E+05,3.669309E+01,8.664770E+05,1.851790E+01,0.000000E+00,0.000000E+00,1.851790E+01,0.000000E+00,7.474397E+01,1.071628E+06,2.158351E+06,4.470637E+00,1.055704E+05,1.851790E+00,0.000000E+00,0.000000E+00,1.851790E+00,0.000000E+00,7.627189E+00,1.093535E+05,2.202472E+05
22:10:00,1.851790E+00,4.372850E+04,6.993006E+00,0.000000E+00,0.000000E+00,1.851790E+00,0.000000E+00,2.909840E+01,4.146688E+05,8.376608E+05,2.501861E+00,5.907939E+04,1.851790E+00,0.000000E+00,0.000000E+00,1.851790E+00,0.000000E+00,7.178246E+00,1.022941E+05,2.066414E+05,3.276372E+01,7.736882E+05,1.851790E+01,0.000000E+00,0.000000E+00,1.851790E+01,0.000000E+00,6.297500E+01,8.974296E+05,1.812872E+06,3.726296E+00,8.799342E+04,1.851790E+00,0.000000E+00,0.000000E+00,1.851790E+00,0.000000E+00,6.411794E+00,9.137172E+04,1.845774E+05
22:20:00,1.851790E+00,4.372850E+04,6.993629E+00,0.000000E+00,0.000000E+00,1.851790E+00,0.000000E+00,2.833711E+01,4.013617E+05,8.132117E+05,2.264327E+00,5.347021E+04,1.851790E+00,0.000000E+00,0.000000E+00,1.851790E+00,0.000000E+00,5.869302E+00,8.313172E+04,1.684358E+05,2.883736E+01,6.809706E+05,1.851790E+01,0.000000E+00,0.000000E+00,1.851790E+01,0.000000E+00,5.129414E+01,7.265208E+05,1.472027E+06,3.256753E+00,7.690554E+04,1.851790E+00,0.000000E+00,0.000000E+00,1.851790E+00,0.000000E+00,5.210212E+00,7.379649E+04,1.495214E+05
22:30:00,1.851790E+00,4.372850E+04,6.994135E+00,0.000000E+00,0.000000E+00,1.851790E+00,0.000000E+00,2.757769E+01,3.882129E+05,7.889523E+05,2.026985E+00,4.786559E+04,1.851790E+00,0.000000E+00,0.000000E+00,1.851790E+00,0.000000E+00,4.668665E+00,6.572109E+04,1.335628E+05,2.491396E+01,5.883226E+05,1.851790E+01,0.000000E+00,0.000000E+00,1.851790E+01,0.000000E+00,3.980272E+01,5.603054E+05,1.138690E+06,2.831413E+00,6.686149E+04,1.851790E+00,0.000000E+00,0.000000E+00,1.851790E+00,0.000000E+00,4.032601E+00,5.676719E+04,1.153661E+05
22:40:00,1.851790E+00,4.372850E+04,6.994490E+00,0.000000E+00,0.000000E+00,1.851790E+00,0.000000E+00,2.682025E+01,3.752237E+05,7.648853E+05,1.851790E+00,4.372850E+04,1.851790E+00,0.000000E+00,0.000000E+00,1.851790E+00,0.000000E+00,3.571807E+00,4.997069E+04,1.018642E+05,2.111038E+01,4.985044E+05,1.851790E+01,0.000000E+00,0.000000E+00,1.851790E+01,0.000000E+00,2.919019E+01,4.083798E+05,8.324733E+05,2.427071E+00,5.731328E+04,1.851790E+00,0.000000E+00,0.000000E+00,1.851790E+00,0.000000E+00,2.948166E+00,4.124576E+04,8.407858E+04
22:50:00,1.851790E+00,4.372850E+04,6.994607E+00,0.000000E+00,0.000000E+00,1.851790E+00,0.000000E+00,2.677566E+01,3.722769E+05,7.612193E+05,1.851790E+00,4.372850E+04,1.851790E+00,0.000000E+00,0.000000E+00,1.851790E+00,0.000000E+00,2.587861E+00,3.598048E+04,7.357168E+04,1.851790E+01,4.372850E+05,1.851790E+01,0.000000E+00,0.000000E+00,1.851790E+01,0.000000E+00,2.366976E+01,3.290939E+05,6.729203E+05,2.027399E+00,4.787537E+04,1.851790E+00,0.000000E+00,0.000000E+00,1.851790E+00,0.000000E+00,2.365679E+00,3.289135E+04,6.725514E+04
23:00:00,1.851790E+00,4.372850E+04,6.994655E+00,0.000000E+00,0.000000E+00,1.851790E+00,0.000000E+00,2.675615E+01,3.696846E+05,7.582726E+05,1.851790E+00,4.372850E+04,1.851790E+00,0.000000E+00,0.000000E+00,1.851790E+00,0.000000E+00,2.465114E+00,3.406000E+04,6.986163E+04,1.851790E+01,4.372850E+05,1.851790E+01,0.000000E+00,0.000000E+00,1.851790E+01,0.000000E+00,2.326032E+01,3.213833E+05,6.592002E+05,1.851790E+00,4.372850E+04,1.851790E+00,0.000000E+00,0.000000E+00,1.851790E+00,0.000000E+00,2.325467E+00,3.213052E+04,6.590401E+04
23:10:00,1.851790E+00,4.372850E+04,6.994015E+00,0.000000E+00,0.000000E+00,1.851790E+00,0.000000E+00,2.675762E+01,3.673835E+05,7.559217E+05,1.851790E+00,4.372850E+04,1.851790E+00,0.000000E+00,0.000000E+00,1.851790E+00,0.000000E+00,2.500103E+00,3.432654E+04,7.062967E+04,1.851790E+01,4.372850E+05,1.851790E+01,0.000000E+00,0.000000E+00,1.851790E+01,0.000000E+00,2.327477E+01,3.195639E+05,6.575288E+05,1.851790E+00,4.372850E+04,1.851790E+00,0.000000E+00,0.000000E+00,1.851790E+00,0.000000E+00,2.326773E+00,3.194672E+04,6.573300E+04
23:20:00,1.851790E+00,4.372850E+04,6.993388E+00,0.000000E+00,0.000000E+00,1.851790E+00,0.000000E+00,2.675964E+01,3.650898E+05,7.535863E+05,1.851790E+00,4.372850E+04,1.851790E+00,0.000000E+00,0.000000E+00,1.851790E+00,0.000000E+00,2.520464E+00,3.438744E+04,7.097953E+04,1.851790E+01,4.372850E+05,1.851790E+01,0.000000E+00,0.000000E+00,1.851790E+01,0.000000E+00,2.329226E+01,3.177833E+05,6.559404E+05,1.857753E+00,4.386932E+04,1.851790E+00,0.000000E+00,0.000000E+00,1.851790E+00,0.000000E+00,2.328403E+00,3.176710E+04,6.557085E+04
23:30:00,1.851790E+00,4.372850E+04,6.992745E+00,0.000000E+00,0.000000E+00,1.851790E+00,0.000000E+00,2.676176E+01,3.627971E+05,7.512534E+05,1.851790E+00,4.372850E+04,1.851790E+00,0.000000E+00,0.000000E+00,1.851790E+00,0.000000E+00,2.528459E+00,3.427717E+04,7.097863E+04,1.851790E+01,4.372850E+05,1.851790E+01,0.000000E+00,0.000000E+00,1.851790E+01,0.000000E+00,2.335628E+01,3.166306E+05,6.556551E+05,1.903784E+00,4.495629E+04,1.851790E+00,0.000000E+00,0.000000E+00,1.851790E+00,0.000000E+00,2.331674E+00,3.160945E+04,6.545450E+04
23:40:00,1.851790E+00,4.372850E+04,6.992112E+00,0.000000E+00,0.000000E+00,1.851790E+00,0.000000E+00,2.676383E+01,3.605033E+05,7.489189E+05,1.851790E+00,4.372850E+04,1.851790E+00,0.000000E+00,0.000000E+00,1.851790E+00,0.000000E+00,2.535483E+00,3.415244E+04,7.094915E+04,1.851790E+01,4.372850E+05,1.851790E+01,0.000000E+00,0.000000E+00,1.851790E+01,0.000000E+00,2.340433E+01,3.152515E+05,6.549115E+05,1.949455E+00,4.603478E+04,1.851790E+00,0.000000E+00,0.000000E+00,1.851790E+00,0.000000E+00,2.336113E+00,3.146696E+04,6.537028E+04
23:50:00,1.851790E+00,4.372850E+04,6.991572E+00,0.000000E+00,0.000000E+00,1.851790E+00,0.000000E+00,2.676565E+01,3.582059E+05,7.465767E+05,1.851790E+00,4.372850E+04,1.851790E+00,0.000000E+00,0.000000E+00,1.851790E+00,0.000000E+00,2.541220E+00,3.400926E+04,7.088248E+04,1.851790E+01,4.372850E+05,1.851790E+01,0.000000E+00,0.000000E+00,1.851790E+01,0.000000E+00,2.346621E+01,3.140493E+05,6.545451E+05,1.995765E+00,4.712836E+04,1.851790E+00,0.000000E+00,0.000000E+00,1.851790E+00,0.000000E+00,2.342098E+00,3.134440E+04,6.532836E+04
24:00:00,1.851790E+00,4.372850E+04,6.990952E+00,0.000000E+00,0.000000E+00,1.851790E+00,0.000000E+00,2.676732E+01,3.559060E+05,7.442299E+05,1.851790E+00,4.372850E+04,1.851790E+00,0.000000E+00,0.000000E+00,1.851790E+00,0.000000E+00,2.545703E+00,3.384840E+04,7.077990E+04,1.851790E+01,4.372850E+05,1.851790E+01,0.000000E+00,0.000000E+00,1.851790E+01,0.000000E+00,2.350756E+01,3.125634E+05,6.535968E+05,2.033136E+00,4.801083E+04,1.851790E+00,0.000000E+00,0.000000E+00,1.851790E+00,0.000000E+00,2.346061E+00,3.119390E+04,6.522913E+04
Coinc Peak   ,1.851790E+00,3.119218E+01,0.000000E+00,4.011425E+05,3.188572E+00,1.121667E+01,7.529551E+04,2.031290E+05,4.595117E+01,1.052594E+02,1.085099E+06,1.958732E+06,6.969448E+00,1.161712E+01,1.645778E+05,2.064068E+05
NonCoinc Peak,1.851790E+00,3.119476E+01,0.000000E+00,4.011425E+05,3.188572E+00,1.273942E+01,7.529551E+04,2.031290E+05,4.595117E+01,1.223732E+02,1.085099E+06,1.958732E+06,6.969448E+00,1.279854E+01,1.645778E+05,2.064068E+05
