Time,VAV WITH REHEAT:DesPer 1:Des Heat Mass Flow [kg/s],VAV WITH REHEAT:DesPer 1:Des Heat Cap [W],VAV WITH REHEAT:DesPer 1:Des Cool Mass Flow [kg/s],VAV WITH REHEAT:DesPer 1:Des Sens Cool Cap [W],VAV WITH REHEAT:DesPer 1:Des Tot Cool Cap [W],VAV WITH REHEAT:DesPer 2:Des Heat Mass Flow [kg/s],VAV WITH REHEAT:DesPer 2:Des Heat Cap [W],VAV WITH REHEAT:DesPer 2:Des Cool Mass Flow [kg/s],VAV WITH REHEAT:DesPer 2:Des Sens Cool Cap [W],VAV WITH REHEAT:DesPer 2:Des Tot Cool Cap [W],FLR_3_DOAS:DesPer 1:Des Heat Mass Flow [kg/s],FLR_3_DOAS:DesPer 1:Des Heat Cap [W],FLR_3_DOAS:DesPer 1:Des Cool Mass Flow [kg/s],FLR_3_DOAS:DesPer 1:Des Sens Cool Cap [W],FLR_3_DOAS:DesPer 1:Des Tot Cool Cap [W],FLR_3_DOAS:DesPer 2:Des Heat Mass Flow [kg/s],FLR_3_DOAS:DesPer 2:Des Heat Cap [W],FLR_3_DOAS:DesPer 2:Des Cool Mass Flow [kg/s],FLR_3_DOAS:DesPer 2:Des Sens Cool Cap [W],FLR_3_DOAS:DesPer 2:Des Tot Cool Cap [W]
00:10:00,8.801743E+00,2.423395E+05,8.421397E+00,0.000000E+00,0.000000E+00,8.421397E+00,0.000000E+00,2.162311E+01,2.653202E+05,4.679921E+05,4.722375E+00,1.300218E+05,2.468955E+00,0.000000E+00,0.000000E+00,2.468955E+00,0.000000E+00,1.242465E+01,1.642779E+05,3.444988E+05
00:20:00,8.801613E+00,2.423359E+05,8.421397E+00,0.000000E+00,0.000000E+00,8.421397E+00,0.000000E+00,2.161681E+01,2.644141E+05,4.670826E+05,4.722159E+00,1.300158E+05,2.468955E+00,0.000000E+00,0.000000E+00,2.468955E+00,0.000000E+00,1.238892E+01,1.628842E+05,3.425585E+05
00:30:00,8.801483E+00,2.423323E+05,8.421397E+00,0.000000E+00,0.000000E+00,8.421397E+00,0.000000E+00,2.161068E+01,2.635102E+05,4.661679E+05,4.721943E+00,1.300099E+05,2.468955E+00,0.000000E+00,0.000000E+00,2.468955E+00,0.000000E+00,1.235365E+01,1.615018E+05,3.406366E+05
00:40:00,8.801309E+00,2.423276E+05,8.421397E+00,0.000000E+00,0.000000E+00,8.421397E+00,0.000000E+00,2.154638E+01,2.619527E+05,4.643477E+05,4.721360E+00,1.299938E+05,2.468955E+00,0.000000E+00,0.000000E+00,2.468955E+00,0.000000E+00,1.231883E+01,1.601306E+05,3.387324E+05
00:50:00,8.801234E+00,2.423255E+05,8.421397E+00,0.000000E+00,0.000000E+00,8.421397E+00,0.000000E+00,2.148504E+01,2.604290E+05,4.625742E+05,4.721511E+00,1.299980E+05,2.468955E+00,0.000000E+00,0.000000E+00,2.468955E+00,0.000000E+00,1.228446E+01,1.587705E+05,3.368460E+05
01:00:00,8.801080E+00,2.423212E+05,8.421397E+00,0.000000E+00,0.000000E+00,8.421397E+00,0.000000E+00,2.146855E+01,2.594090E+05,4.614966E+05,4.720942E+00,1.299823E+05,2.468955E+00,0.000000E+00,0.000000E+00,2.468955E+00,0.000000E+00,1.225056E+01,1.574213E+05,3.349775E+05
01:10:00,8.801087E+00,2.423214E+05,8.421397E+00,0.000000E+00,0.000000E+00,8.421397E+00,0.000000E+00,2.145288E+01,2.586762E+05,4.607165E+05,4.720957E+00,1.299827E+05,2.468955E+00,0.000000E+00,0.000000E+00,2.468955E+00,0.000000E+00,1.221729E+01,1.563882E+05,3.334438E+05
01:20:00,8.801093E+00,2.423216E+05,8.421397E+00,0.000000E+00,0.000000E+00,8.421397E+00,0.000000E+00,2.143750E+01,2.579466E+05,4.599395E+05,4.720971E+00,1.299831E+05,2.468955E+00,0.000000E+00,0.000000E+00,2.468955E+00,0.000000E+00,1.218471E+01,1.553671E+05,3.319320E+05
01:30:00,8.801100E+00,2.423218E+05,8.421397E+00,0.000000E+00,0.000000E+00,8.421397E+00,0.000000E+00,2.142241E+01,2.572203E+05,4.591664E+05,4.720985E+00,1.299835E+05,2.468955E+00,0.000000E+00,0.000000E+00,2.468955E+00,0.000000E+00,1.215283E+01,1.543581E+05,3.304426E+05
01:40:00,8.801107E+00,2.423220E+05,8.421397E+00,0.000000E+00,0.000000E+00,8.421397E+00,0.000000E+00,2.140764E+01,2.564975E+05,4.583972E+05,4.721000E+00,1.299839E+05,2.468955E+00,0.000000E+00,0.000000E+00,2.468955E+00,0.000000E+00,1.212165E+01,1.533612E+05,3.289756E+05
01:50:00,8.801113E+00,2.423222E+05,8.421397E+00,0.000000E+00,0.000000E+00,8.421397E+00,0.000000E+00,2.139318E+01,2.557783E+05,4.576324E+05,4.721014E+00,1.299843E+05,2.468955E+00,0.000000E+00,0.000000E+00,2.468955E+00,0.000000E+00,1.209119E+01,1.523763E+05,3.275309E+05
02:00:00,8.801120E+00,2.423223E+05,8.421397E+00,0.000000E+00,0.000000E+00,8.421397E+00,0.000000E+00,2.137904E+01,2.550626E+05,4.568720E+05,4.721028E+00,1.299847E+05,2.468955E+00,0.000000E+00,0.000000E+00,2.468955E+00,0.000000E+00,1.206143E+01,1.514035E+05,3.261088E+05
02:10:00,8.801127E+00,2.423225E+05,8.421397E+00,0.000000E+00,0.000000E+00,8.421397E+00,0.000000E+00,2.136513E+01,2.544887E+05,4.562576E+05,4.721042E+00,1.299850E+05,2.468955E+00,0.000000E+00,0.000000E+00,2.468955E+00,0.000000E+00,1.203217E+01,1.505888E+05,3.248565E+05
02:20:00,8.801133E+00,2.423227E+05,8.421397E+00,0.000000E+00,0.000000E+00,8.421397E+00,0.000000E+00,2.135144E+01,2.539174E+05,4.556460E+05,4.721056E+00,1.299854E+05,2.468955E+00,0.000000E+00,0.000000E+00,2.468955E+00,0.000000E+00,1.200336E+01,1.497819E+05,3.236186E+05
02:30:00,8.801140E+00,2.423229E+05,8.421397E+00,0.000000E+00,0.000000E+00,8.421397E+00,0.000000E+00,2.133799E+01,2.533486E+05,4.550376E+05,4.721069E+00,1.299858E+05,2.468955E+00,0.000000E+00,0.000000E+00,2.468955E+00,0.000000E+00,1.197505E+01,1.489834E+05,3.223967E+05
02:40:00,8.801147E+00,2.423231E+05,8.421397E+00,0.000000E+00,0.000000E+00,8.421397E+00,0.000000E+00,2.132476E+01,2.527824E+05,4.544319E+05,4.721083E+00,1.299862E+05,2.468955E+00,0.000000E+00,0.000000E+00,2.468955E+00,0.000000E+00,1.194722E+01,1.481930E+05,3.211898E+05
02:50:00,8.801153E+00,2.423233E+05,8.421397E+00,0.000000E+00,0.000000E+00,8.421397E+00,0.000000E+00,2.131175E+01,2.522187E+05,4.538292E+05,4.721097E+00,1.299865E+05,2.468955E+00,0.000000E+00,0.000000E+00,2.468955E+00,0.000000E+00,1.191986E+01,1.474105E+05,3.199974E+05
03:00:00,8.801160E+00,2.423234E+05,8.421397E+00,0.000000E+00,0.000000E+00,8.421397E+00,0.000000E+00,2.129897E+01,2.516574E+05,4.532295E+05,4.721110E+00,1.299869E+05,2.468955E+00,0.000000E+00,0.000000E+00,2.468955E+00,0.000000E+00,1.189298E+01,1.466359E+05,3.188201E+05
03:10:00,8.801166E+00,2.423236E+05,8.421397E+00,0.000000E+00,0.000000E+00,8.421397E+00,0.000000E+00,2.128633E+01,2.510979E+05,4.526318E+05,4.721123E+00,1.299873E+05,2.468955E+00,0.000000E+00,0.000000E+00,2.468955E+00,0.000000E+00,1.186638E+01,1.458667E+05,3.176522E+05
03:20:00,8.801173E+00,2.423238E+05,8.421397E+00,0.000000E+00,0.000000E+00,8.421397E+00,0.000000E+00,2.127383E+01,2.505398E+05,4.520357E+05,4.721137E+00,1.299876E+05,2.468955E+00,0.000000E+00,0.000000E+00,2.468955E+00,0.000000E+00,1.184003E+01,1.451026E+05,3.164931E+05
03:30:00,8.801179E+00,2.423240E+05,8.421397E+00,0.000000E+00,0.000000E+00,8.421397E+00,0.000000E+00,2.126146E+01,2.499832E+05,4.514416E+05,4.721150E+00,1.299880E+05,2.468955E+00,0.000000E+00,0.000000E+00,2.468955E+00,0.000000E+00,1.181392E+01,1.443433E+05,3.153426E+05
03:40:00,8.801186E+00,2.423242E+05,8.421397E+00,0.000000E+00,0.000000E+00,8.421397E+00,0.000000E+00,2.124920E+01,2.494279E+05,4.508487E+05,4.721163E+00,1.299884E+05,2.468955E+00,0.000000E+00,0.000000E+00,2.468955E+00,0.000000E+00,1.178804E+01,1.435889E+05,3.142002E+05
03:50:00,8.801192E+00,2.423243E+05,8.421397E+00,0.000000E+00,0.000000E+00,8.421397E+00,0.000000E+00,2.123705E+01,2.488738E+05,4.502572E+05,4.721176E+00,1.299887E+05,2.468955E+00,0.000000E+00,0.000000E+00,2.468955E+00,0.000000E+00,1.176238E+01,1.428391E+05,3.130656E+05
04:00:00,8.801199E+00,2.423245E+05,8.421397E+00,0.000000E+00,0.000000E+00,8.421397E+00,0.000000E+00,2.122500E+01,2.483208E+05,4.496671E+05,4.721189E+00,1.299891E+05,2.468955E+00,0.000000E+00,0.000000E+00,2.468955E+00,0.000000E+00,1.173695E+01,1.420938E+05,3.119389E+05
04:10:00,8.801205E+00,2.423247E+05,8.421397E+00,0.000000E+00,0.000000E+00,8.421397E+00,0.000000E+00,2.123182E+01,2.481190E+05,4.495127E+05,4.721202E+00,1.299894E+05,2.468955E+00,0.000000E+00,0.000000E+00,2.468955E+00,0.000000E+00,1.171196E+01,1.415009E+05,3.109754E+05
04:20:00,8.801212E+00,2.423249E+05,8.421397E+00,0.000000E+00,0.000000E+00,8.421397E+00,0.000000E+00,2.123882E+01,2.479189E+05,4.492012E+05,4.721214E+00,1.299898E+05,2.468955E+00,0.000000E+00,0.000000E+00,2.468955E+00,0.000000E+00,1.168742E+01,1.409148E+05,3.100254E+05
04:30:00,8.801218E+00,2.423250E+05,8.421397E+00,0.000000E+00,0.000000E+00,8.421397E+00,0.000000E+00,2.124599E+01,2.477209E+05,4.489666E+05,4.721227E+00,1.299901E+05,2.468955E+00,0.000000E+00,0.000000E+00,2.468955E+00,0.000000E+00,1.166330E+01,1.403348E+05,3.090875E+05
04:40:00,8.801224E+00,2.423252E+05,8.421397E+00,0.000000E+00,0.000000E+00,8.421397E+00,0.000000E+00,2.125335E+01,2.475251E+05,4.488161E+05,4.721240E+00,1.299905E+05,2.468955E+00,0.000000E+00,0.000000E+00,2.468955E+00,0.000000E+00,1.163962E+01,1.397614E+05,3.081628E+05
04:50:00,8.801231E+00,2.423254E+05,8.421397E+00,0.000000E+00,0.000000E+00,8.421397E+00,0.000000E+00,2.126251E+01,2.473496E+05,4.487065E+05,4.721252E+00,1.299908E+05,2.468955E+00,0.000000E+00,0.000000E+00,2.468955E+00,0.000000E+00,1.162108E+01,1.392508E+05,3.073750E+05
05:00:00,8.801237E+00,2.423256E+05,8.421397E+00,0.000000E+00,0.000000E+00,8.421397E+00,0.000000E+00,2.127572E+01,2.472195E+05,4.486432E+05,4.721265E+00,1.299912E+05,2.468955E+00,0.000000E+00,0.000000E+00,2.468955E+00,0.000000E+00,1.161459E+01,1.388851E+05,3.069068E+05
05:10:00,8.801243E+00,2.423257E+05,8.421397E+00,0.000000E+00,0.000000E+00,8.421397E+00,0.000000E+00,2.127657E+01,2.475073E+05,4.489400E+05,4.721277E+00,1.299915E+05,2.468955E+00,0.000000E+00,0.000000E+00,2.468955E+00,0.000000E+00,1.163072E+01,1.393663E+05,3.076301E+05
05:20:00,8.801250E+00,2.423259E+05,8.421397E+00,0.000000E+00,0.000000E+00,8.421397E+00,0.000000E+00,2.128716E+01,2.479049E+05,4.493697E+05,4.721289E+00,1.299918E+05,2.468955E+00,0.000000E+00,0.000000E+00,2.468955E+00,0.000000E+00,1.167568E+01,1.401945E+05,3.091175E+05
05:30:00,8.801256E+00,2.423261E+05,8.421397E+00,0.000000E+00,0.000000E+00,8.421397E+00,0.000000E+00,2.130666E+01,2.484024E+05,4.499028E+05,4.721301E+00,1.299922E+05,2.468955E+00,0.000000E+00,0.000000E+00,2.468955E+00,0.000000E+00,1.174542E+01,1.413229E+05,3.112638E+05
05:40:00,8.801262E+00,2.423263E+05,8.421397E+00,0.000000E+00,0.000000E+00,8.421397E+00,0.000000E+00,2.133513E+01,2.490007E+05,4.505581E+05,4.721313E+00,1.299925E+05,2.468955E+00,0.000000E+00,0.000000E+00,2.468955E+00,0.000000E+00,1.183922E+01,1.427451E+05,3.140523E+05
05:50:00,8.801268E+00,2.423264E+05,8.421397E+00,0.000000E+00,0.000000E+00,8.421397E+00,0.000000E+00,2.137112E+01,2.496835E+05,4.513258E+05,4.721325E+00,1.299928E+05,2.468955E+00,0.000000E+00,0.000000E+00,2.468955E+00,0.000000E+00,1.195179E+01,1.443985E+05,3.173433E+05
06:00:00,8.801274E+00,2.423266E+05,8.421397E+00,0.000000E+00,0.000000E+00,8.421397E+00,0.000000E+00,2.141414E+01,2.504454E+05,4.522017E+05,4.721337E+00,1.299932E+05,2.468955E+00,0.000000E+00,0.000000E+00,2.468955E+00,0.000000E+00,1.208120E+01,1.462615E+05,3.210882E+05
06:10:00,8.801281E+00,2.423268E+05,8.421397E+00,0.000000E+00,0.000000E+00,8.421397E+00,0.000000E+00,2.145987E+01,2.519335E+05,4.538229E+05,4.721349E+00,1.299935E+05,2.468955E+00,0.000000E+00,0.000000E+00,2.468955E+00,0.000000E+00,1.221235E+01,1.489087E+05,3.256658E+05
06:20:00,8.801287E+00,2.423269E+05,8.421397E+00,0.000000E+00,0.000000E+00,8.421397E+00,0.000000E+00,2.150547E+01,2.534203E+05,4.554465E+05,4.721361E+00,1.299938E+05,2.468955E+00,0.000000E+00,0.000000E+00,2.468955E+00,0.000000E+00,1.233663E+01,1.514943E+05,3.300829E+05
06:30:00,8.801293E+00,2.423271E+05,8.421397E+00,0.000000E+00,0.000000E+00,8.421397E+00,0.000000E+00,2.155154E+01,2.549123E+05,4.570739E+05,4.721372E+00,1.299941E+05,2.468955E+00,0.000000E+00,0.000000E+00,2.468955E+00,0.000000E+00,1.245653E+01,1.540474E+05,3.344047E+05
06:40:00,8.801299E+00,2.423273E+05,8.421397E+00,0.000000E+00,0.000000E+00,8.421397E+00,0.000000E+00,2.159764E+01,2.564046E+05,4.586988E+05,4.721384E+00,1.299945E+05,2.468955E+00,0.000000E+00,0.000000E+00,2.468955E+00,0.000000E+00,1.257113E+01,1.565552E+05,3.386052E+05
06:50:00,8.801305E+00,2.423274E+05,8.421397E+00,0.000000E+00,0.000000E+00,8.421397E+00,0.000000E+00,2.164337E+01,2.578929E+05,4.603186E+05,4.721395E+00,1.299948E+05,2.468955E+00,0.000000E+00,0.000000E+00,2.468955E+00,0.000000E+00,1.267967E+01,1.590068E+05,3.426623E+05
07:00:00,8.801312E+00,2.423276E+05,8.421397E+00,0.000000E+00,0.000000E+00,8.421397E+00,0.000000E+00,2.168674E+01,2.593546E+05,4.619031E+05,4.721407E+00,1.299951E+05,2.468955E+00,0.000000E+00,0.000000E+00,2.468955E+00,0.000000E+00,1.277594E+01,1.613225E+05,3.464064E+05
07:10:00,8.801318E+00,2.423278E+05,8.421397E+00,0.000000E+00,0.000000E+00,8.421397E+00,0.000000E+00,2.171947E+01,2.620884E+05,4.647541E+05,4.721418E+00,1.299954E+05,2.468955E+00,0.000000E+00,0.000000E+00,2.468955E+00,0.000000E+00,1.286570E+01,1.651664E+05,3.516334E+05
07:20:00,8.801324E+00,2.423280E+05,8.421397E+00,0.000000E+00,0.000000E+00,8.421397E+00,0.000000E+00,2.175193E+01,2.648192E+05,4.676819E+05,4.721429E+00,1.299957E+05,2.468955E+00,0.000000E+00,0.000000E+00,2.468955E+00,0.000000E+00,1.295036E+01,1.689818E+05,3.567595E+05
07:30:00,8.801330E+00,2.423281E+05,8.421397E+00,0.000000E+00,0.000000E+00,8.421397E+00,0.000000E+00,2.178440E+01,2.675502E+05,4.705650E+05,4.721440E+00,1.299960E+05,2.468955E+00,0.000000E+00,0.000000E+00,2.468955E+00,0.000000E+00,1.303073E+01,1.727759E+05,3.618029E+05
07:40:00,8.801336E+00,2.423283E+05,8.421397E+00,0.000000E+00,0.000000E+00,8.421397E+00,0.000000E+00,2.181753E+01,2.702885E+05,4.734131E+05,4.721452E+00,1.299963E+05,2.468955E+00,0.000000E+00,0.000000E+00,2.468955E+00,0.000000E+00,1.310857E+01,1.765697E+05,3.668105E+05
07:50:00,8.801342E+00,2.423285E+05,8.421397E+00,0.000000E+00,0.000000E+00,8.421397E+00,0.000000E+00,2.185381E+01,2.730623E+05,4.763006E+05,4.721463E+00,1.299966E+05,2.468955E+00,0.000000E+00,0.000000E+00,2.468955E+00,0.000000E+00,1.319154E+01,1.804665E+05,3.719963E+05
08:00:00,8.801348E+00,2.423286E+05,8.421397E+00,0.000000E+00,0.000000E+00,8.421397E+00,0.000000E+00,2.189366E+01,2.758761E+05,4.792372E+05,4.721473E+00,1.299969E+05,2.468955E+00,0.000000E+00,0.000000E+00,2.468955E+00,0.000000E+00,1.327982E+01,1.844722E+05,3.773695E+05
08:10:00,8.801355E+00,2.423288E+05,8.421397E+00,0.000000E+00,0.000000E+00,8.421397E+00,0.000000E+00,2.194793E+01,2.791303E+05,4.826728E+05,4.721484E+00,1.299972E+05,2.468955E+00,0.000000E+00,0.000000E+00,2.468955E+00,0.000000E+00,1.337295E+01,1.889147E+05,3.832611E+05
08:20:00,8.801361E+00,2.423290E+05,8.421397E+00,0.000000E+00,0.000000E+00,8.421397E+00,0.000000E+00,2.200631E+01,2.824307E+05,4.861635E+05,4.721495E+00,1.299975E+05,2.468955E+00,0.000000E+00,0.000000E+00,2.468955E+00,0.000000E+00,1.347289E+01,1.934991E+05,3.893952E+05
08:30:00,8.801367E+00,2.423291E+05,8.421397E+00,0.000000E+00,0.000000E+00,8.421397E+00,0.000000E+00,2.206937E+01,2.857836E+05,4.897178E+05,4.721506E+00,1.299978E+05,2.468955E+00,0.000000E+00,0.000000E+00,2.468955E+00,0.000000E+00,1.358135E+01,1.982548E+05,3.958258E+05
08:40:00,8.801373E+00,2.423293E+05,8.421397E+00,0.000000E+00,0.000000E+00,8.421397E+00,0.000000E+00,2.213718E+01,2.891900E+05,4.933372E+05,4.721516E+00,1.299981E+05,2.468955E+00,0.000000E+00,0.000000E+00,2.468955E+00,0.000000E+00,1.369874E+01,2.031942E+05,4.025718E+05
08:50:00,8.801379E+00,2.423295E+05,8.421397E+00,0.000000E+00,0.000000E+00,8.421397E+00,0.000000E+00,2.220774E+01,2.926275E+05,4.969915E+05,4.721527E+00,1.299984E+05,2.468955E+00,0.000000E+00,0.000000E+00,2.468955E+00,0.000000E+00,1.381922E+01,2.082352E+05,4.094658E+05
09:00:00,8.801385E+00,2.423296E+05,8.421397E+00,0.000000E+00,0.000000E+00,8.421397E+00,0.000000E+00,2.228106E+01,2.960959E+05,5.006816E+05,4.721538E+00,1.299987E+05,2.468955E+00,0.000000E+00,0.000000E+00,2.468955E+00,0.000000E+00,1.394400E+01,2.133990E+05,4.165476E+05
09:10:00,8.801391E+00,2.423298E+05,8.421397E+00,0.000000E+00,0.000000E+00,8.421397E+00,0.000000E+00,2.235703E+01,2.993158E+05,5.041209E+05,4.721548E+00,1.299990E+05,2.468955E+00,0.000000E+00,0.000000E+00,2.468955E+00,0.000000E+00,1.407182E+01,2.183198E+05,4.234213E+05
09:20:00,8.801397E+00,2.423300E+05,8.421397E+00,0.000000E+00,0.000000E+00,8.421397E+00,0.000000E+00,2.243442E+01,3.025517E+05,5.075732E+05,4.721558E+00,1.299993E+05,2.468955E+00,0.000000E+00,0.000000E+00,2.468955E+00,0.000000E+00,1.420162E+01,2.233257E+05,4.304107E+05
09:30:00,8.801403E+00,2.423301E+05,8.421397E+00,0.000000E+00,0.000000E+00,8.421397E+00,0.000000E+00,2.251252E+01,3.057955E+05,5.110361E+05,4.721569E+00,1.299995E+05,2.468955E+00,0.000000E+00,0.000000E+00,2.468955E+00,0.000000E+00,1.433223E+01,2.283992E+05,4.374815E+05
09:40:00,8.801409E+00,2.423303E+05,8.421397E+00,0.000000E+00,0.000000E+00,8.421397E+00,0.000000E+00,2.259079E+01,3.090415E+05,5.145022E+05,4.721579E+00,1.299998E+05,2.468955E+00,0.000000E+00,0.000000E+00,2.468955E+00,0.000000E+00,1.446273E+01,2.335259E+05,4.446051E+05
09:50:00,8.801415E+00,2.423305E+05,8.421397E+00,0.000000E+00,0.000000E+00,8.421397E+00,0.000000E+00,2.266875E+01,3.122838E+05,5.179630E+05,4.721589E+00,1.300001E+05,2.468955E+00,0.000000E+00,0.000000E+00,2.468955E+00,0.000000E+00,1.459222E+01,2.386912E+05,4.517547E+05
10:00:00,8.801421E+00,2.423306E+05,8.421397E+00,0.000000E+00,0.000000E+00,8.421397E+00,0.000000E+00,2.274590E+01,3.155170E+05,5.214108E+05,4.721599E+00,1.300004E+05,2.468955E+00,0.000000E+00,0.000000E+00,2.468955E+00,0.000000E+00,1.471982E+01,2.438795E+05,4.589012E+05
10:10:00,8.801427E+00,2.423308E+05,8.421397E+00,0.000000E+00,0.000000E+00,8.421397E+00,0.000000E+00,2.282059E+01,3.184444E+05,5.245363E+05,4.721609E+00,1.300007E+05,2.468955E+00,0.000000E+00,0.000000E+00,2.468955E+00,0.000000E+00,1.484475E+01,2.487090E+05,4.656401E+05
10:20:00,8.801433E+00,2.423309E+05,8.421397E+00,0.000000E+00,0.000000E+00,8.421397E+00,0.000000E+00,2.289357E+01,3.213525E+05,5.276431E+05,4.721619E+00,1.300009E+05,2.468955E+00,0.000000E+00,0.000000E+00,2.468955E+00,0.000000E+00,1.496604E+01,2.535234E+05,4.723123E+05
10:30:00,8.801438E+00,2.423311E+05,8.421397E+00,0.000000E+00,0.000000E+00,8.421397E+00,0.000000E+00,2.296446E+01,3.242371E+05,5.307190E+05,4.721629E+00,1.300012E+05,2.468955E+00,0.000000E+00,0.000000E+00,2.468955E+00,0.000000E+00,1.508316E+01,2.583113E+05,4.788984E+05
10:40:00,8.801444E+00,2.423313E+05,8.421397E+00,0.000000E+00,0.000000E+00,8.421397E+00,0.000000E+00,2.303289E+01,3.270941E+05,5.337588E+05,4.721639E+00,1.300015E+05,2.468955E+00,0.000000E+00,0.000000E+00,2.468955E+00,0.000000E+00,1.519533E+01,2.630571E+05,4.853715E+05
10:50:00,8.801450E+00,2.423314E+05,8.421397E+00,0.000000E+00,0.000000E+00,8.421397E+00,0.000000E+00,2.309858E+01,3.299203E+05,5.367608E+05,4.721648E+00,1.300017E+05,2.468955E+00,0.000000E+00,0.000000E+00,2.468955E+00,0.000000E+00,1.530221E+01,2.677520E+05,4.917173E+05
11:00:00,8.801456E+00,2.423316E+05,8.421397E+00,0.000000E+00,0.000000E+00,8.421397E+00,0.000000E+00,2.316124E+01,3.327124E+05,5.397219E+05,4.721658E+00,1.300020E+05,2.468955E+00,0.000000E+00,0.000000E+00,2.468955E+00,0.000000E+00,1.540326E+01,2.723835E+05,4.979156E+05
11:10:00,8.801462E+00,2.423317E+05,8.421397E+00,0.000000E+00,0.000000E+00,8.421397E+00,0.000000E+00,2.320522E+01,3.345988E+05,5.416902E+05,4.721668E+00,1.300023E+05,2.468955E+00,0.000000E+00,0.000000E+00,2.468955E+00,0.000000E+00,1.549762E+01,2.759728E+05,5.029454E+05
11:20:00,8.801467E+00,2.423319E+05,8.421397E+00,0.000000E+00,0.000000E+00,8.421397E+00,0.000000E+00,2.324557E+01,3.364444E+05,5.437695E+05,4.721677E+00,1.300025E+05,2.468955E+00,0.000000E+00,0.000000E+00,2.468955E+00,0.000000E+00,1.558525E+01,2.794648E+05,5.077798E+05
11:30:00,8.801473E+00,2.423321E+05,8.421397E+00,0.000000E+00,0.000000E+00,8.421397E+00,0.000000E+00,2.328210E+01,3.382472E+05,5.457206E+05,4.721687E+00,1.300028E+05,2.468955E+00,0.000000E+00,0.000000E+00,2.468955E+00,0.000000E+00,1.566599E+01,2.828541E+05,5.124117E+05
11:40:00,8.801523E+00,2.423334E+05,8.421397E+00,0.000000E+00,0.000000E+00,8.421397E+00,0.000000E+00,2.337314E+01,3.406621E+05,5.484333E+05,4.722066E+00,1.300132E+05,2.468955E+00,0.000000E+00,0.000000E+00,2.468955E+00,0.000000E+00,1.574027E+01,2.861461E+05,5.168520E+05
11:50:00,8.801535E+00,2.423338E+05,8.421397E+00,0.000000E+00,0.000000E+00,8.421397E+00,0.000000E+00,2.346026E+01,3.430324E+05,5.505418E+05,4.722190E+00,1.300167E+05,2.468955E+00,0.000000E+00,0.000000E+00,2.468955E+00,0.000000E+00,1.580847E+01,2.893450E+05,5.211107E+05
12:00:00,8.801559E+00,2.423344E+05,8.421397E+00,0.000000E+00,0.000000E+00,8.421397E+00,0.000000E+00,2.351566E+01,3.450465E+05,5.524599E+05,4.722540E+00,1.300263E+05,2.468955E+00,0.000000E+00,0.000000E+00,2.468955E+00,0.000000E+00,1.587145E+01,2.924647E+05,5.252138E+05
12:10:00,8.801475E+00,2.423321E+05,8.421397E+00,0.000000E+00,0.000000E+00,8.421397E+00,0.000000E+00,2.356762E+01,3.467440E+05,5.545415E+05,4.722177E+00,1.300163E+05,2.468955E+00,0.000000E+00,0.000000E+00,2.468955E+00,0.000000E+00,1.593196E+01,2.951594E+05,5.288447E+05
12:20:00,8.801456E+00,2.423316E+05,8.421397E+00,0.000000E+00,0.000000E+00,8.421397E+00,0.000000E+00,2.361637E+01,3.484055E+05,5.566402E+05,4.722324E+00,1.300203E+05,2.468955E+00,0.000000E+00,0.000000E+00,2.468955E+00,0.000000E+00,1.599178E+01,2.978532E+05,5.324646E+05
12:30:00,8.801409E+00,2.423303E+05,8.421397E+00,0.000000E+00,0.000000E+00,8.421397E+00,0.000000E+00,2.366181E+01,3.500297E+05,5.584744E+05,4.722257E+00,1.300185E+05,2.468955E+00,0.000000E+00,0.000000E+00,2.468955E+00,0.000000E+00,1.605183E+01,3.005631E+05,5.361042E+05
12:40:00,8.801329E+00,2.423281E+05,8.421397E+00,0.000000E+00,0.000000E+00,8.421397E+00,0.000000E+00,2.364543E+01,3.509593E+05,5.592767E+05,4.721867E+00,1.300078E+05,2.468955E+00,0.000000E+00,0.000000E+00,2.468955E+00,0.000000E+00,1.611251E+01,3.032968E+05,5.397773E+05
12:50:00,8.801292E+00,2.423271E+05,8.421397E+00,0.000000E+00,0.000000E+00,8.421397E+00,0.000000E+00,2.362544E+01,3.518490E+05,5.600448E+05,4.721738E+00,1.300042E+05,2.468955E+00,0.000000E+00,0.000000E+00,2.468955E+00,0.000000E+00,1.617373E+01,3.060527E+05,5.434812E+05
13:00:00,8.801249E+00,2.423259E+05,8.421397E+00,0.000000E+00,0.000000E+00,8.421397E+00,0.000000E+00,2.362948E+01,3.530084E+05,5.612048E+05,4.721387E+00,1.299945E+05,2.468955E+00,0.000000E+00,0.000000E+00,2.468955E+00,0.000000E+00,1.623506E+01,3.088228E+05,5.472008E+05
13:10:00,8.801317E+00,2.423278E+05,8.421397E+00,0.000000E+00,0.000000E+00,8.421397E+00,0.000000E+00,2.364680E+01,3.538988E+05,5.621479E+05,4.721752E+00,1.300046E+05,2.468955E+00,0.000000E+00,0.000000E+00,2.468955E+00,0.000000E+00,1.629410E+01,3.109555E+05,5.502313E+05
13:20:00,8.801325E+00,2.423280E+05,8.421397E+00,0.000000E+00,0.000000E+00,8.421397E+00,0.000000E+00,2.365945E+01,3.547368E+05,5.630114E+05,4.721609E+00,1.300007E+05,2.468955E+00,0.000000E+00,0.000000E+00,2.468955E+00,0.000000E+00,1.634917E+01,3.130197E+05,5.531355E+05
13:30:00,8.801363E+00,2.423290E+05,8.421397E+00,0.000000E+00,0.000000E+00,8.421397E+00,0.000000E+00,2.366742E+01,3.555220E+05,5.638214E+05,4.721681E+00,1.300026E+05,2.468955E+00,0.000000E+00,0.000000E+00,2.468955E+00,0.000000E+00,1.639917E+01,3.149931E+05,5.558743E+05
13:40:00,8.801392E+00,2.423298E+05,8.421397E+00,0.000000E+00,0.000000E+00,8.421397E+00,0.000000E+00,2.367069E+01,3.562546E+05,5.645792E+05,4.721709E+00,1.300034E+05,2.468955E+00,0.000000E+00,0.000000E+00,2.468955E+00,0.000000E+00,1.644319E+01,3.168577E+05,5.584167E+05
13:50:00,8.801418E+00,2.423305E+05,8.421397E+00,0.000000E+00,0.000000E+00,8.421397E+00,0.000000E+00,2.366930E+01,3.569348E+05,5.652779E+05,4.721731E+00,1.300040E+05,2.468955E+00,0.000000E+00,0.000000E+00,2.468955E+00,0.000000E+00,1.648052E+01,3.185983E+05,5.607372E+05
14:00:00,8.801441E+00,2.423312E+05,8.421397E+00,0.000000E+00,0.000000E+00,8.421397E+00,0.000000E+00,2.366332E+01,3.575633E+05,5.659150E+05,4.721751E+00,1.300045E+05,2.468955E+00,0.000000E+00,0.000000E+00,2.468955E+00,0.000000E+00,1.651061E+01,3.202030E+05,5.628151E+05
14:10:00,8.801461E+00,2.423317E+05,8.421397E+00,0.000000E+00,0.000000E+00,8.421397E+00,0.000000E+00,2.365146E+01,3.574300E+05,5.657579E+05,4.721768E+00,1.300050E+05,2.468955E+00,0.000000E+00,0.000000E+00,2.468955E+00,0.000000E+00,1.653247E+01,3.206270E+05,5.635603E+05
14:20:00,8.801479E+00,2.423322E+05,8.421397E+00,0.000000E+00,0.000000E+00,8.421397E+00,0.000000E+00,2.363503E+01,3.572453E+05,5.655367E+05,4.721784E+00,1.300055E+05,2.468955E+00,0.000000E+00,0.000000E+00,2.468955E+00,0.000000E+00,1.654568E+01,3.208831E+05,5.640104E+05
14:30:00,8.801495E+00,2.423327E+05,8.421397E+00,0.000000E+00,0.000000E+00,8.421397E+00,0.000000E+00,2.361418E+01,3.570109E+05,5.652615E+05,4.721799E+00,1.300059E+05,2.468955E+00,0.000000E+00,0.000000E+00,2.468955E+00,0.000000E+00,1.655001E+01,3.209671E+05,5.641580E+05
14:40:00,8.801509E+00,2.423331E+05,8.421397E+00,0.000000E+00,0.000000E+00,8.421397E+00,0.000000E+00,2.358910E+01,3.567289E+05,5.649342E+05,4.721813E+00,1.300063E+05,2.468955E+00,0.000000E+00,0.000000E+00,2.468955E+00,0.000000E+00,1.654536E+01,3.208770E+05,5.639997E+05
14:50:00,8.801522E+00,2.423334E+05,8.421397E+00,0.000000E+00,0.000000E+00,8.421397E+00,0.000000E+00,2.356002E+01,3.564019E+05,5.645545E+05,4.721825E+00,1.300066E+05,2.468955E+00,0.000000E+00,0.000000E+00,2.468955E+00,0.000000E+00,1.653175E+01,3.206130E+05,5.635356E+05
15:00:00,8.801533E+00,2.423337E+05,8.421397E+00,0.000000E+00,0.000000E+00,8.421397E+00,0.000000E+00,2.352723E+01,3.560333E+05,5.641256E+05,4.721837E+00,1.300069E+05,2.468955E+00,0.000000E+00,0.000000E+00,2.468955E+00,0.000000E+00,1.650941E+01,3.201797E+05,5.627741E+05
15:10:00,8.801544E+00,2.423340E+05,8.421397E+00,0.000000E+00,0.000000E+00,8.421397E+00,0.000000E+00,2.348984E+01,3.547779E+05,5.627757E+05,4.721847E+00,1.300072E+05,2.468955E+00,0.000000E+00,0.000000E+00,2.468955E+00,0.000000E+00,1.647850E+01,3.183550E+05,5.604575E+05
15:20:00,8.801553E+00,2.423343E+05,8.421397E+00,0.000000E+00,0.000000E+00,8.421397E+00,0.000000E+00,2.344941E+01,3.534884E+05,5.613926E+05,4.721857E+00,1.300075E+05,2.468955E+00,0.000000E+00,0.000000E+00,2.468955E+00,0.000000E+00,1.643951E+01,3.163792E+05,5.578717E+05
15:30:00,8.801561E+00,2.423345E+05,8.421397E+00,0.000000E+00,0.000000E+00,8.421397E+00,0.000000E+00,2.340640E+01,3.521699E+05,5.599738E+05,4.721867E+00,1.300078E+05,2.468955E+00,0.000000E+00,0.000000E+00,2.468955E+00,0.000000E+00,1.639313E+01,3.142677E+05,5.550414E+05
15:40:00,8.801569E+00,2.423347E+05,8.421397E+00,0.000000E+00,0.000000E+00,8.421397E+00,0.000000E+00,2.336132E+01,3.508281E+05,5.585251E+05,4.721876E+00,1.300080E+05,2.468955E+00,0.000000E+00,0.000000E+00,2.468955E+00,0.000000E+00,1.634008E+01,3.120357E+05,5.519930E+05
15:50:00,8.801577E+00,2.423349E+05,8.421397E+00,0.000000E+00,0.000000E+00,8.421397E+00,0.000000E+00,2.331466E+01,3.494685E+05,5.570550E+05,4.721885E+00,1.300082E+05,2.468955E+00,0.000000E+00,0.000000E+00,2.468955E+00,0.000000E+00,1.628128E+01,3.097020E+05,5.487586E+05
16:00:00,8.801584E+00,2.423351E+05,8.421397E+00,0.000000E+00,0.000000E+00,8.421397E+00,0.000000E+00,2.326698E+01,3.480975E+05,5.555711E+05,4.721894E+00,1.300085E+05,2.468955E+00,0.000000E+00,0.000000E+00,2.468955E+00,0.000000E+00,1.621759E+01,3.072847E+05,5.453692E+05
16:10:00,8.801592E+00,2.423353E+05,8.421397E+00,0.000000E+00,0.000000E+00,8.421397E+00,0.000000E+00,2.321509E+01,3.464007E+05,5.537374E+05,4.721903E+00,1.300087E+05,2.468955E+00,0.000000E+00,0.000000E+00,2.468955E+00,0.000000E+00,1.615105E+01,3.044225E+05,5.414809E+05
16:20:00,8.801599E+00,2.423355E+05,8.421397E+00,0.000000E+00,0.000000E+00,8.421397E+00,0.000000E+00,2.316407E+01,3.447139E+05,5.519591E+05,4.721911E+00,1.300090E+05,2.468955E+00,0.000000E+00,0.000000E+00,2.468955E+00,0.000000E+00,1.608352E+01,3.015551E+05,5.375735E+05
16:30:00,8.801606E+00,2.423357E+05,8.421397E+00,0.000000E+00,0.000000E+00,8.421397E+00,0.000000E+00,2.311369E+01,3.430342E+05,5.501659E+05,4.721920E+00,1.300092E+05,2.468955E+00,0.000000E+00,0.000000E+00,2.468955E+00,0.000000E+00,1.601280E+01,2.986416E+05,5.335733E+05
16:40:00,8.801612E+00,2.423359E+05,8.421397E+00,0.000000E+00,0.000000E+00,8.421397E+00,0.000000E+00,2.306523E+01,3.413761E+05,5.483788E+05,4.721928E+00,1.300094E+05,2.468955E+00,0.000000E+00,0.000000E+00,2.468955E+00,0.000000E+00,1.594352E+01,2.957686E+05,5.296354E+05
16:50:00,8.801619E+00,2.423361E+05,8.421397E+00,0.000000E+00,0.000000E+00,8.421397E+00,0.000000E+00,2.301896E+01,3.397426E+05,5.466162E+05,4.721936E+00,1.300097E+05,2.468955E+00,0.000000E+00,0.000000E+00,2.468955E+00,0.000000E+00,1.587650E+01,2.929514E+05,5.257869E+05
17:00:00,8.801625E+00,2.423363E+05,8.421397E+00,0.000000E+00,0.000000E+00,8.421397E+00,0.000000E+00,2.297476E+01,3.381324E+05,5.448809E+05,4.721945E+00,1.300099E+05,2.468955E+00,0.000000E+00,0.000000E+00,2.468955E+00,0.000000E+00,1.581064E+01,2.901685E+05,5.219900E+05
17:10:00,8.801632E+00,2.423364E+05,8.421397E+00,0.000000E+00,0.000000E+00,8.421397E+00,0.000000E+00,2.293704E+01,3.363167E+05,5.429551E+05,4.721953E+00,1.300101E+05,2.468955E+00,0.000000E+00,0.000000E+00,2.468955E+00,0.000000E+00,1.574542E+01,2.870202E+05,5.178256E+05
17:20:00,8.801638E+00,2.423366E+05,8.421397E+00,0.000000E+00,0.000000E+00,8.421397E+00,0.000000E+00,2.290034E+01,3.345124E+05,5.410431E+05,4.721961E+00,1.300103E+05,2.468955E+00,0.000000E+00,0.000000E+00,2.468955E+00,0.000000E+00,1.567959E+01,2.838769E+05,5.136575E+05
17:30:00,8.801644E+00,2.423368E+05,8.421397E+00,0.000000E+00,0.000000E+00,8.421397E+00,0.000000E+00,2.286488E+01,3.327220E+05,5.391502E+05,4.721969E+00,1.300106E+05,2.468955E+00,0.000000E+00,0.000000E+00,2.468955E+00,0.000000E+00,1.561514E+01,2.807749E+05,5.095517E+05
17:40:00,8.801651E+00,2.423369E+05,8.421397E+00,0.000000E+00,0.000000E+00,8.421397E+00,0.000000E+00,2.282914E+01,3.309285E+05,5.372543E+05,4.721976E+00,1.300108E+05,2.468955E+00,0.000000E+00,0.000000E+00,2.468955E+00,0.000000E+00,1.554682E+01,2.776197E+05,5.053366E+05
17:50:00,8.801657E+00,2.423371E+05,8.421397E+00,0.000000E+00,0.000000E+00,8.421397E+00,0.000000E+00,2.279241E+01,3.291239E+05,5.353451E+05,4.721984E+00,1.300110E+05,2.468955E+00,0.000000E+00,0.000000E+00,2.468955E+00,0.000000E+00,1.547258E+01,2.743764E+05,5.009469E+05
18:00:00,8.801663E+00,2.423373E+05,8.421397E+00,0.000000E+00,0.000000E+00,8.421397E+00,0.000000E+00,2.275417E+01,3.273024E+05,5.334156E+05,4.721992E+00,1.300112E+05,2.468955E+00,0.000000E+00,0.000000E+00,2.468955E+00,0.000000E+00,1.539194E+01,2.710388E+05,4.963699E+05
18:10:00,8.801669E+00,2.423374E+05,8.421397E+00,0.000000E+00,0.000000E+00,8.421397E+00,0.000000E+00,2.271223E+01,3.247434E+05,5.307189E+05,4.721999E+00,1.300114E+05,2.468955E+00,0.000000E+00,0.000000E+00,2.468955E+00,0.000000E+00,1.529587E+01,2.665036E+05,4.903410E+05
18:20:00,8.801675E+00,2.423376E+05,8.421397E+00,0.000000E+00,0.000000E+00,8.421397E+00,0.000000E+00,2.266690E+01,3.221464E+05,5.279822E+05,4.722007E+00,1.300116E+05,2.468955E+00,0.000000E+00,0.000000E+00,2.468955E+00,0.000000E+00,1.518712E+01,2.617856E+05,4.839452E+05
18:30:00,8.801680E+00,2.423378E+05,8.421397E+00,0.000000E+00,0.000000E+00,8.421397E+00,0.000000E+00,2.261779E+01,3.195069E+05,5.251965E+05,4.722014E+00,1.300118E+05,2.468955E+00,0.000000E+00,0.000000E+00,2.468955E+00,0.000000E+00,1.506458E+01,2.568728E+05,4.771539E+05
18:40:00,8.801686E+00,2.423379E+05,8.421397E+00,0.000000E+00,0.000000E+00,8.421397E+00,0.000000E+00,2.256452E+01,3.168205E+05,5.223524E+05,4.722022E+00,1.300120E+05,2.468955E+00,0.000000E+00,0.000000E+00,2.468955E+00,0.000000E+00,1.492682E+01,2.517490E+05,4.699306E+05
18:50:00,8.801692E+00,2.423381E+05,8.421397E+00,0.000000E+00,0.000000E+00,8.421397E+00,0.000000E+00,2.250579E+01,3.140728E+05,5.194295E+05,4.722029E+00,1.300122E+05,2.468955E+00,0.000000E+00,0.000000E+00,2.468955E+00,0.000000E+00,1.476723E+01,2.463121E+05,4.620766E+05
19:00:00,8.801698E+00,2.423382E+05,8.421397E+00,0.000000E+00,0.000000E+00,8.421397E+00,0.000000E+00,2.244222E+01,3.112707E+05,5.164430E+05,4.722036E+00,1.300124E+05,2.468955E+00,0.000000E+00,0.000000E+00,2.468955E+00,0.000000E+00,1.458850E+01,2.406191E+05,4.536891E+05
19:10:00,8.801703E+00,2.423384E+05,8.421397E+00,0.000000E+00,0.000000E+00,8.421397E+00,0.000000E+00,2.239557E+01,3.092152E+05,5.142954E+05,4.722043E+00,1.300126E+05,2.468955E+00,0.000000E+00,0.000000E+00,2.468955E+00,0.000000E+00,1.440313E+01,2.355981E+05,4.459005E+05
19:20:00,8.801709E+00,2.423386E+05,8.421397E+00,0.000000E+00,0.000000E+00,8.421397E+00,0.000000E+00,2.234826E+01,3.071522E+05,5.119731E+05,4.722051E+00,1.300128E+05,2.468955E+00,0.000000E+00,0.000000E+00,2.468955E+00,0.000000E+00,1.421584E+01,2.305966E+05,4.381051E+05
19:30:00,8.801715E+00,2.423387E+05,8.421397E+00,0.000000E+00,0.000000E+00,8.421397E+00,0.000000E+00,2.230365E+01,3.051194E+05,5.097642E+05,4.722058E+00,1.300130E+05,2.468955E+00,0.000000E+00,0.000000E+00,2.468955E+00,0.000000E+00,1.403808E+01,2.257993E+05,4.306544E+05
19:40:00,8.801720E+00,2.423389E+05,8.421397E+00,0.000000E+00,0.000000E+00,8.421397E+00,0.000000E+00,2.226352E+01,3.031372E+05,5.076887E+05,4.722065E+00,1.300132E+05,2.468955E+00,0.000000E+00,0.000000E+00,2.468955E+00,0.000000E+00,1.387520E+01,2.212879E+05,4.237081E+05
19:50:00,8.801726E+00,2.423390E+05,8.421397E+00,0.000000E+00,0.000000E+00,8.421397E+00,0.000000E+00,2.223021E+01,3.012316E+05,5.057114E+05,4.722072E+00,1.300134E+05,2.468955E+00,0.000000E+00,0.000000E+00,2.468955E+00,0.000000E+00,1.373665E+01,2.172056E+05,4.175471E+05
20:00:00,8.801731E+00,2.423392E+05,8.421397E+00,0.000000E+00,0.000000E+00,8.421397E+00,0.000000E+00,2.220401E+01,2.994060E+05,5.038194E+05,4.722079E+00,1.300136E+05,2.468955E+00,0.000000E+00,0.000000E+00,2.468955E+00,0.000000E+00,1.362244E+01,2.135426E+05,4.121614E+05
20:10:00,8.801737E+00,2.423393E+05,8.421397E+00,0.000000E+00,0.000000E+00,8.421397E+00,0.000000E+00,2.216492E+01,2.977139E+05,5.020036E+05,4.722085E+00,1.300138E+05,2.468955E+00,0.000000E+00,0.000000E+00,2.468955E+00,0.000000E+00,1.353128E+01,2.106043E+05,4.078477E+05
20:20:00,8.801742E+00,2.423395E+05,8.421397E+00,0.000000E+00,0.000000E+00,8.421397E+00,0.000000E+00,2.213171E+01,2.960882E+05,5.002838E+05,4.722092E+00,1.300140E+05,2.468955E+00,0.000000E+00,0.000000E+00,2.468955E+00,0.000000E+00,1.345664E+01,2.079416E+05,4.040511E+05
20:30:00,8.801748E+00,2.423396E+05,8.421397E+00,0.000000E+00,0.000000E+00,8.421397E+00,0.000000E+00,2.210179E+01,2.944994E+05,4.986047E+05,4.722099E+00,1.300141E+05,2.468955E+00,0.000000E+00,0.000000E+00,2.468955E+00,0.000000E+00,1.338951E+01,2.054109E+05,4.004962E+05
20:40:00,8.801753E+00,2.423398E+05,8.421397E+00,0.000000E+00,0.000000E+00,8.421397E+00,0.000000E+00,2.207418E+01,2.929365E+05,4.969518E+05,4.722106E+00,1.300143E+05,2.468955E+00,0.000000E+00,0.000000E+00,2.468955E+00,0.000000E+00,1.332757E+01,2.029741E+05,3.971114E+05
20:50:00,8.801758E+00,2.423399E+05,8.421397E+00,0.000000E+00,0.000000E+00,8.421397E+00,0.000000E+00,2.204839E+01,2.913941E+05,4.953224E+05,4.722112E+00,1.300145E+05,2.468955E+00,0.000000E+00,0.000000E+00,2.468955E+00,0.000000E+00,1.326988E+01,2.006154E+05,3.938670E+05
21:00:00,8.801764E+00,2.423401E+05,8.421397E+00,0.000000E+00,0.000000E+00,8.421397E+00,0.000000E+00,2.202411E+01,2.898686E+05,4.937143E+05,4.722119E+00,1.300147E+05,2.468955E+00,0.000000E+00,0.000000E+00,2.468955E+00,0.000000E+00,1.321587E+01,1.983248E+05,3.907448E+05
21:10:00,8.801769E+00,2.423402E+05,8.421397E+00,0.000000E+00,0.000000E+00,8.421397E+00,0.000000E+00,2.199664E+01,2.883074E+05,4.920552E+05,4.722125E+00,1.300149E+05,2.468955E+00,0.000000E+00,0.000000E+00,2.468955E+00,0.000000E+00,1.316442E+01,1.960842E+05,3.877099E+05
21:20:00,8.801774E+00,2.423404E+05,8.421397E+00,0.000000E+00,0.000000E+00,8.421397E+00,0.000000E+00,2.196993E+01,2.867546E+05,4.904597E+05,4.722132E+00,1.300150E+05,2.468955E+00,0.000000E+00,0.000000E+00,2.468955E+00,0.000000E+00,1.311498E+01,1.938851E+05,3.847465E+05
21:30:00,8.801780E+00,2.423405E+05,8.421397E+00,0.000000E+00,0.000000E+00,8.421397E+00,0.000000E+00,2.194378E+01,2.852082E+05,4.888450E+05,4.722138E+00,1.300152E+05,2.468955E+00,0.000000E+00,0.000000E+00,2.468955E+00,0.000000E+00,1.306720E+01,1.917212E+05,3.818424E+05
21:40:00,8.801785E+00,2.423407E+05,8.421397E+00,0.000000E+00,0.000000E+00,8.421397E+00,0.000000E+00,2.191806E+01,2.836667E+05,4.872089E+05,4.722145E+00,1.300154E+05,2.468955E+00,0.000000E+00,0.000000E+00,2.468955E+00,0.000000E+00,1.302076E+01,1.895875E+05,3.789887E+05
21:50:00,8.801790E+00,2.423408E+05,8.421397E+00,0.000000E+00,0.000000E+00,8.421397E+00,0.000000E+00,2.189268E+01,2.821289E+05,4.855727E+05,4.722151E+00,1.300156E+05,2.468955E+00,0.000000E+00,0.000000E+00,2.468955E+00,0.000000E+00,1.297543E+01,1.874802E+05,3.761776E+05
22:00:00,8.801796E+00,2.423409E+05,8.421397E+00,0.000000E+00,0.000000E+00,8.421397E+00,0.000000E+00,2.186749E+01,2.805932E+05,4.839422E+05,4.722157E+00,1.300158E+05,2.468955E+00,0.000000E+00,0.000000E+00,2.468955E+00,0.000000E+00,1.293085E+01,1.853938E+05,3.733989E+05
22:10:00,8.801801E+00,2.423411E+05,8.421397E+00,0.000000E+00,0.000000E+00,8.421397E+00,0.000000E+00,2.183455E+01,2.792489E+05,4.824789E+05,4.722164E+00,1.300159E+05,2.468955E+00,0.000000E+00,0.000000E+00,2.468955E+00,0.000000E+00,1.288741E+01,1.836530E+05,3.709921E+05
22:20:00,8.801807E+00,2.423412E+05,8.421397E+00,0.000000E+00,0.000000E+00,8.421397E+00,0.000000E+00,2.180196E+01,2.779085E+05,4.811369E+05,4.722170E+00,1.300161E+05,2.468955E+00,0.000000E+00,0.000000E+00,2.468955E+00,0.000000E+00,1.284505E+01,1.819350E+05,3.686242E+05
22:30:00,8.801812E+00,2.423414E+05,8.421397E+00,0.000000E+00,0.000000E+00,8.421397E+00,0.000000E+00,2.176970E+01,2.765719E+05,4.797418E+05,4.722176E+00,1.300163E+05,2.468955E+00,0.000000E+00,0.000000E+00,2.468955E+00,0.000000E+00,1.280370E+01,1.802386E+05,3.662929E+05
22:40:00,8.801817E+00,2.423415E+05,8.421397E+00,0.000000E+00,0.000000E+00,8.421397E+00,0.000000E+00,2.173778E+01,2.752390E+05,4.782901E+05,4.722182E+00,1.300164E+05,2.468955E+00,0.000000E+00,0.000000E+00,2.468955E+00,0.000000E+00,1.276331E+01,1.785627E+05,3.639962E+05
22:50:00,8.801823E+00,2.423417E+05,8.421397E+00,0.000000E+00,0.000000E+00,8.421397E+00,0.000000E+00,2.170619E+01,2.739097E+05,4.768326E+05,4.722188E+00,1.300166E+05,2.468955E+00,0.000000E+00,0.000000E+00,2.468955E+00,0.000000E+00,1.272384E+01,1.769067E+05,3.617328E+05
23:00:00,8.801828E+00,2.423418E+05,8.421397E+00,0.000000E+00,0.000000E+00,8.421397E+00,0.000000E+00,2.167492E+01,2.725842E+05,4.753867E+05,4.722194E+00,1.300168E+05,2.468955E+00,0.000000E+00,0.000000E+00,2.468955E+00,0.000000E+00,1.268525E+01,1.752696E+05,3.595014E+05
23:10:00,8.801833E+00,2.423420E+05,8.421397E+00,0.000000E+00,0.000000E+00,8.421397E+00,0.000000E+00,2.164623E+01,2.712876E+05,4.739832E+05,4.722200E+00,1.300169E+05,2.468955E+00,0.000000E+00,0.000000E+00,2.468955E+00,0.000000E+00,1.264705E+01,1.736446E+05,3.572881E+05
23:20:00,8.801839E+00,2.423421E+05,8.421397E+00,0.000000E+00,0.000000E+00,8.421397E+00,0.000000E+00,2.161769E+01,2.699926E+05,4.726852E+05,4.722206E+00,1.300171E+05,2.468955E+00,0.000000E+00,0.000000E+00,2.468955E+00,0.000000E+00,1.260921E+01,1.720312E+05,3.550917E+05
23:30:00,8.801844E+00,2.423423E+05,8.421397E+00,0.000000E+00,0.000000E+00,8.421397E+00,0.000000E+00,2.158927E+01,2.686991E+05,4.713388E+05,4.722212E+00,1.300173E+05,2.468955E+00,0.000000E+00,0.000000E+00,2.468955E+00,0.000000E+00,1.257169E+01,1.704288E+05,3.529112E+05
23:40:00,8.801893E+00,2.423436E+05,8.421397E+00,0.000000E+00,0.000000E+00,8.421397E+00,0.000000E+00,2.161933E+01,2.680624E+05,4.708475E+05,4.722588E+00,1.300276E+05,2.468955E+00,0.000000E+00,0.000000E+00,2.468955E+00,0.000000E+00,1.253448E+01,1.688368E+05,3.507460E+05
23:50:00,8.801843E+00,2.423423E+05,8.421397E+00,0.000000E+00,0.000000E+00,8.421397E+00,0.000000E+00,2.164674E+01,2.673955E+05,4.697961E+05,4.722230E+00,1.300178E+05,2.468955E+00,0.000000E+00,0.000000E+00,2.468955E+00,0.000000E+00,1.249753E+01,1.672550E+05,3.485948E+05
24:00:00,8.801874E+00,2.423431E+05,8.421397E+00,0.000000E+00,0.000000E+00,8.421397E+00,0.000000E+00,2.162959E+01,2.662282E+05,4.683373E+05,4.722594E+00,1.300278E+05,2.468955E+00,0.000000E+00,0.000000E+00,2.468955E+00,0.000000E+00,1.246084E+01,1.656829E+05,3.464572E+05
Coinc Peak   ,8.801893E+00,2.367069E+01,2.423436E+05,3.575633E+05,4.722594E+00,1.655001E+01,1.300278E+05,3.209671E+05
NonCoinc Peak,8.801894E+00,2.378828E+01,2.423436E+05,3.575633E+05,4.722649E+00,1.724932E+01,1.300278E+05,3.209671E+05
