Time,DOAS SYSTEM 0:DesPer 1:Des Heat Mass Flow [kg/s],DOAS SYSTEM 0:DesPer 1:Des Heat Cap [W],DOAS SYSTEM 0:DesPer 1:Des Cool Mass Flow [kg/s],DOAS SYSTEM 0:DesPer 1:Des Sens Cool Cap [W],DOAS SYSTEM 0:DesPer 1:Des Tot Cool Cap [W],DOAS SYSTEM 0:DesPer 2:Des Heat Mass Flow [kg/s],DOAS SYSTEM 0:DesPer 2:Des Heat Cap [W],DOAS SYSTEM 0:DesPer 2:Des Cool Mass Flow [kg/s],DOAS SYSTEM 0:DesPer 2:Des Sens Cool Cap [W],DOAS SYSTEM 0:DesPer 2:Des Tot Cool Cap [W],DOAS SYSTEM 1:DesPer 1:Des Heat Mass Flow [kg/s],DOAS SYSTEM 1:DesPer 1:Des Heat Cap [W],DOAS SYSTEM 1:DesPer 1:Des Cool Mass Flow [kg/s],DOAS SYSTEM 1:DesPer 1:Des Sens Cool Cap [W],DOAS SYSTEM 1:DesPer 1:Des Tot Cool Cap [W],DOAS SYSTEM 1:DesPer 2:Des Heat Mass Flow [kg/s],DOAS SYSTEM 1:DesPer 2:Des Heat Cap [W],DOAS SYSTEM 1:DesPer 2:Des Cool Mass Flow [kg/s],DOAS SYSTEM 1:DesPer 2:Des Sens Cool Cap [W],DOAS SYSTEM 1:DesPer 2:Des Tot Cool Cap [W],DOAS SYSTEM 3:DesPer 1:Des Heat Mass Flow [kg/s],DOAS SYSTEM 3:DesPer 1:Des Heat Cap [W],DOAS SYSTEM 3:DesPer 1:Des Cool Mass Flow [kg/s],DOAS SYSTEM 3:DesPer 1:Des Sens Cool Cap [W],DOAS SYSTEM 3:DesPer 1:Des Tot Cool Cap [W],DOAS SYSTEM 3:DesPer 2:Des Heat Mass Flow [kg/s],DOAS SYSTEM 3:DesPer 2:Des Heat Cap [W],DOAS SYSTEM 3:DesPer 2:Des Cool Mass Flow [kg/s],DOAS SYSTEM 3:DesPer 2:Des Sens Cool Cap [W],DOAS SYSTEM 3:DesPer 2:Des Tot Cool Cap [W],DOAS SYSTEM 6:DesPer 1:Des Heat Mass Flow [kg/s],DOAS SYSTEM 6:DesPer 1:Des Heat Cap [W],DOAS SYSTEM 6:DesPer 1:Des Cool Mass Flow [kg/s],DOAS SYSTEM 6:DesPer 1:Des Sens Cool Cap [W],DOAS SYSTEM 6:DesPer 1:Des Tot Cool Cap [W],DOAS SYSTEM 6:DesPer 2:Des Heat Mass Flow [kg/s],DOAS SYSTEM 6:DesPer 2:Des Heat Cap [W],DOAS SYSTEM 6:DesPer 2:Des Cool Mass Flow [kg/s],DOAS SYSTEM 6:DesPer 2:Des Sens Cool Cap [W],DOAS SYSTEM 6:DesPer 2:Des Tot Cool Cap [W]
00:10:00,1.026619E+00,2.424276E+04,1.026619E+00,0.000000E+00,0.000000E+00,1.026619E+00,0.000000E+00,2.358490E+00,3.118378E+04,6.539394E+04,3.601598E+00,8.504877E+04,3.363061E+00,0.000000E+00,0.000000E+00,3.363061E+00,0.000000E+00,1.050559E+01,1.389042E+05,2.912889E+05,4.745815E+00,1.120685E+05,2.878828E+00,0.000000E+00,0.000000E+00,2.878828E+00,0.000000E+00,1.339085E+01,1.770529E+05,3.712887E+05,4.154621E+00,9.810796E+04,3.602746E+00,0.000000E+00,0.000000E+00,3.602746E+00,0.000000E+00,8.329439E+00,1.101312E+05,2.309507E+05
00:20:00,1.026619E+00,2.424276E+04,1.026619E+00,0.000000E+00,0.000000E+00,1.026619E+00,0.000000E+00,2.358423E+00,3.100753E+04,6.521132E+04,3.601583E+00,8.504843E+04,3.363061E+00,0.000000E+00,0.000000E+00,3.363061E+00,0.000000E+00,1.049701E+01,1.380102E+05,2.902465E+05,4.745739E+00,1.120667E+05,2.878828E+00,0.000000E+00,0.000000E+00,2.878828E+00,0.000000E+00,1.335577E+01,1.755959E+05,3.692923E+05,4.154609E+00,9.810766E+04,3.602746E+00,0.000000E+00,0.000000E+00,3.602746E+00,0.000000E+00,8.318499E+00,1.093680E+05,2.300098E+05
00:30:00,1.026619E+00,2.424276E+04,1.026619E+00,0.000000E+00,0.000000E+00,1.026619E+00,0.000000E+00,2.358356E+00,3.083128E+04,6.502876E+04,3.601569E+00,8.504809E+04,3.363061E+00,0.000000E+00,0.000000E+00,3.363061E+00,0.000000E+00,1.048850E+01,1.371184E+05,2.892076E+05,4.745663E+00,1.120649E+05,2.878828E+00,0.000000E+00,0.000000E+00,2.878828E+00,0.000000E+00,1.332114E+01,1.741501E+05,3.673142E+05,4.154596E+00,9.810737E+04,3.602746E+00,0.000000E+00,0.000000E+00,3.602746E+00,0.000000E+00,8.307707E+00,1.086084E+05,2.290748E+05
00:40:00,1.026619E+00,2.424276E+04,1.026619E+00,0.000000E+00,0.000000E+00,1.026619E+00,0.000000E+00,2.358289E+00,3.065504E+04,6.484617E+04,3.601555E+00,8.504776E+04,3.363061E+00,0.000000E+00,0.000000E+00,3.363061E+00,0.000000E+00,1.048007E+01,1.362289E+05,2.881718E+05,4.745588E+00,1.120632E+05,2.878828E+00,0.000000E+00,0.000000E+00,2.878828E+00,0.000000E+00,1.328697E+01,1.727153E+05,3.653535E+05,4.154584E+00,9.810708E+04,3.602746E+00,0.000000E+00,0.000000E+00,3.602746E+00,0.000000E+00,8.297063E+00,1.078523E+05,2.281454E+05
00:50:00,1.026619E+00,2.424276E+04,1.026619E+00,0.000000E+00,0.000000E+00,1.026619E+00,0.000000E+00,2.358222E+00,3.047882E+04,6.466360E+04,3.601541E+00,8.504743E+04,3.363061E+00,0.000000E+00,0.000000E+00,3.363061E+00,0.000000E+00,1.047171E+01,1.353415E+05,2.871394E+05,4.745514E+00,1.120614E+05,2.878828E+00,0.000000E+00,0.000000E+00,2.878828E+00,0.000000E+00,1.325324E+01,1.712914E+05,3.634104E+05,4.154572E+00,9.810680E+04,3.602746E+00,0.000000E+00,0.000000E+00,3.602746E+00,0.000000E+00,8.286570E+00,1.070997E+05,2.272218E+05
01:00:00,1.026619E+00,2.424276E+04,1.026619E+00,0.000000E+00,0.000000E+00,1.026619E+00,0.000000E+00,2.358155E+00,3.030260E+04,6.448107E+04,3.601527E+00,8.504710E+04,3.363061E+00,0.000000E+00,0.000000E+00,3.363061E+00,0.000000E+00,1.046343E+01,1.344565E+05,2.861107E+05,4.745439E+00,1.120596E+05,2.878828E+00,0.000000E+00,0.000000E+00,2.878828E+00,0.000000E+00,1.321996E+01,1.698782E+05,3.614848E+05,4.154560E+00,9.810651E+04,3.602746E+00,0.000000E+00,0.000000E+00,3.602746E+00,0.000000E+00,8.276228E+00,1.063506E+05,2.263041E+05
01:10:00,1.026619E+00,2.424276E+04,1.026619E+00,0.000000E+00,0.000000E+00,1.026619E+00,0.000000E+00,2.358149E+00,3.018563E+04,6.436045E+04,3.601528E+00,8.504712E+04,3.363061E+00,0.000000E+00,0.000000E+00,3.363061E+00,0.000000E+00,1.045549E+01,1.338361E+05,2.853593E+05,4.745444E+00,1.120598E+05,2.878828E+00,0.000000E+00,0.000000E+00,2.878828E+00,0.000000E+00,1.318748E+01,1.688071E+05,3.599230E+05,4.154561E+00,9.810653E+04,3.602746E+00,0.000000E+00,0.000000E+00,3.602746E+00,0.000000E+00,8.266223E+00,1.058123E+05,2.256082E+05
01:20:00,1.026619E+00,2.424276E+04,1.026619E+00,0.000000E+00,0.000000E+00,1.026619E+00,0.000000E+00,2.358144E+00,3.006865E+04,6.423977E+04,3.601529E+00,8.504714E+04,3.363061E+00,0.000000E+00,0.000000E+00,3.363061E+00,0.000000E+00,1.044767E+01,1.332181E+05,2.846121E+05,4.745449E+00,1.120599E+05,2.878828E+00,0.000000E+00,0.000000E+00,2.878828E+00,0.000000E+00,1.315567E+01,1.677477E+05,3.583823E+05,4.154562E+00,9.810655E+04,3.602746E+00,0.000000E+00,0.000000E+00,3.602746E+00,0.000000E+00,8.256424E+00,1.052775E+05,2.249188E+05
01:30:00,1.026619E+00,2.424276E+04,1.026619E+00,0.000000E+00,0.000000E+00,1.026619E+00,0.000000E+00,2.358137E+00,2.995167E+04,6.411912E+04,3.601530E+00,8.504716E+04,3.363061E+00,0.000000E+00,0.000000E+00,3.363061E+00,0.000000E+00,1.043999E+01,1.326027E+05,2.838695E+05,4.745454E+00,1.120600E+05,2.878828E+00,0.000000E+00,0.000000E+00,2.878828E+00,0.000000E+00,1.312452E+01,1.666999E+05,3.568632E+05,4.154562E+00,9.810657E+04,3.602746E+00,0.000000E+00,0.000000E+00,3.602746E+00,0.000000E+00,8.246837E+00,1.047465E+05,2.242363E+05
01:40:00,1.026619E+00,2.424276E+04,1.026619E+00,0.000000E+00,0.000000E+00,1.026619E+00,0.000000E+00,2.358130E+00,2.983468E+04,6.399846E+04,3.601531E+00,8.504718E+04,3.363061E+00,0.000000E+00,0.000000E+00,3.363061E+00,0.000000E+00,1.043245E+01,1.319897E+05,2.831316E+05,4.745459E+00,1.120601E+05,2.878828E+00,0.000000E+00,0.000000E+00,2.878828E+00,0.000000E+00,1.309404E+01,1.656637E+05,3.553656E+05,4.154563E+00,9.810659E+04,3.602746E+00,0.000000E+00,0.000000E+00,3.602746E+00,0.000000E+00,8.237468E+00,1.042191E+05,2.235607E+05
01:50:00,1.026619E+00,2.424276E+04,1.026619E+00,0.000000E+00,0.000000E+00,1.026619E+00,0.000000E+00,2.358123E+00,2.971769E+04,6.387778E+04,3.601532E+00,8.504720E+04,3.363061E+00,0.000000E+00,0.000000E+00,3.363061E+00,0.000000E+00,1.042506E+01,1.313793E+05,2.823982E+05,4.745464E+00,1.120602E+05,2.878828E+00,0.000000E+00,0.000000E+00,2.878828E+00,0.000000E+00,1.306423E+01,1.646390E+05,3.538893E+05,4.154564E+00,9.810661E+04,3.602746E+00,0.000000E+00,0.000000E+00,3.602746E+00,0.000000E+00,8.228322E+00,1.036955E+05,2.228921E+05
02:00:00,1.026619E+00,2.424276E+04,1.026619E+00,0.000000E+00,0.000000E+00,1.026619E+00,0.000000E+00,2.358115E+00,2.960069E+04,6.375710E+04,3.601532E+00,8.504722E+04,3.363061E+00,0.000000E+00,0.000000E+00,3.363061E+00,0.000000E+00,1.041780E+01,1.307715E+05,2.816695E+05,4.745469E+00,1.120604E+05,2.878828E+00,0.000000E+00,0.000000E+00,2.878828E+00,0.000000E+00,1.303511E+01,1.636258E+05,3.524345E+05,4.154565E+00,9.810663E+04,3.602746E+00,0.000000E+00,0.000000E+00,3.602746E+00,0.000000E+00,8.219403E+00,1.031756E+05,2.222306E+05
02:10:00,1.026619E+00,2.424276E+04,1.026619E+00,0.000000E+00,0.000000E+00,1.026619E+00,0.000000E+00,2.358106E+00,2.951291E+04,6.366651E+04,3.601533E+00,8.504725E+04,3.363061E+00,0.000000E+00,0.000000E+00,3.363061E+00,0.000000E+00,1.041065E+01,1.302946E+05,2.810771E+05,4.745474E+00,1.120605E+05,2.878828E+00,0.000000E+00,0.000000E+00,2.878828E+00,0.000000E+00,1.300646E+01,1.627825E+05,3.511613E+05,4.154566E+00,9.810665E+04,3.602746E+00,0.000000E+00,0.000000E+00,3.602746E+00,0.000000E+00,8.210666E+00,1.027607E+05,2.216798E+05
02:20:00,1.026619E+00,2.424276E+04,1.026619E+00,0.000000E+00,0.000000E+00,1.026619E+00,0.000000E+00,2.358097E+00,2.942512E+04,6.357590E+04,3.601534E+00,8.504727E+04,3.363061E+00,0.000000E+00,0.000000E+00,3.363061E+00,0.000000E+00,1.040359E+01,1.298194E+05,2.804878E+05,4.745479E+00,1.120606E+05,2.878828E+00,0.000000E+00,0.000000E+00,2.878828E+00,0.000000E+00,1.297823E+01,1.619467E+05,3.499020E+05,4.154566E+00,9.810667E+04,3.602746E+00,0.000000E+00,0.000000E+00,3.602746E+00,0.000000E+00,8.202097E+00,1.023485E+05,2.211341E+05
02:30:00,1.026619E+00,2.424276E+04,1.026619E+00,0.000000E+00,0.000000E+00,1.026619E+00,0.000000E+00,2.358088E+00,2.933733E+04,6.348532E+04,3.601535E+00,8.504729E+04,3.363061E+00,0.000000E+00,0.000000E+00,3.363061E+00,0.000000E+00,1.039663E+01,1.293460E+05,2.799019E+05,4.745484E+00,1.120607E+05,2.878828E+00,0.000000E+00,0.000000E+00,2.878828E+00,0.000000E+00,1.295049E+01,1.611190E+05,3.486579E+05,4.154567E+00,9.810669E+04,3.602746E+00,0.000000E+00,0.000000E+00,3.602746E+00,0.000000E+00,8.193703E+00,1.019391E+05,2.205939E+05
02:40:00,1.026619E+00,2.424276E+04,1.026619E+00,0.000000E+00,0.000000E+00,1.026619E+00,0.000000E+00,2.358078E+00,2.924954E+04,6.339469E+04,3.601536E+00,8.504731E+04,3.363061E+00,0.000000E+00,0.000000E+00,3.363061E+00,0.000000E+00,1.038976E+01,1.288743E+05,2.793189E+05,4.745488E+00,1.120608E+05,2.878828E+00,0.000000E+00,0.000000E+00,2.878828E+00,0.000000E+00,1.292320E+01,1.602990E+05,3.474280E+05,4.154568E+00,9.810670E+04,3.602746E+00,0.000000E+00,0.000000E+00,3.602746E+00,0.000000E+00,8.185473E+00,1.015324E+05,2.200587E+05
02:50:00,1.026619E+00,2.424276E+04,1.026619E+00,0.000000E+00,0.000000E+00,1.026619E+00,0.000000E+00,2.358068E+00,2.916174E+04,6.330406E+04,3.601537E+00,8.504733E+04,3.363061E+00,0.000000E+00,0.000000E+00,3.363061E+00,0.000000E+00,1.038300E+01,1.284044E+05,2.787392E+05,4.745493E+00,1.120609E+05,2.878828E+00,0.000000E+00,0.000000E+00,2.878828E+00,0.000000E+00,1.289636E+01,1.594866E+05,3.462123E+05,4.154569E+00,9.810672E+04,3.602746E+00,0.000000E+00,0.000000E+00,3.602746E+00,0.000000E+00,8.177410E+00,1.011283E+05,2.195286E+05
03:00:00,1.026619E+00,2.424276E+04,1.026619E+00,0.000000E+00,0.000000E+00,1.026619E+00,0.000000E+00,2.358057E+00,2.907393E+04,6.321340E+04,3.601538E+00,8.504735E+04,3.363061E+00,0.000000E+00,0.000000E+00,3.363061E+00,0.000000E+00,1.037633E+01,1.279362E+05,2.781626E+05,4.745498E+00,1.120610E+05,2.878828E+00,0.000000E+00,0.000000E+00,2.878828E+00,0.000000E+00,1.286997E+01,1.586817E+05,3.450105E+05,4.154570E+00,9.810674E+04,3.602746E+00,0.000000E+00,0.000000E+00,3.602746E+00,0.000000E+00,8.169506E+00,1.007269E+05,2.190033E+05
03:10:00,1.026619E+00,2.424276E+04,1.026619E+00,0.000000E+00,0.000000E+00,1.026619E+00,0.000000E+00,2.358045E+00,2.898612E+04,6.312274E+04,3.601539E+00,8.504737E+04,3.363061E+00,0.000000E+00,0.000000E+00,3.363061E+00,0.000000E+00,1.036972E+01,1.274691E+05,2.775880E+05,4.745503E+00,1.120611E+05,2.878828E+00,0.000000E+00,0.000000E+00,2.878828E+00,0.000000E+00,1.284384E+01,1.578820E+05,3.438179E+05,4.154570E+00,9.810676E+04,3.602746E+00,0.000000E+00,0.000000E+00,3.602746E+00,0.000000E+00,8.161713E+00,1.003273E+05,2.184817E+05
03:20:00,1.026619E+00,2.424276E+04,1.026619E+00,0.000000E+00,0.000000E+00,1.026619E+00,0.000000E+00,2.358034E+00,2.889831E+04,6.303207E+04,3.601539E+00,8.504739E+04,3.363061E+00,0.000000E+00,0.000000E+00,3.363061E+00,0.000000E+00,1.036317E+01,1.270032E+05,2.770154E+05,4.745507E+00,1.120612E+05,2.878828E+00,0.000000E+00,0.000000E+00,2.878828E+00,0.000000E+00,1.281796E+01,1.570874E+05,3.426340E+05,4.154571E+00,9.810678E+04,3.602746E+00,0.000000E+00,0.000000E+00,3.602746E+00,0.000000E+00,8.154027E+00,9.992968E+04,2.179634E+05
03:30:00,1.026619E+00,2.424276E+04,1.026619E+00,0.000000E+00,0.000000E+00,1.026619E+00,0.000000E+00,2.358022E+00,2.881049E+04,6.294143E+04,3.601540E+00,8.504741E+04,3.363061E+00,0.000000E+00,0.000000E+00,3.363061E+00,0.000000E+00,1.035666E+01,1.265384E+05,2.764448E+05,4.745512E+00,1.120614E+05,2.878828E+00,0.000000E+00,0.000000E+00,2.878828E+00,0.000000E+00,1.279230E+01,1.562973E+05,3.414581E+05,4.154572E+00,9.810679E+04,3.602746E+00,0.000000E+00,0.000000E+00,3.602746E+00,0.000000E+00,8.146438E+00,9.953379E+04,2.174486E+05
03:40:00,1.026619E+00,2.424276E+04,1.026619E+00,0.000000E+00,0.000000E+00,1.026619E+00,0.000000E+00,2.358009E+00,2.872266E+04,6.285073E+04,3.601541E+00,8.504743E+04,3.363061E+00,0.000000E+00,0.000000E+00,3.363061E+00,0.000000E+00,1.035020E+01,1.260747E+05,2.758758E+05,4.745516E+00,1.120615E+05,2.878828E+00,0.000000E+00,0.000000E+00,2.878828E+00,0.000000E+00,1.276687E+01,1.555120E+05,3.402902E+05,4.154573E+00,9.810681E+04,3.602746E+00,0.000000E+00,0.000000E+00,3.602746E+00,0.000000E+00,8.138939E+00,9.913957E+04,2.169365E+05
03:50:00,1.026619E+00,2.424276E+04,1.026619E+00,0.000000E+00,0.000000E+00,1.026619E+00,0.000000E+00,2.357996E+00,2.863483E+04,6.276003E+04,3.601542E+00,8.504745E+04,3.363061E+00,0.000000E+00,0.000000E+00,3.363061E+00,0.000000E+00,1.034379E+01,1.256120E+05,2.753085E+05,4.745521E+00,1.120616E+05,2.878828E+00,0.000000E+00,0.000000E+00,2.878828E+00,0.000000E+00,1.274167E+01,1.547312E+05,3.391301E+05,4.154573E+00,9.810683E+04,3.602746E+00,0.000000E+00,0.000000E+00,3.602746E+00,0.000000E+00,8.131524E+00,9.874692E+04,2.164273E+05
04:00:00,1.026619E+00,2.424276E+04,1.026619E+00,0.000000E+00,0.000000E+00,1.026619E+00,0.000000E+00,2.357983E+00,2.854700E+04,6.266931E+04,3.601543E+00,8.504747E+04,3.363061E+00,0.000000E+00,0.000000E+00,3.363061E+00,0.000000E+00,1.033742E+01,1.251503E+05,2.747428E+05,4.745525E+00,1.120617E+05,2.878828E+00,0.000000E+00,0.000000E+00,2.878828E+00,0.000000E+00,1.271668E+01,1.539549E+05,3.379777E+05,4.154574E+00,9.810685E+04,3.602746E+00,0.000000E+00,0.000000E+00,3.602746E+00,0.000000E+00,8.124190E+00,9.835580E+04,2.159207E+05
04:10:00,1.026619E+00,2.424276E+04,1.026619E+00,0.000000E+00,0.000000E+00,1.026619E+00,0.000000E+00,2.357969E+00,2.848839E+04,6.260869E+04,3.601544E+00,8.504749E+04,3.363061E+00,0.000000E+00,0.000000E+00,3.363061E+00,0.000000E+00,1.033114E+01,1.248183E+05,2.743120E+05,4.745530E+00,1.120618E+05,2.878828E+00,0.000000E+00,0.000000E+00,2.878828E+00,0.000000E+00,1.269210E+01,1.533428E+05,3.370002E+05,4.154575E+00,9.810686E+04,3.602746E+00,0.000000E+00,0.000000E+00,3.602746E+00,0.000000E+00,8.116981E+00,9.806733E+04,2.155217E+05
04:20:00,1.026619E+00,2.424276E+04,1.026619E+00,0.000000E+00,0.000000E+00,1.026619E+00,0.000000E+00,2.357955E+00,2.842977E+04,6.254810E+04,3.601544E+00,8.504751E+04,3.363061E+00,0.000000E+00,0.000000E+00,3.363061E+00,0.000000E+00,1.032495E+01,1.244876E+05,2.738841E+05,4.745534E+00,1.120619E+05,2.878828E+00,0.000000E+00,0.000000E+00,2.878828E+00,0.000000E+00,1.266795E+01,1.527371E+05,3.360355E+05,4.154575E+00,9.810688E+04,3.602746E+00,0.000000E+00,0.000000E+00,3.602746E+00,0.000000E+00,8.109902E+00,9.778079E+04,2.151267E+05
04:30:00,1.026619E+00,2.424276E+04,1.026619E+00,0.000000E+00,0.000000E+00,1.026619E+00,0.000000E+00,2.357940E+00,2.837115E+04,6.248747E+04,3.601545E+00,8.504753E+04,3.363061E+00,0.000000E+00,0.000000E+00,3.363061E+00,0.000000E+00,1.031886E+01,1.241584E+05,2.734588E+05,4.745539E+00,1.120620E+05,2.878828E+00,0.000000E+00,0.000000E+00,2.878828E+00,0.000000E+00,1.264423E+01,1.521376E+05,3.350832E+05,4.154576E+00,9.810690E+04,3.602746E+00,0.000000E+00,0.000000E+00,3.602746E+00,0.000000E+00,8.102951E+00,9.749614E+04,2.147353E+05
04:40:00,1.026619E+00,2.424276E+04,1.026619E+00,0.000000E+00,0.000000E+00,1.026619E+00,0.000000E+00,2.357925E+00,2.831252E+04,6.242685E+04,3.601546E+00,8.504754E+04,3.363061E+00,0.000000E+00,0.000000E+00,3.363061E+00,0.000000E+00,1.031286E+01,1.238306E+05,2.730365E+05,4.745543E+00,1.120621E+05,2.878828E+00,0.000000E+00,0.000000E+00,2.878828E+00,0.000000E+00,1.262093E+01,1.515445E+05,3.341434E+05,4.154577E+00,9.810691E+04,3.602746E+00,0.000000E+00,0.000000E+00,3.602746E+00,0.000000E+00,8.096139E+00,9.721350E+04,2.143480E+05
04:50:00,1.026619E+00,2.424276E+04,1.026619E+00,0.000000E+00,0.000000E+00,1.026619E+00,0.000000E+00,2.357909E+00,2.825390E+04,6.236620E+04,3.601547E+00,8.504756E+04,3.363061E+00,0.000000E+00,0.000000E+00,3.363061E+00,0.000000E+00,1.030696E+01,1.235043E+05,2.726170E+05,4.745547E+00,1.120622E+05,2.878828E+00,0.000000E+00,0.000000E+00,2.878828E+00,0.000000E+00,1.259807E+01,1.509577E+05,3.332162E+05,4.154578E+00,9.810693E+04,3.602746E+00,0.000000E+00,0.000000E+00,3.602746E+00,0.000000E+00,8.089463E+00,9.693283E+04,2.139645E+05
05:00:00,1.026619E+00,2.424276E+04,1.026619E+00,0.000000E+00,0.000000E+00,1.026619E+00,0.000000E+00,2.357894E+00,2.819526E+04,6.230557E+04,3.601548E+00,8.504758E+04,3.363061E+00,0.000000E+00,0.000000E+00,3.363061E+00,0.000000E+00,1.030116E+01,1.231794E+05,2.722004E+05,4.745552E+00,1.120623E+05,2.878828E+00,0.000000E+00,0.000000E+00,2.878828E+00,0.000000E+00,1.257565E+01,1.503774E+05,3.323022E+05,4.154578E+00,9.810695E+04,3.602746E+00,0.000000E+00,0.000000E+00,3.602746E+00,0.000000E+00,8.082931E+00,9.665421E+04,2.135854E+05
05:10:00,1.026619E+00,2.424276E+04,1.026619E+00,0.000000E+00,0.000000E+00,1.026619E+00,0.000000E+00,2.357877E+00,2.825351E+04,6.236535E+04,3.601548E+00,8.504760E+04,3.363061E+00,0.000000E+00,0.000000E+00,3.363061E+00,0.000000E+00,1.029561E+01,1.233682E+05,2.723166E+05,4.745556E+00,1.120624E+05,2.878828E+00,0.000000E+00,0.000000E+00,2.878828E+00,0.000000E+00,1.255432E+01,1.504334E+05,3.320590E+05,4.154579E+00,9.810696E+04,3.602746E+00,0.000000E+00,0.000000E+00,3.602746E+00,0.000000E+00,8.076686E+00,9.677973E+04,2.136266E+05
05:20:00,1.026619E+00,2.424276E+04,1.026619E+00,0.000000E+00,0.000000E+00,1.026619E+00,0.000000E+00,2.357861E+00,2.831176E+04,6.242515E+04,3.601549E+00,8.504762E+04,3.363061E+00,0.000000E+00,0.000000E+00,3.363061E+00,0.000000E+00,1.029032E+01,1.235598E+05,2.724395E+05,4.745560E+00,1.120625E+05,2.878828E+00,0.000000E+00,0.000000E+00,2.878828E+00,0.000000E+00,1.253416E+01,1.505026E+05,3.318461E+05,4.154580E+00,9.810698E+04,3.602746E+00,0.000000E+00,0.000000E+00,3.602746E+00,0.000000E+00,8.070768E+00,9.690887E+04,2.136763E+05
05:30:00,1.026619E+00,2.424276E+04,1.026619E+00,0.000000E+00,0.000000E+00,1.026619E+00,0.000000E+00,2.357844E+00,2.836999E+04,6.248492E+04,3.601550E+00,8.504764E+04,3.363061E+00,0.000000E+00,0.000000E+00,3.363061E+00,0.000000E+00,1.028529E+01,1.237544E+05,2.725691E+05,4.745565E+00,1.120626E+05,2.878828E+00,0.000000E+00,0.000000E+00,2.878828E+00,0.000000E+00,1.251517E+01,1.505847E+05,3.316628E+05,4.154580E+00,9.810700E+04,3.602746E+00,0.000000E+00,0.000000E+00,3.602746E+00,0.000000E+00,8.065191E+00,9.704180E+04,2.137346E+05
05:40:00,1.026619E+00,2.424276E+04,1.026619E+00,0.000000E+00,0.000000E+00,1.026619E+00,0.000000E+00,2.357827E+00,2.842823E+04,6.254470E+04,3.601551E+00,8.504766E+04,3.363061E+00,0.000000E+00,0.000000E+00,3.363061E+00,0.000000E+00,1.028053E+01,1.239519E+05,2.727056E+05,4.745569E+00,1.120627E+05,2.878828E+00,0.000000E+00,0.000000E+00,2.878828E+00,0.000000E+00,1.249734E+01,1.506799E+05,3.315096E+05,4.154581E+00,9.810701E+04,3.602746E+00,0.000000E+00,0.000000E+00,3.602746E+00,0.000000E+00,8.059967E+00,9.717873E+04,2.138021E+05
05:50:00,1.026619E+00,2.424276E+04,1.026619E+00,0.000000E+00,0.000000E+00,1.026619E+00,0.000000E+00,2.357809E+00,2.848646E+04,6.260445E+04,3.601552E+00,8.504768E+04,3.363061E+00,0.000000E+00,0.000000E+00,3.363061E+00,0.000000E+00,1.027604E+01,1.241526E+05,2.728491E+05,4.745573E+00,1.120628E+05,2.878828E+00,0.000000E+00,0.000000E+00,2.878828E+00,0.000000E+00,1.248068E+01,1.507885E+05,3.313866E+05,4.154582E+00,9.810703E+04,3.602746E+00,0.000000E+00,0.000000E+00,3.602746E+00,0.000000E+00,8.055110E+00,9.731983E+04,2.138790E+05
06:00:00,1.026619E+00,2.424276E+04,1.026619E+00,0.000000E+00,0.000000E+00,1.026619E+00,0.000000E+00,2.357791E+00,2.854468E+04,6.266421E+04,3.601552E+00,8.504769E+04,3.363061E+00,0.000000E+00,0.000000E+00,3.363061E+00,0.000000E+00,1.027184E+01,1.243564E+05,2.729998E+05,4.745577E+00,1.120629E+05,2.878828E+00,0.000000E+00,0.000000E+00,2.878828E+00,0.000000E+00,1.246522E+01,1.509107E+05,3.312946E+05,4.154582E+00,9.810704E+04,3.602746E+00,0.000000E+00,0.000000E+00,3.602746E+00,0.000000E+00,8.050633E+00,9.746528E+04,2.139658E+05
06:10:00,1.026619E+00,2.424276E+04,1.026619E+00,0.000000E+00,0.000000E+00,1.026619E+00,0.000000E+00,2.357773E+00,2.874900E+04,6.287453E+04,3.601553E+00,8.504771E+04,3.363061E+00,0.000000E+00,0.000000E+00,3.363061E+00,0.000000E+00,1.026794E+01,1.251999E+05,2.738143E+05,4.745581E+00,1.120630E+05,2.878828E+00,0.000000E+00,0.000000E+00,2.878828E+00,0.000000E+00,1.245113E+01,1.518203E+05,3.320334E+05,4.154583E+00,9.810706E+04,3.602746E+00,0.000000E+00,0.000000E+00,3.602746E+00,0.000000E+00,8.046586E+00,9.811435E+04,2.145777E+05
06:20:00,1.026619E+00,2.424276E+04,1.026619E+00,0.000000E+00,0.000000E+00,1.026619E+00,0.000000E+00,2.357754E+00,2.895332E+04,6.308483E+04,3.601554E+00,8.504773E+04,3.363061E+00,0.000000E+00,0.000000E+00,3.363061E+00,0.000000E+00,1.026436E+01,1.260467E+05,2.746364E+05,4.745585E+00,1.120631E+05,2.878828E+00,0.000000E+00,0.000000E+00,2.878828E+00,0.000000E+00,1.243839E+01,1.527439E+05,3.328056E+05,4.154584E+00,9.810708E+04,3.602746E+00,0.000000E+00,0.000000E+00,3.602746E+00,0.000000E+00,8.042971E+00,9.876802E+04,2.152004E+05
06:30:00,1.026619E+00,2.424276E+04,1.026619E+00,0.000000E+00,0.000000E+00,1.026619E+00,0.000000E+00,2.357735E+00,2.915762E+04,6.329513E+04,3.601555E+00,8.504775E+04,3.363061E+00,0.000000E+00,0.000000E+00,3.363061E+00,0.000000E+00,1.026111E+01,1.268970E+05,2.754670E+05,4.745589E+00,1.120632E+05,2.878828E+00,0.000000E+00,0.000000E+00,2.878828E+00,0.000000E+00,1.242706E+01,1.536829E+05,3.336135E+05,4.154584E+00,9.810709E+04,3.602746E+00,0.000000E+00,0.000000E+00,3.602746E+00,0.000000E+00,8.039811E+00,9.942669E+04,2.158347E+05
06:40:00,1.026619E+00,2.424276E+04,1.026619E+00,0.000000E+00,0.000000E+00,1.026619E+00,0.000000E+00,2.357716E+00,2.936192E+04,6.350541E+04,3.601555E+00,8.504776E+04,3.363061E+00,0.000000E+00,0.000000E+00,3.363061E+00,0.000000E+00,1.025821E+01,1.277511E+05,2.763063E+05,4.745593E+00,1.120633E+05,2.878828E+00,0.000000E+00,0.000000E+00,2.878828E+00,0.000000E+00,1.241718E+01,1.546380E+05,3.344586E+05,4.154585E+00,9.810711E+04,3.602746E+00,0.000000E+00,0.000000E+00,3.602746E+00,0.000000E+00,8.037122E+00,1.000907E+05,2.164810E+05
06:50:00,1.026619E+00,2.424276E+04,1.026619E+00,0.000000E+00,0.000000E+00,1.026619E+00,0.000000E+00,2.357696E+00,2.956622E+04,6.371568E+04,3.601556E+00,8.504778E+04,3.363061E+00,0.000000E+00,0.000000E+00,3.363061E+00,0.000000E+00,1.025566E+01,1.286090E+05,2.771545E+05,4.745597E+00,1.120634E+05,2.878828E+00,0.000000E+00,0.000000E+00,2.878828E+00,0.000000E+00,1.240879E+01,1.556099E+05,3.353419E+05,4.154586E+00,9.810712E+04,3.602746E+00,0.000000E+00,0.000000E+00,3.602746E+00,0.000000E+00,8.034917E+00,1.007603E+05,2.171400E+05
07:00:00,1.026619E+00,2.424276E+04,1.026619E+00,0.000000E+00,0.000000E+00,1.026619E+00,0.000000E+00,2.357676E+00,2.977050E+04,6.392593E+04,3.601557E+00,8.504780E+04,3.363061E+00,0.000000E+00,0.000000E+00,3.363061E+00,0.000000E+00,1.025347E+01,1.294711E+05,2.780121E+05,4.745601E+00,1.120635E+05,2.878828E+00,0.000000E+00,0.000000E+00,2.878828E+00,0.000000E+00,1.240189E+01,1.565993E+05,3.362644E+05,4.154586E+00,9.810714E+04,3.602746E+00,0.000000E+00,0.000000E+00,3.602746E+00,0.000000E+00,8.033206E+00,1.014357E+05,2.178120E+05
07:10:00,1.026619E+00,2.424276E+04,1.026619E+00,0.000000E+00,0.000000E+00,1.026619E+00,0.000000E+00,2.357656E+00,3.026697E+04,6.443729E+04,3.601558E+00,8.504782E+04,3.363061E+00,0.000000E+00,0.000000E+00,3.363061E+00,0.000000E+00,1.025244E+01,1.316181E+05,2.802102E+05,4.745605E+00,1.120636E+05,2.878828E+00,0.000000E+00,0.000000E+00,2.878828E+00,0.000000E+00,1.240085E+01,1.591989E+05,3.389288E+05,4.154587E+00,9.810715E+04,3.602746E+00,0.000000E+00,0.000000E+00,3.602746E+00,0.000000E+00,8.033021E+00,1.031258E+05,2.195512E+05
07:20:00,1.026619E+00,2.424276E+04,1.026619E+00,0.000000E+00,0.000000E+00,1.026619E+00,0.000000E+00,2.357635E+00,3.076343E+04,6.494866E+04,3.601558E+00,8.504783E+04,3.363061E+00,0.000000E+00,0.000000E+00,3.363061E+00,0.000000E+00,1.025362E+01,1.337936E+05,2.824689E+05,4.745609E+00,1.120637E+05,2.878828E+00,0.000000E+00,0.000000E+00,2.878828E+00,0.000000E+00,1.241875E+01,1.620451E+05,3.421143E+05,4.154588E+00,9.810717E+04,3.602746E+00,0.000000E+00,0.000000E+00,3.602746E+00,0.000000E+00,8.037481E+00,1.048765E+05,2.214183E+05
07:30:00,1.026619E+00,2.424276E+04,1.026619E+00,0.000000E+00,0.000000E+00,1.026619E+00,0.000000E+00,2.357614E+00,3.125987E+04,6.546001E+04,3.601559E+00,8.504785E+04,3.363061E+00,0.000000E+00,0.000000E+00,3.363061E+00,0.000000E+00,1.025772E+01,1.360082E+05,2.848092E+05,4.745613E+00,1.120637E+05,2.878828E+00,0.000000E+00,0.000000E+00,2.878828E+00,0.000000E+00,1.246587E+01,1.652863E+05,3.461193E+05,4.154588E+00,9.810718E+04,3.602746E+00,0.000000E+00,0.000000E+00,3.602746E+00,0.000000E+00,8.049247E+00,1.067258E+05,2.234902E+05
07:40:00,1.026619E+00,2.424276E+04,1.026619E+00,0.000000E+00,0.000000E+00,1.026619E+00,0.000000E+00,2.357593E+00,3.175630E+04,6.597135E+04,3.601560E+00,8.504787E+04,3.363061E+00,0.000000E+00,0.000000E+00,3.363061E+00,0.000000E+00,1.026536E+01,1.382724E+05,2.872505E+05,4.745617E+00,1.120638E+05,2.878828E+00,0.000000E+00,0.000000E+00,2.878828E+00,0.000000E+00,1.254908E+01,1.690335E+05,3.511546E+05,4.154589E+00,9.810720E+04,3.602746E+00,0.000000E+00,0.000000E+00,3.602746E+00,0.000000E+00,8.070248E+00,1.087046E+05,2.258257E+05
07:50:00,1.026619E+00,2.424276E+04,1.026619E+00,0.000000E+00,0.000000E+00,1.026619E+00,0.000000E+00,2.357572E+00,3.225272E+04,6.648264E+04,3.601560E+00,8.504789E+04,3.363061E+00,0.000000E+00,0.000000E+00,3.363061E+00,0.000000E+00,1.027672E+01,1.405905E+05,2.897997E+05,4.745621E+00,1.120639E+05,2.878828E+00,0.000000E+00,0.000000E+00,2.878828E+00,0.000000E+00,1.266707E+01,1.732917E+05,3.572067E+05,4.154590E+00,9.810721E+04,3.602746E+00,0.000000E+00,0.000000E+00,3.602746E+00,0.000000E+00,8.100579E+00,1.108198E+05,2.284333E+05
08:00:00,1.026619E+00,2.424276E+04,1.026619E+00,0.000000E+00,0.000000E+00,1.026619E+00,0.000000E+00,2.357551E+00,3.274913E+04,6.699397E+04,3.601561E+00,8.504790E+04,3.363061E+00,0.000000E+00,0.000000E+00,3.363061E+00,0.000000E+00,1.029200E+01,1.429678E+05,2.924653E+05,4.745625E+00,1.120640E+05,2.878828E+00,0.000000E+00,0.000000E+00,2.878828E+00,0.000000E+00,1.282024E+01,1.780881E+05,3.643097E+05,4.154590E+00,9.810723E+04,3.602746E+00,0.000000E+00,0.000000E+00,3.602746E+00,0.000000E+00,8.140640E+00,1.130830E+05,2.313306E+05
08:10:00,1.026619E+00,2.424276E+04,1.026619E+00,0.000000E+00,0.000000E+00,1.026619E+00,0.000000E+00,2.357531E+00,3.330398E+04,6.756551E+04,3.601562E+00,8.504792E+04,3.363061E+00,0.000000E+00,0.000000E+00,3.363061E+00,0.000000E+00,1.031089E+01,1.456581E+05,2.955042E+05,4.745628E+00,1.120641E+05,2.878828E+00,0.000000E+00,0.000000E+00,2.878828E+00,0.000000E+00,1.301138E+01,1.838070E+05,3.728988E+05,4.154591E+00,9.810724E+04,3.602746E+00,0.000000E+00,0.000000E+00,3.602746E+00,0.000000E+00,8.191148E+00,1.157134E+05,2.347537E+05
08:20:00,1.026619E+00,2.424276E+04,1.026619E+00,0.000000E+00,0.000000E+00,1.026619E+00,0.000000E+00,2.357511E+00,3.385883E+04,6.813711E+04,3.601563E+00,8.504794E+04,3.363061E+00,0.000000E+00,0.000000E+00,3.363061E+00,0.000000E+00,1.033217E+01,1.483917E+05,2.986218E+05,4.745632E+00,1.120642E+05,2.878828E+00,0.000000E+00,0.000000E+00,2.878828E+00,0.000000E+00,1.322217E+01,1.898982E+05,3.821490E+05,4.154591E+00,9.810726E+04,3.602746E+00,0.000000E+00,0.000000E+00,3.602746E+00,0.000000E+00,8.248099E+00,1.184601E+05,2.383877E+05
08:30:00,1.026619E+00,2.424276E+04,1.026619E+00,0.000000E+00,0.000000E+00,1.026619E+00,0.000000E+00,2.357492E+00,3.441368E+04,6.870867E+04,3.601563E+00,8.504795E+04,3.363061E+00,0.000000E+00,0.000000E+00,3.363061E+00,0.000000E+00,1.035519E+01,1.511607E+05,3.018000E+05,4.745636E+00,1.120643E+05,2.878828E+00,0.000000E+00,0.000000E+00,2.878828E+00,0.000000E+00,1.344058E+01,1.961999E+05,3.917232E+05,4.154592E+00,9.810727E+04,3.602746E+00,0.000000E+00,0.000000E+00,3.602746E+00,0.000000E+00,8.308556E+00,1.212848E+05,2.421513E+05
08:40:00,1.026619E+00,2.424276E+04,1.026619E+00,0.000000E+00,0.000000E+00,1.026619E+00,0.000000E+00,2.357474E+00,3.496853E+04,6.928026E+04,3.601564E+00,8.504797E+04,3.363061E+00,0.000000E+00,0.000000E+00,3.363061E+00,0.000000E+00,1.037939E+01,1.539580E+05,3.050243E+05,4.745640E+00,1.120644E+05,2.878828E+00,0.000000E+00,0.000000E+00,2.878828E+00,0.000000E+00,1.365847E+01,2.025968E+05,4.013883E+05,4.154593E+00,9.810728E+04,3.602746E+00,0.000000E+00,0.000000E+00,3.602746E+00,0.000000E+00,8.370432E+00,1.241591E+05,2.459860E+05
08:50:00,1.026619E+00,2.424276E+04,1.026619E+00,0.000000E+00,0.000000E+00,1.026619E+00,0.000000E+00,2.357457E+00,3.552340E+04,6.985188E+04,3.601565E+00,8.504799E+04,3.363061E+00,0.000000E+00,0.000000E+00,3.363061E+00,0.000000E+00,1.040468E+01,1.567832E+05,3.082926E+05,4.745643E+00,1.120645E+05,2.878828E+00,0.000000E+00,0.000000E+00,2.878828E+00,0.000000E+00,1.387564E+01,2.090854E+05,4.111377E+05,4.154593E+00,9.810730E+04,3.602746E+00,0.000000E+00,0.000000E+00,3.602746E+00,0.000000E+00,8.433469E+00,1.270799E+05,2.498852E+05
09:00:00,1.026619E+00,2.424276E+04,1.026619E+00,0.000000E+00,0.000000E+00,1.026619E+00,0.000000E+00,2.357441E+00,3.607828E+04,7.042357E+04,3.601565E+00,8.504800E+04,3.363061E+00,0.000000E+00,0.000000E+00,3.363061E+00,0.000000E+00,1.043089E+01,1.596343E+05,3.116007E+05,4.745647E+00,1.120645E+05,2.878828E+00,0.000000E+00,0.000000E+00,2.878828E+00,0.000000E+00,1.408962E+01,2.156274E+05,4.208974E+05,4.154594E+00,9.810731E+04,3.602746E+00,0.000000E+00,0.000000E+00,3.602746E+00,0.000000E+00,8.497014E+00,1.300383E+05,2.538303E+05
09:10:00,1.026619E+00,2.424276E+04,1.026619E+00,0.000000E+00,0.000000E+00,1.026619E+00,0.000000E+00,2.357427E+00,3.657473E+04,7.093501E+04,3.601566E+00,8.504802E+04,3.363061E+00,0.000000E+00,0.000000E+00,3.363061E+00,0.000000E+00,1.045726E+01,1.622411E+05,3.146591E+05,4.745651E+00,1.120646E+05,2.878828E+00,0.000000E+00,0.000000E+00,2.878828E+00,0.000000E+00,1.428936E+01,2.216949E+05,4.299670E+05,4.154594E+00,9.810733E+04,3.602746E+00,0.000000E+00,0.000000E+00,3.602746E+00,0.000000E+00,8.558684E+00,1.327853E+05,2.575309E+05
09:20:00,1.026619E+00,2.424276E+04,1.026619E+00,0.000000E+00,0.000000E+00,1.026619E+00,0.000000E+00,2.357414E+00,3.707121E+04,7.144652E+04,3.601567E+00,8.504803E+04,3.363061E+00,0.000000E+00,0.000000E+00,3.363061E+00,0.000000E+00,1.048397E+01,1.648643E+05,3.177394E+05,4.745654E+00,1.120647E+05,2.878828E+00,0.000000E+00,0.000000E+00,2.878828E+00,0.000000E+00,1.447844E+01,2.276788E+05,4.388005E+05,4.154595E+00,9.810734E+04,3.602746E+00,0.000000E+00,0.000000E+00,3.602746E+00,0.000000E+00,8.619131E+00,1.355390E+05,2.612213E+05
09:30:00,1.026619E+00,2.424276E+04,1.026619E+00,0.000000E+00,0.000000E+00,1.026619E+00,0.000000E+00,2.357403E+00,3.756770E+04,7.195809E+04,3.601567E+00,8.504805E+04,3.363061E+00,0.000000E+00,0.000000E+00,3.363061E+00,0.000000E+00,1.051164E+01,1.675141E+05,3.208606E+05,4.745658E+00,1.120648E+05,2.878828E+00,0.000000E+00,0.000000E+00,2.878828E+00,0.000000E+00,1.466291E+01,2.336689E+05,4.475751E+05,4.154596E+00,9.810735E+04,3.602746E+00,0.000000E+00,0.000000E+00,3.602746E+00,0.000000E+00,8.679629E+00,1.383190E+05,2.649396E+05
09:40:00,1.026619E+00,2.424276E+04,1.026619E+00,0.000000E+00,0.000000E+00,1.026619E+00,0.000000E+00,2.357393E+00,3.806421E+04,7.246965E+04,3.601568E+00,8.504806E+04,3.363061E+00,0.000000E+00,0.000000E+00,3.363061E+00,0.000000E+00,1.053963E+01,1.701807E+05,3.240035E+05,4.745661E+00,1.120649E+05,2.878828E+00,0.000000E+00,0.000000E+00,2.878828E+00,0.000000E+00,1.483816E+01,2.395878E+05,4.561463E+05,4.154596E+00,9.810737E+04,3.602746E+00,0.000000E+00,0.000000E+00,3.602746E+00,0.000000E+00,8.739193E+00,1.411094E+05,2.686553E+05
09:50:00,1.026619E+00,2.424276E+04,1.026619E+00,0.000000E+00,0.000000E+00,1.026619E+00,0.000000E+00,2.357385E+00,3.856074E+04,7.298130E+04,3.601569E+00,8.504808E+04,3.363061E+00,0.000000E+00,0.000000E+00,3.363061E+00,0.000000E+00,1.056772E+01,1.728607E+05,3.271617E+05,4.745665E+00,1.120650E+05,2.878828E+00,0.000000E+00,0.000000E+00,2.878828E+00,0.000000E+00,1.500333E+01,2.454158E+05,4.644819E+05,4.154597E+00,9.810738E+04,3.602746E+00,0.000000E+00,0.000000E+00,3.602746E+00,0.000000E+00,8.797513E+00,1.439046E+05,2.723586E+05
10:00:00,1.026619E+00,2.424276E+04,1.026619E+00,0.000000E+00,0.000000E+00,1.026619E+00,0.000000E+00,2.357378E+00,3.905729E+04,7.349299E+04,3.601569E+00,8.504810E+04,3.363061E+00,0.000000E+00,0.000000E+00,3.363061E+00,0.000000E+00,1.059576E+01,1.755517E+05,3.303306E+05,4.745668E+00,1.120651E+05,2.878828E+00,0.000000E+00,0.000000E+00,2.878828E+00,0.000000E+00,1.515877E+01,2.511522E+05,4.725859E+05,4.154597E+00,9.810739E+04,3.602746E+00,0.000000E+00,0.000000E+00,3.602746E+00,0.000000E+00,8.854459E+00,1.467016E+05,2.760443E+05
10:10:00,1.026619E+00,2.424276E+04,1.026619E+00,0.000000E+00,0.000000E+00,1.026619E+00,0.000000E+00,2.357372E+00,3.949544E+04,7.394449E+04,3.601570E+00,8.504811E+04,3.363061E+00,0.000000E+00,0.000000E+00,3.363061E+00,0.000000E+00,1.062368E+01,1.779892E+05,3.332365E+05,4.745672E+00,1.120651E+05,2.878828E+00,0.000000E+00,0.000000E+00,2.878828E+00,0.000000E+00,1.530545E+01,2.564276E+05,4.800911E+05,4.154598E+00,9.810741E+04,3.602746E+00,0.000000E+00,0.000000E+00,3.602746E+00,0.000000E+00,8.910027E+00,1.492787E+05,2.794838E+05
10:20:00,1.026619E+00,2.424276E+04,1.026619E+00,0.000000E+00,0.000000E+00,1.026619E+00,0.000000E+00,2.357369E+00,3.993361E+04,7.439604E+04,3.601571E+00,8.504813E+04,3.363061E+00,0.000000E+00,0.000000E+00,3.363061E+00,0.000000E+00,1.065133E+01,1.804325E+05,3.361446E+05,4.745675E+00,1.120652E+05,2.878828E+00,0.000000E+00,0.000000E+00,2.878828E+00,0.000000E+00,1.544360E+01,2.616131E+05,4.873834E+05,4.154598E+00,9.810742E+04,3.602746E+00,0.000000E+00,0.000000E+00,3.602746E+00,0.000000E+00,8.964107E+00,1.518511E+05,2.828976E+05
10:30:00,1.026619E+00,2.424276E+04,1.026619E+00,0.000000E+00,0.000000E+00,1.026619E+00,0.000000E+00,2.357367E+00,4.037180E+04,7.484764E+04,3.601571E+00,8.504814E+04,3.363061E+00,0.000000E+00,0.000000E+00,3.363061E+00,0.000000E+00,1.067798E+01,1.828691E+05,3.390317E+05,4.745679E+00,1.120653E+05,2.878828E+00,0.000000E+00,0.000000E+00,2.878828E+00,0.000000E+00,1.556749E+01,2.666057E+05,4.942759E+05,4.154599E+00,9.810743E+04,3.602746E+00,0.000000E+00,0.000000E+00,3.602746E+00,0.000000E+00,9.015334E+00,1.543949E+05,2.862416E+05
10:40:00,1.026619E+00,2.424276E+04,1.026619E+00,0.000000E+00,0.000000E+00,1.026619E+00,0.000000E+00,2.357366E+00,4.081003E+04,7.529933E+04,3.601572E+00,8.504816E+04,3.363061E+00,0.000000E+00,0.000000E+00,3.363061E+00,0.000000E+00,1.070404E+01,1.853051E+05,3.419099E+05,4.745682E+00,1.120654E+05,2.878828E+00,0.000000E+00,0.000000E+00,2.878828E+00,0.000000E+00,1.568165E+01,2.714761E+05,5.009056E+05,4.154600E+00,9.810745E+04,3.602746E+00,0.000000E+00,0.000000E+00,3.602746E+00,0.000000E+00,9.064488E+00,1.569217E+05,2.895392E+05
10:50:00,1.026619E+00,2.424276E+04,1.026619E+00,0.000000E+00,0.000000E+00,1.026619E+00,0.000000E+00,2.357367E+00,4.124828E+04,7.575103E+04,3.601573E+00,8.504817E+04,3.363061E+00,0.000000E+00,0.000000E+00,3.363061E+00,0.000000E+00,1.072954E+01,1.877412E+05,3.447803E+05,4.745686E+00,1.120655E+05,2.878828E+00,0.000000E+00,0.000000E+00,2.878828E+00,0.000000E+00,1.578718E+01,2.762378E+05,5.073012E+05,4.154600E+00,9.810746E+04,3.602746E+00,0.000000E+00,0.000000E+00,3.602746E+00,0.000000E+00,9.111677E+00,1.594325E+05,2.927923E+05
11:00:00,1.026619E+00,2.424276E+04,1.026619E+00,0.000000E+00,0.000000E+00,1.026619E+00,0.000000E+00,2.357370E+00,4.168655E+04,7.620278E+04,3.601573E+00,8.504819E+04,3.363061E+00,0.000000E+00,0.000000E+00,3.363061E+00,0.000000E+00,1.075445E+01,1.901763E+05,3.476413E+05,4.745689E+00,1.120655E+05,2.878828E+00,0.000000E+00,0.000000E+00,2.878828E+00,0.000000E+00,1.588460E+01,2.808953E+05,5.134750E+05,4.154601E+00,9.810747E+04,3.602746E+00,0.000000E+00,0.000000E+00,3.602746E+00,0.000000E+00,9.156927E+00,1.619265E+05,2.960008E+05
11:10:00,1.026619E+00,2.424276E+04,1.026619E+00,0.000000E+00,0.000000E+00,1.026619E+00,0.000000E+00,2.357374E+00,4.197878E+04,7.650404E+04,3.601574E+00,8.504820E+04,3.363061E+00,0.000000E+00,0.000000E+00,3.363061E+00,0.000000E+00,1.077849E+01,1.919372E+05,3.497951E+05,4.745692E+00,1.120656E+05,2.878828E+00,0.000000E+00,0.000000E+00,2.878828E+00,0.000000E+00,1.597364E+01,2.844495E+05,5.183938E+05,4.154601E+00,9.810749E+04,3.602746E+00,0.000000E+00,0.000000E+00,3.602746E+00,0.000000E+00,9.200053E+00,1.638293E+05,2.985701E+05
11:20:00,1.026619E+00,2.424276E+04,1.026619E+00,0.000000E+00,0.000000E+00,1.026619E+00,0.000000E+00,2.357379E+00,4.227103E+04,7.680531E+04,3.601575E+00,8.504822E+04,3.363061E+00,0.000000E+00,0.000000E+00,3.363061E+00,0.000000E+00,1.080162E+01,1.936878E+05,3.519255E+05,4.745696E+00,1.120657E+05,2.878828E+00,0.000000E+00,0.000000E+00,2.878828E+00,0.000000E+00,1.605447E+01,2.878785E+05,5.230675E+05,4.154602E+00,9.810750E+04,3.602746E+00,0.000000E+00,0.000000E+00,3.602746E+00,0.000000E+00,9.240965E+00,1.657031E+05,3.010781E+05
11:30:00,1.026619E+00,2.424276E+04,1.026619E+00,0.000000E+00,0.000000E+00,1.026619E+00,0.000000E+00,2.357386E+00,4.256331E+04,7.710667E+04,3.601575E+00,8.504823E+04,3.363061E+00,0.000000E+00,0.000000E+00,3.363061E+00,0.000000E+00,1.082379E+01,1.954268E+05,3.540305E+05,4.745699E+00,1.120658E+05,2.878828E+00,0.000000E+00,0.000000E+00,2.878828E+00,0.000000E+00,1.612744E+01,2.911858E+05,5.275052E+05,4.154602E+00,9.810751E+04,3.602746E+00,0.000000E+00,0.000000E+00,3.602746E+00,0.000000E+00,9.279652E+00,1.675469E+05,3.035239E+05
11:40:00,1.026619E+00,2.424276E+04,1.026619E+00,0.000000E+00,0.000000E+00,1.026619E+00,0.000000E+00,2.357395E+00,4.285562E+04,7.740807E+04,3.601576E+00,8.504825E+04,3.363061E+00,0.000000E+00,0.000000E+00,3.363061E+00,0.000000E+00,1.084499E+01,1.971536E+05,3.561091E+05,4.745702E+00,1.120659E+05,2.878828E+00,0.000000E+00,0.000000E+00,2.878828E+00,0.000000E+00,1.619285E+01,2.943736E+05,5.317130E+05,4.154603E+00,9.810752E+04,3.602746E+00,0.000000E+00,0.000000E+00,3.602746E+00,0.000000E+00,9.316065E+00,1.693589E+05,3.059049E+05
11:50:00,1.026619E+00,2.424276E+04,1.026619E+00,0.000000E+00,0.000000E+00,1.026619E+00,0.000000E+00,2.357404E+00,4.314796E+04,7.770952E+04,3.601576E+00,8.504826E+04,3.363061E+00,0.000000E+00,0.000000E+00,3.363061E+00,0.000000E+00,1.086517E+01,1.988670E+05,3.581596E+05,4.745706E+00,1.120659E+05,2.878828E+00,0.000000E+00,0.000000E+00,2.878828E+00,0.000000E+00,1.625103E+01,2.974453E+05,5.356994E+05,4.154603E+00,9.810754E+04,3.602746E+00,0.000000E+00,0.000000E+00,3.602746E+00,0.000000E+00,9.350182E+00,1.711379E+05,3.082196E+05
12:00:00,1.026619E+00,2.424276E+04,1.026619E+00,0.000000E+00,0.000000E+00,1.026619E+00,0.000000E+00,2.357415E+00,4.344032E+04,7.801098E+04,3.601577E+00,8.504828E+04,3.363061E+00,0.000000E+00,0.000000E+00,3.363061E+00,0.000000E+00,1.088437E+01,2.005673E+05,3.601827E+05,4.745709E+00,1.120660E+05,2.878828E+00,0.000000E+00,0.000000E+00,2.878828E+00,0.000000E+00,1.630241E+01,3.004061E+05,5.394752E+05,4.154604E+00,9.810755E+04,3.602746E+00,0.000000E+00,0.000000E+00,3.602746E+00,0.000000E+00,9.382015E+00,1.728833E+05,3.104672E+05
12:10:00,1.026619E+00,2.424276E+04,1.026619E+00,0.000000E+00,0.000000E+00,1.026619E+00,0.000000E+00,2.357427E+00,4.367427E+04,7.825231E+04,3.601578E+00,8.504829E+04,3.363061E+00,0.000000E+00,0.000000E+00,3.363061E+00,0.000000E+00,1.090277E+01,2.019873E+05,3.619059E+05,4.745712E+00,1.120661E+05,2.878828E+00,0.000000E+00,0.000000E+00,2.878828E+00,0.000000E+00,1.634800E+01,3.028670E+05,5.426545E+05,4.154604E+00,9.810756E+04,3.602746E+00,0.000000E+00,0.000000E+00,3.602746E+00,0.000000E+00,9.411724E+00,1.743639E+05,3.124122E+05
12:20:00,1.026619E+00,2.424276E+04,1.026619E+00,0.000000E+00,0.000000E+00,1.026619E+00,0.000000E+00,2.357441E+00,4.390825E+04,7.849366E+04,3.601578E+00,8.504830E+04,3.363061E+00,0.000000E+00,0.000000E+00,3.363061E+00,0.000000E+00,1.092041E+01,2.033969E+05,3.636075E+05,4.745715E+00,1.120662E+05,2.878828E+00,0.000000E+00,0.000000E+00,2.878828E+00,0.000000E+00,1.638852E+01,3.052425E+05,5.456742E+05,4.154605E+00,9.810757E+04,3.602746E+00,0.000000E+00,0.000000E+00,3.602746E+00,0.000000E+00,9.439422E+00,1.758129E+05,3.142962E+05
12:30:00,1.026619E+00,2.424276E+04,1.026619E+00,0.000000E+00,0.000000E+00,1.026619E+00,0.000000E+00,2.357455E+00,4.414226E+04,7.873504E+04,3.601579E+00,8.504832E+04,3.363061E+00,0.000000E+00,0.000000E+00,3.363061E+00,0.000000E+00,1.093730E+01,2.047959E+05,3.652876E+05,4.745718E+00,1.120662E+05,2.878828E+00,0.000000E+00,0.000000E+00,2.878828E+00,0.000000E+00,1.642461E+01,3.075432E+05,5.485544E+05,4.154605E+00,9.810759E+04,3.602746E+00,0.000000E+00,0.000000E+00,3.602746E+00,0.000000E+00,9.465193E+00,1.772313E+05,3.161215E+05
12:40:00,1.026619E+00,2.424276E+04,1.026619E+00,0.000000E+00,0.000000E+00,1.026619E+00,0.000000E+00,2.357471E+00,4.437628E+04,7.897646E+04,3.601579E+00,8.504833E+04,3.363061E+00,0.000000E+00,0.000000E+00,3.363061E+00,0.000000E+00,1.095350E+01,2.061852E+05,3.669478E+05,4.745722E+00,1.120663E+05,2.878828E+00,0.000000E+00,0.000000E+00,2.878828E+00,0.000000E+00,1.645713E+01,3.097838E+05,5.513222E+05,4.154606E+00,9.810760E+04,3.602746E+00,0.000000E+00,0.000000E+00,3.602746E+00,0.000000E+00,9.489208E+00,1.786218E+05,3.178932E+05
12:50:00,1.026619E+00,2.424276E+04,1.026619E+00,0.000000E+00,0.000000E+00,1.026619E+00,0.000000E+00,2.357488E+00,4.461033E+04,7.921797E+04,3.601580E+00,8.504835E+04,3.363061E+00,0.000000E+00,0.000000E+00,3.363061E+00,0.000000E+00,1.096904E+01,2.075653E+05,3.685895E+05,4.745725E+00,1.120664E+05,2.878828E+00,0.000000E+00,0.000000E+00,2.878828E+00,0.000000E+00,1.648709E+01,3.119824E+05,5.540109E+05,4.154606E+00,9.810761E+04,3.602746E+00,0.000000E+00,0.000000E+00,3.602746E+00,0.000000E+00,9.511669E+00,1.799877E+05,3.196178E+05
13:00:00,1.026619E+00,2.424276E+04,1.026619E+00,0.000000E+00,0.000000E+00,1.026619E+00,0.000000E+00,2.357505E+00,4.484440E+04,7.945946E+04,3.601581E+00,8.504836E+04,3.363061E+00,0.000000E+00,0.000000E+00,3.363061E+00,0.000000E+00,1.098391E+01,2.089357E+05,3.702116E+05,4.745728E+00,1.120665E+05,2.878828E+00,0.000000E+00,0.000000E+00,2.878828E+00,0.000000E+00,1.651566E+01,3.141605E+05,5.566586E+05,4.154607E+00,9.810762E+04,3.602746E+00,0.000000E+00,0.000000E+00,3.602746E+00,0.000000E+00,9.532782E+00,1.813323E+05,3.213014E+05
13:10:00,1.026619E+00,2.424276E+04,1.026619E+00,0.000000E+00,0.000000E+00,1.026619E+00,0.000000E+00,2.357524E+00,4.499084E+04,7.961064E+04,3.601581E+00,8.504837E+04,3.363061E+00,0.000000E+00,0.000000E+00,3.363061E+00,0.000000E+00,1.099809E+01,2.098869E+05,3.713918E+05,4.745731E+00,1.120665E+05,2.878828E+00,0.000000E+00,0.000000E+00,2.878828E+00,0.000000E+00,1.654400E+01,3.157247E+05,5.586703E+05,4.154607E+00,9.810763E+04,3.602746E+00,0.000000E+00,0.000000E+00,3.602746E+00,0.000000E+00,9.552766E+00,1.823044E+05,3.225850E+05
13:20:00,1.026619E+00,2.424276E+04,1.026619E+00,0.000000E+00,0.000000E+00,1.026619E+00,0.000000E+00,2.357543E+00,4.513730E+04,7.976189E+04,3.601582E+00,8.504839E+04,3.363061E+00,0.000000E+00,0.000000E+00,3.363061E+00,0.000000E+00,1.101171E+01,2.108292E+05,3.725553E+05,4.745734E+00,1.120666E+05,2.878828E+00,0.000000E+00,0.000000E+00,2.878828E+00,0.000000E+00,1.657477E+01,3.173391E+05,5.607683E+05,4.154608E+00,9.810765E+04,3.602746E+00,0.000000E+00,0.000000E+00,3.602746E+00,0.000000E+00,9.572189E+00,1.832682E+05,3.238523E+05
13:30:00,1.026619E+00,2.424276E+04,1.026619E+00,0.000000E+00,0.000000E+00,1.026619E+00,0.000000E+00,2.357564E+00,4.528378E+04,7.991314E+04,3.601582E+00,8.504840E+04,3.363061E+00,0.000000E+00,0.000000E+00,3.363061E+00,0.000000E+00,1.102487E+01,2.117642E+05,3.737043E+05,4.745737E+00,1.120667E+05,2.878828E+00,0.000000E+00,0.000000E+00,2.878828E+00,0.000000E+00,1.660964E+01,3.190359E+05,5.630087E+05,4.154608E+00,9.810766E+04,3.602746E+00,0.000000E+00,0.000000E+00,3.602746E+00,0.000000E+00,9.591410E+00,1.842306E+05,3.251152E+05
13:40:00,1.026619E+00,2.424276E+04,1.026619E+00,0.000000E+00,0.000000E+00,1.026619E+00,0.000000E+00,2.357585E+00,4.543028E+04,8.006442E+04,3.601583E+00,8.504842E+04,3.363061E+00,0.000000E+00,0.000000E+00,3.363061E+00,0.000000E+00,1.103756E+01,2.126919E+05,3.748393E+05,4.745740E+00,1.120667E+05,2.878828E+00,0.000000E+00,0.000000E+00,2.878828E+00,0.000000E+00,1.664956E+01,3.208344E+05,5.654251E+05,4.154609E+00,9.810767E+04,3.602746E+00,0.000000E+00,0.000000E+00,3.602746E+00,0.000000E+00,9.610617E+00,1.851950E+05,3.263800E+05
13:50:00,1.026619E+00,2.424276E+04,1.026619E+00,0.000000E+00,0.000000E+00,1.026619E+00,0.000000E+00,2.357607E+00,4.557680E+04,8.021577E+04,3.601583E+00,8.504843E+04,3.363061E+00,0.000000E+00,0.000000E+00,3.363061E+00,0.000000E+00,1.104979E+01,2.136123E+05,3.759606E+05,4.745743E+00,1.120668E+05,2.878828E+00,0.000000E+00,0.000000E+00,2.878828E+00,0.000000E+00,1.669498E+01,3.227441E+05,5.680339E+05,4.154609E+00,9.810768E+04,3.602746E+00,0.000000E+00,0.000000E+00,3.602746E+00,0.000000E+00,9.629890E+00,1.861632E+05,3.276496E+05
14:00:00,1.026619E+00,2.424276E+04,1.026619E+00,0.000000E+00,0.000000E+00,1.026619E+00,0.000000E+00,2.357630E+00,4.572333E+04,8.036708E+04,3.601584E+00,8.504844E+04,3.363061E+00,0.000000E+00,0.000000E+00,3.363061E+00,0.000000E+00,1.106158E+01,2.145257E+05,3.770680E+05,4.745746E+00,1.120669E+05,2.878828E+00,0.000000E+00,0.000000E+00,2.878828E+00,0.000000E+00,1.674572E+01,3.247627E+05,5.708296E+05,4.154610E+00,9.810769E+04,3.602746E+00,0.000000E+00,0.000000E+00,3.602746E+00,0.000000E+00,9.649236E+00,1.871351E+05,3.289239E+05
14:10:00,1.026619E+00,2.424276E+04,1.026619E+00,0.000000E+00,0.000000E+00,1.026619E+00,0.000000E+00,2.357654E+00,4.572379E+04,8.036789E+04,3.601585E+00,8.504846E+04,3.363061E+00,0.000000E+00,0.000000E+00,3.363061E+00,0.000000E+00,1.107280E+01,2.147433E+05,3.774504E+05,4.745749E+00,1.120670E+05,2.878828E+00,0.000000E+00,0.000000E+00,2.878828E+00,0.000000E+00,1.680079E+01,3.258307E+05,5.727068E+05,4.154610E+00,9.810770E+04,3.602746E+00,0.000000E+00,0.000000E+00,3.602746E+00,0.000000E+00,9.668410E+00,1.875069E+05,3.295776E+05
14:20:00,1.026619E+00,2.424276E+04,1.026619E+00,0.000000E+00,0.000000E+00,1.026619E+00,0.000000E+00,2.357678E+00,4.572427E+04,8.036872E+04,3.601585E+00,8.504847E+04,3.363061E+00,0.000000E+00,0.000000E+00,3.363061E+00,0.000000E+00,1.108326E+01,2.149463E+05,3.778072E+05,4.745752E+00,1.120670E+05,2.878828E+00,0.000000E+00,0.000000E+00,2.878828E+00,0.000000E+00,1.685793E+01,3.269389E+05,5.746546E+05,4.154611E+00,9.810771E+04,3.602746E+00,0.000000E+00,0.000000E+00,3.602746E+00,0.000000E+00,9.686876E+00,1.878651E+05,3.302070E+05
14:30:00,1.026619E+00,2.424276E+04,1.026619E+00,0.000000E+00,0.000000E+00,1.026619E+00,0.000000E+00,2.357703E+00,4.572475E+04,8.036957E+04,3.601586E+00,8.504848E+04,3.363061E+00,0.000000E+00,0.000000E+00,3.363061E+00,0.000000E+00,1.109286E+01,2.151323E+05,3.781342E+05,4.745755E+00,1.120671E+05,2.878828E+00,0.000000E+00,0.000000E+00,2.878828E+00,0.000000E+00,1.691556E+01,3.280566E+05,5.766191E+05,4.154611E+00,9.810773E+04,3.602746E+00,0.000000E+00,0.000000E+00,3.602746E+00,0.000000E+00,9.704226E+00,1.882015E+05,3.307984E+05
14:40:00,1.026619E+00,2.424276E+04,1.026619E+00,0.000000E+00,0.000000E+00,1.026619E+00,0.000000E+00,2.357729E+00,4.572525E+04,8.037045E+04,3.601586E+00,8.504850E+04,3.363061E+00,0.000000E+00,0.000000E+00,3.363061E+00,0.000000E+00,1.110152E+01,2.153003E+05,3.784294E+05,4.745758E+00,1.120672E+05,2.878828E+00,0.000000E+00,0.000000E+00,2.878828E+00,0.000000E+00,1.697265E+01,3.291637E+05,5.785651E+05,4.154612E+00,9.810774E+04,3.602746E+00,0.000000E+00,0.000000E+00,3.602746E+00,0.000000E+00,9.720185E+00,1.885110E+05,3.313425E+05
14:50:00,1.026619E+00,2.424276E+04,1.026619E+00,0.000000E+00,0.000000E+00,1.026619E+00,0.000000E+00,2.357755E+00,4.572576E+04,8.037135E+04,3.601587E+00,8.504851E+04,3.363061E+00,0.000000E+00,0.000000E+00,3.363061E+00,0.000000E+00,1.110919E+01,2.154490E+05,3.786908E+05,4.745761E+00,1.120672E+05,2.878828E+00,0.000000E+00,0.000000E+00,2.878828E+00,0.000000E+00,1.702815E+01,3.302400E+05,5.804569E+05,4.154612E+00,9.810775E+04,3.602746E+00,0.000000E+00,0.000000E+00,3.602746E+00,0.000000E+00,9.734492E+00,1.887885E+05,3.318301E+05
15:00:00,1.026619E+00,2.424276E+04,1.026619E+00,0.000000E+00,0.000000E+00,1.026619E+00,0.000000E+00,2.357782E+00,4.572629E+04,8.037227E+04,3.601587E+00,8.504852E+04,3.363061E+00,0.000000E+00,0.000000E+00,3.363061E+00,0.000000E+00,1.111583E+01,2.155778E+05,3.789172E+05,4.745763E+00,1.120673E+05,2.878828E+00,0.000000E+00,0.000000E+00,2.878828E+00,0.000000E+00,1.708122E+01,3.312693E+05,5.822661E+05,4.154613E+00,9.810776E+04,3.602746E+00,0.000000E+00,0.000000E+00,3.602746E+00,0.000000E+00,9.746897E+00,1.890291E+05,3.322530E+05
15:10:00,1.026619E+00,2.424276E+04,1.026619E+00,0.000000E+00,0.000000E+00,1.026619E+00,0.000000E+00,2.357810E+00,4.555149E+04,8.019249E+04,3.601588E+00,8.504853E+04,3.363061E+00,0.000000E+00,0.000000E+00,3.363061E+00,0.000000E+00,1.112135E+01,2.148580E+05,3.782532E+05,4.745766E+00,1.120674E+05,2.878828E+00,0.000000E+00,0.000000E+00,2.878828E+00,0.000000E+00,1.713062E+01,3.309534E+05,5.826369E+05,4.154613E+00,9.810777E+04,3.602746E+00,0.000000E+00,0.000000E+00,3.602746E+00,0.000000E+00,9.757107E+00,1.885016E+05,3.318532E+05
15:20:00,1.026619E+00,2.424276E+04,1.026619E+00,0.000000E+00,0.000000E+00,1.026619E+00,0.000000E+00,2.357838E+00,4.537671E+04,8.001279E+04,3.601588E+00,8.504855E+04,3.363061E+00,0.000000E+00,0.000000E+00,3.363061E+00,0.000000E+00,1.112576E+01,2.141158E+05,3.775506E+05,4.745769E+00,1.120674E+05,2.878828E+00,0.000000E+00,0.000000E+00,2.878828E+00,0.000000E+00,1.717563E+01,3.305459E+05,5.828519E+05,4.154614E+00,9.810778E+04,3.602746E+00,0.000000E+00,0.000000E+00,3.602746E+00,0.000000E+00,9.764948E+00,1.879269E+05,3.313717E+05
15:30:00,1.026619E+00,2.424276E+04,1.026619E+00,0.000000E+00,0.000000E+00,1.026619E+00,0.000000E+00,2.357866E+00,4.520192E+04,7.983303E+04,3.601589E+00,8.504856E+04,3.363061E+00,0.000000E+00,0.000000E+00,3.363061E+00,0.000000E+00,1.112901E+01,2.133509E+05,3.768080E+05,4.745772E+00,1.120675E+05,2.878828E+00,0.000000E+00,0.000000E+00,2.878828E+00,0.000000E+00,1.721556E+01,3.300342E+05,5.828874E+05,4.154614E+00,9.810779E+04,3.602746E+00,0.000000E+00,0.000000E+00,3.602746E+00,0.000000E+00,9.770250E+00,1.873025E+05,3.308028E+05
15:40:00,1.026619E+00,2.424276E+04,1.026619E+00,0.000000E+00,0.000000E+00,1.026619E+00,0.000000E+00,2.357895E+00,4.502715E+04,7.965328E+04,3.601590E+00,8.504857E+04,3.363061E+00,0.000000E+00,0.000000E+00,3.363061E+00,0.000000E+00,1.113110E+01,2.125631E+05,3.760254E+05,4.745775E+00,1.120676E+05,2.878828E+00,0.000000E+00,0.000000E+00,2.878828E+00,0.000000E+00,1.724957E+01,3.294036E+05,5.827169E+05,4.154614E+00,9.810780E+04,3.602746E+00,0.000000E+00,0.000000E+00,3.602746E+00,0.000000E+00,9.772826E+00,1.866251E+05,3.301409E+05
15:50:00,1.026619E+00,2.424276E+04,1.026619E+00,0.000000E+00,0.000000E+00,1.026619E+00,0.000000E+00,2.357924E+00,4.485237E+04,7.947357E+04,3.601590E+00,8.504858E+04,3.363061E+00,0.000000E+00,0.000000E+00,3.363061E+00,0.000000E+00,1.113198E+01,2.117521E+05,3.752020E+05,4.745777E+00,1.120676E+05,2.878828E+00,0.000000E+00,0.000000E+00,2.878828E+00,0.000000E+00,1.727697E+01,3.286421E+05,5.823185E+05,4.154615E+00,9.810781E+04,3.602746E+00,0.000000E+00,0.000000E+00,3.602746E+00,0.000000E+00,9.772521E+00,1.858926E+05,3.293817E+05
16:00:00,1.026619E+00,2.424276E+04,1.026619E+00,0.000000E+00,0.000000E+00,1.026619E+00,0.000000E+00,2.357953E+00,4.467759E+04,7.929383E+04,3.601591E+00,8.504860E+04,3.363061E+00,0.000000E+00,0.000000E+00,3.363061E+00,0.000000E+00,1.113160E+01,2.109172E+05,3.743360E+05,4.745780E+00,1.120677E+05,2.878828E+00,0.000000E+00,0.000000E+00,2.878828E+00,0.000000E+00,1.729711E+01,3.277389E+05,5.816714E+05,4.154615E+00,9.810782E+04,3.602746E+00,0.000000E+00,0.000000E+00,3.602746E+00,0.000000E+00,9.769194E+00,1.851029E+05,3.285208E+05
16:10:00,1.026619E+00,2.424276E+04,1.026619E+00,0.000000E+00,0.000000E+00,1.026619E+00,0.000000E+00,2.357983E+00,4.444437E+04,7.905388E+04,3.601591E+00,8.504861E+04,3.363061E+00,0.000000E+00,0.000000E+00,3.363061E+00,0.000000E+00,1.113009E+01,2.097852E+05,3.731481E+05,4.745783E+00,1.120678E+05,2.878828E+00,0.000000E+00,0.000000E+00,2.878828E+00,0.000000E+00,1.731036E+01,3.262738E+05,5.803482E+05,4.154616E+00,9.810783E+04,3.602746E+00,0.000000E+00,0.000000E+00,3.602746E+00,0.000000E+00,9.762949E+00,1.840166E+05,3.273132E+05
16:20:00,1.026619E+00,2.424276E+04,1.026619E+00,0.000000E+00,0.000000E+00,1.026619E+00,0.000000E+00,2.358013E+00,4.421114E+04,7.881391E+04,3.601592E+00,8.504862E+04,3.363061E+00,0.000000E+00,0.000000E+00,3.363061E+00,0.000000E+00,1.112738E+01,2.086309E+05,3.719202E+05,4.745786E+00,1.120678E+05,2.878828E+00,0.000000E+00,0.000000E+00,2.878828E+00,0.000000E+00,1.731608E+01,3.246648E+05,5.787705E+05,4.154616E+00,9.810784E+04,3.602746E+00,0.000000E+00,0.000000E+00,3.602746E+00,0.000000E+00,9.753690E+00,1.828751E+05,3.260061E+05
16:30:00,1.026619E+00,2.424276E+04,1.026619E+00,0.000000E+00,0.000000E+00,1.026619E+00,0.000000E+00,2.358042E+00,4.397790E+04,7.857391E+04,3.601592E+00,8.504863E+04,3.363061E+00,0.000000E+00,0.000000E+00,3.363061E+00,0.000000E+00,1.112339E+01,2.074532E+05,3.706499E+05,4.745788E+00,1.120679E+05,2.878828E+00,0.000000E+00,0.000000E+00,2.878828E+00,0.000000E+00,1.731368E+01,3.229031E+05,5.769206E+05,4.154617E+00,9.810785E+04,3.602746E+00,0.000000E+00,0.000000E+00,3.602746E+00,0.000000E+00,9.741320E+00,1.816773E+05,3.245970E+05
16:40:00,1.026619E+00,2.424276E+04,1.026619E+00,0.000000E+00,0.000000E+00,1.026619E+00,0.000000E+00,2.358072E+00,4.374466E+04,7.833393E+04,3.601593E+00,8.504865E+04,3.363061E+00,0.000000E+00,0.000000E+00,3.363061E+00,0.000000E+00,1.111805E+01,2.062512E+05,3.693358E+05,4.745791E+00,1.120679E+05,2.878828E+00,0.000000E+00,0.000000E+00,2.878828E+00,0.000000E+00,1.730255E+01,3.209801E+05,5.747817E+05,4.154617E+00,9.810786E+04,3.602746E+00,0.000000E+00,0.000000E+00,3.602746E+00,0.000000E+00,9.725737E+00,1.804224E+05,3.230839E+05
16:50:00,1.026619E+00,2.424276E+04,1.026619E+00,0.000000E+00,0.000000E+00,1.026619E+00,0.000000E+00,2.358102E+00,4.351142E+04,7.809396E+04,3.601593E+00,8.504866E+04,3.363061E+00,0.000000E+00,0.000000E+00,3.363061E+00,0.000000E+00,1.111130E+01,2.050244E+05,3.679762E+05,4.745794E+00,1.120680E+05,2.878828E+00,0.000000E+00,0.000000E+00,2.878828E+00,0.000000E+00,1.728206E+01,3.188865E+05,5.723350E+05,4.154618E+00,9.810787E+04,3.602746E+00,0.000000E+00,0.000000E+00,3.602746E+00,0.000000E+00,9.706835E+00,1.791094E+05,3.214642E+05
17:00:00,1.026619E+00,2.424276E+04,1.026619E+00,0.000000E+00,0.000000E+00,1.026619E+00,0.000000E+00,2.358131E+00,4.327816E+04,7.785397E+04,3.601594E+00,8.504867E+04,3.363061E+00,0.000000E+00,0.000000E+00,3.363061E+00,0.000000E+00,1.110238E+01,2.037590E+05,3.665463E+05,4.745796E+00,1.120681E+05,2.878828E+00,0.000000E+00,0.000000E+00,2.878828E+00,0.000000E+00,1.724578E+01,3.165072E+05,5.693712E+05,4.154618E+00,9.810788E+04,3.602746E+00,0.000000E+00,0.000000E+00,3.602746E+00,0.000000E+00,9.683242E+00,1.777140E+05,3.196933E+05
17:10:00,1.026619E+00,2.424276E+04,1.026619E+00,0.000000E+00,0.000000E+00,1.026619E+00,0.000000E+00,2.358160E+00,4.298644E+04,7.755370E+04,3.601594E+00,8.504868E+04,3.363061E+00,0.000000E+00,0.000000E+00,3.363061E+00,0.000000E+00,1.109173E+01,2.021890E+05,3.647779E+05,4.745799E+00,1.120681E+05,2.878828E+00,0.000000E+00,0.000000E+00,2.878828E+00,0.000000E+00,1.719732E+01,3.134866E+05,5.655747E+05,4.154618E+00,9.810789E+04,3.602746E+00,0.000000E+00,0.000000E+00,3.602746E+00,0.000000E+00,9.655730E+00,1.760124E+05,3.175516E+05
17:20:00,1.026619E+00,2.424276E+04,1.026619E+00,0.000000E+00,0.000000E+00,1.026619E+00,0.000000E+00,2.358189E+00,4.269471E+04,7.725341E+04,3.601595E+00,8.504869E+04,3.363061E+00,0.000000E+00,0.000000E+00,3.363061E+00,0.000000E+00,1.107946E+01,2.005922E+05,3.629590E+05,4.745801E+00,1.120682E+05,2.878828E+00,0.000000E+00,0.000000E+00,2.878828E+00,0.000000E+00,1.713703E+01,3.102637E+05,5.614028E+05,4.154619E+00,9.810790E+04,3.602746E+00,0.000000E+00,0.000000E+00,3.602746E+00,0.000000E+00,9.624391E+00,1.742484E+05,3.152915E+05
17:30:00,1.026619E+00,2.424276E+04,1.026619E+00,0.000000E+00,0.000000E+00,1.026619E+00,0.000000E+00,2.358218E+00,4.240297E+04,7.695312E+04,3.601595E+00,8.504870E+04,3.363061E+00,0.000000E+00,0.000000E+00,3.363061E+00,0.000000E+00,1.106556E+01,1.989692E+05,3.610902E+05,4.745804E+00,1.120683E+05,2.878828E+00,0.000000E+00,0.000000E+00,2.878828E+00,0.000000E+00,1.706359E+01,3.068194E+05,5.568173E+05,4.154619E+00,9.810791E+04,3.602746E+00,0.000000E+00,0.000000E+00,3.602746E+00,0.000000E+00,9.588973E+00,1.724187E+05,3.129064E+05
17:40:00,1.026619E+00,2.424276E+04,1.026619E+00,0.000000E+00,0.000000E+00,1.026619E+00,0.000000E+00,2.358246E+00,4.211121E+04,7.665283E+04,3.601596E+00,8.504872E+04,3.363061E+00,0.000000E+00,0.000000E+00,3.363061E+00,0.000000E+00,1.105007E+01,1.973212E+05,3.591734E+05,4.745807E+00,1.120683E+05,2.878828E+00,0.000000E+00,0.000000E+00,2.878828E+00,0.000000E+00,1.697611E+01,3.031425E+05,5.517943E+05,4.154620E+00,9.810792E+04,3.602746E+00,0.000000E+00,0.000000E+00,3.602746E+00,0.000000E+00,9.549354E+00,1.705229E+05,3.103939E+05
17:50:00,1.026619E+00,2.424276E+04,1.026619E+00,0.000000E+00,0.000000E+00,1.026619E+00,0.000000E+00,2.358273E+00,4.181943E+04,7.635248E+04,3.601596E+00,8.504873E+04,3.363061E+00,0.000000E+00,0.000000E+00,3.363061E+00,0.000000E+00,1.103302E+01,1.956493E+05,3.572097E+05,4.745809E+00,1.120684E+05,2.878828E+00,0.000000E+00,0.000000E+00,2.878828E+00,0.000000E+00,1.687434E+01,2.992339E+05,5.463308E+05,4.154620E+00,9.810793E+04,3.602746E+00,0.000000E+00,0.000000E+00,3.602746E+00,0.000000E+00,9.505573E+00,1.685630E+05,3.077565E+05
18:00:00,1.026619E+00,2.424276E+04,1.026619E+00,0.000000E+00,0.000000E+00,1.026619E+00,0.000000E+00,2.358300E+00,4.152764E+04,7.605209E+04,3.601597E+00,8.504874E+04,3.363061E+00,0.000000E+00,0.000000E+00,3.363061E+00,0.000000E+00,1.101514E+01,1.939671E+05,3.552239E+05,4.745812E+00,1.120684E+05,2.878828E+00,0.000000E+00,0.000000E+00,2.878828E+00,0.000000E+00,1.676372E+01,2.951947E+05,5.406081E+05,4.154620E+00,9.810794E+04,3.602746E+00,0.000000E+00,0.000000E+00,3.602746E+00,0.000000E+00,9.458939E+00,1.665638E+05,3.050384E+05
18:10:00,1.026619E+00,2.424276E+04,1.026619E+00,0.000000E+00,0.000000E+00,1.026619E+00,0.000000E+00,2.358326E+00,4.108968E+04,7.560107E+04,3.601597E+00,8.504875E+04,3.363061E+00,0.000000E+00,0.000000E+00,3.363061E+00,0.000000E+00,1.099591E+01,1.915844E+05,3.524969E+05,4.745814E+00,1.120685E+05,2.878828E+00,0.000000E+00,0.000000E+00,2.878828E+00,0.000000E+00,1.663902E+01,2.899057E+05,5.333987E+05,4.154621E+00,9.810795E+04,3.602746E+00,0.000000E+00,0.000000E+00,3.602746E+00,0.000000E+00,9.408495E+00,1.639265E+05,3.016090E+05
18:20:00,1.026619E+00,2.424276E+04,1.026619E+00,0.000000E+00,0.000000E+00,1.026619E+00,0.000000E+00,2.358350E+00,4.065170E+04,7.515001E+04,3.601598E+00,8.504876E+04,3.363061E+00,0.000000E+00,0.000000E+00,3.363061E+00,0.000000E+00,1.097478E+01,1.891761E+05,3.497169E+05,4.745817E+00,1.120686E+05,2.878828E+00,0.000000E+00,0.000000E+00,2.878828E+00,0.000000E+00,1.649108E+01,2.842624E+05,5.254965E+05,4.154621E+00,9.810796E+04,3.602746E+00,0.000000E+00,0.000000E+00,3.602746E+00,0.000000E+00,9.352421E+00,1.612109E+05,2.980196E+05
18:30:00,1.026619E+00,2.424276E+04,1.026619E+00,0.000000E+00,0.000000E+00,1.026619E+00,0.000000E+00,2.358374E+00,4.021369E+04,7.469891E+04,3.601598E+00,8.504877E+04,3.363061E+00,0.000000E+00,0.000000E+00,3.363061E+00,0.000000E+00,1.095210E+01,1.867491E+05,3.468956E+05,4.745819E+00,1.120686E+05,2.878828E+00,0.000000E+00,0.000000E+00,2.878828E+00,0.000000E+00,1.632579E+01,2.783783E+05,5.171014E+05,4.154622E+00,9.810797E+04,3.602746E+00,0.000000E+00,0.000000E+00,3.602746E+00,0.000000E+00,9.292112E+00,1.584439E+05,2.943174E+05
18:40:00,1.026619E+00,2.424276E+04,1.026619E+00,0.000000E+00,0.000000E+00,1.026619E+00,0.000000E+00,2.358397E+00,3.977565E+04,7.424776E+04,3.601599E+00,8.504878E+04,3.363061E+00,0.000000E+00,0.000000E+00,3.363061E+00,0.000000E+00,1.092795E+01,1.843059E+05,3.440370E+05,4.745822E+00,1.120687E+05,2.878828E+00,0.000000E+00,0.000000E+00,2.878828E+00,0.000000E+00,1.614375E+01,2.722731E+05,5.082423E+05,4.154622E+00,9.810798E+04,3.602746E+00,0.000000E+00,0.000000E+00,3.602746E+00,0.000000E+00,9.227900E+00,1.556336E+05,2.905155E+05
18:50:00,1.026619E+00,2.424276E+04,1.026619E+00,0.000000E+00,0.000000E+00,1.026619E+00,0.000000E+00,2.358418E+00,3.933758E+04,7.379652E+04,3.601599E+00,8.504880E+04,3.363061E+00,0.000000E+00,0.000000E+00,3.363061E+00,0.000000E+00,1.090223E+01,1.818453E+05,3.411382E+05,4.745824E+00,1.120687E+05,2.878828E+00,0.000000E+00,0.000000E+00,2.878828E+00,0.000000E+00,1.593979E+01,2.658701E+05,4.987671E+05,4.154622E+00,9.810799E+04,3.602746E+00,0.000000E+00,0.000000E+00,3.602746E+00,0.000000E+00,9.158882E+00,1.527669E+05,2.865877E+05
19:00:00,1.026619E+00,2.424276E+04,1.026619E+00,0.000000E+00,0.000000E+00,1.026619E+00,0.000000E+00,2.358438E+00,3.889949E+04,7.334528E+04,3.601599E+00,8.504881E+04,3.363061E+00,0.000000E+00,0.000000E+00,3.363061E+00,0.000000E+00,1.087526E+01,1.793739E+05,3.382108E+05,4.745826E+00,1.120688E+05,2.878828E+00,0.000000E+00,0.000000E+00,2.878828E+00,0.000000E+00,1.571655E+01,2.592248E+05,4.887705E+05,4.154623E+00,9.810800E+04,3.602746E+00,0.000000E+00,0.000000E+00,3.602746E+00,0.000000E+00,9.085855E+00,1.498598E+05,2.825618E+05
19:10:00,1.026619E+00,2.424276E+04,1.026619E+00,0.000000E+00,0.000000E+00,1.026619E+00,0.000000E+00,2.358457E+00,3.857827E+04,7.301449E+04,3.601600E+00,8.504882E+04,3.363061E+00,0.000000E+00,0.000000E+00,3.363061E+00,0.000000E+00,1.084780E+01,1.774421E+05,3.358326E+05,4.745829E+00,1.120688E+05,2.878828E+00,0.000000E+00,0.000000E+00,2.878828E+00,0.000000E+00,1.548229E+01,2.532504E+05,4.793099E+05,4.154623E+00,9.810801E+04,3.602746E+00,0.000000E+00,0.000000E+00,3.602746E+00,0.000000E+00,9.010951E+00,1.473959E+05,2.789663E+05
19:20:00,1.026619E+00,2.424276E+04,1.026619E+00,0.000000E+00,0.000000E+00,1.026619E+00,0.000000E+00,2.358474E+00,3.825703E+04,7.268364E+04,3.601600E+00,8.504883E+04,3.363061E+00,0.000000E+00,0.000000E+00,3.363061E+00,0.000000E+00,1.082129E+01,1.755332E+05,3.334914E+05,4.745831E+00,1.120689E+05,2.878828E+00,0.000000E+00,0.000000E+00,2.878828E+00,0.000000E+00,1.526051E+01,2.475422E+05,4.702997E+05,4.154624E+00,9.810802E+04,3.602746E+00,0.000000E+00,0.000000E+00,3.602746E+00,0.000000E+00,8.939624E+00,1.450105E+05,2.755021E+05
19:30:00,1.026619E+00,2.424276E+04,1.026619E+00,0.000000E+00,0.000000E+00,1.026619E+00,0.000000E+00,2.358489E+00,3.793576E+04,7.235274E+04,3.601601E+00,8.504884E+04,3.363061E+00,0.000000E+00,0.000000E+00,3.363061E+00,0.000000E+00,1.079661E+01,1.736610E+05,3.312139E+05,4.745834E+00,1.120690E+05,2.878828E+00,0.000000E+00,0.000000E+00,2.878828E+00,0.000000E+00,1.505592E+01,2.421711E+05,4.618793E+05,4.154624E+00,9.810803E+04,3.602746E+00,0.000000E+00,0.000000E+00,3.602746E+00,0.000000E+00,8.873466E+00,1.427277E+05,2.722164E+05
19:40:00,1.026619E+00,2.424276E+04,1.026619E+00,0.000000E+00,0.000000E+00,1.026619E+00,0.000000E+00,2.358503E+00,3.761446E+04,7.202178E+04,3.601601E+00,8.504885E+04,3.363061E+00,0.000000E+00,0.000000E+00,3.363061E+00,0.000000E+00,1.077423E+01,1.718323E+05,3.290135E+05,4.745836E+00,1.120690E+05,2.878828E+00,0.000000E+00,0.000000E+00,2.878828E+00,0.000000E+00,1.487291E+01,2.371998E+05,4.541752E+05,4.154624E+00,9.810804E+04,3.602746E+00,0.000000E+00,0.000000E+00,3.602746E+00,0.000000E+00,8.813887E+00,1.405678E+05,2.691503E+05
19:50:00,1.026619E+00,2.424276E+04,1.026619E+00,0.000000E+00,0.000000E+00,1.026619E+00,0.000000E+00,2.358515E+00,3.729313E+04,7.169078E+04,3.601602E+00,8.504886E+04,3.363061E+00,0.000000E+00,0.000000E+00,3.363061E+00,0.000000E+00,1.075470E+01,1.700547E+05,3.269062E+05,4.745838E+00,1.120691E+05,2.878828E+00,0.000000E+00,0.000000E+00,2.878828E+00,0.000000E+00,1.472031E+01,2.327592E+05,4.474468E+05,4.154625E+00,9.810804E+04,3.602746E+00,0.000000E+00,0.000000E+00,3.602746E+00,0.000000E+00,8.763117E+00,1.385635E+05,2.663687E+05
20:00:00,1.026619E+00,2.424276E+04,1.026619E+00,0.000000E+00,0.000000E+00,1.026619E+00,0.000000E+00,2.358526E+00,3.697177E+04,7.135973E+04,3.601602E+00,8.504887E+04,3.363061E+00,0.000000E+00,0.000000E+00,3.363061E+00,0.000000E+00,1.073804E+01,1.683273E+05,3.248909E+05,4.745841E+00,1.120691E+05,2.878828E+00,0.000000E+00,0.000000E+00,2.878828E+00,0.000000E+00,1.459885E+01,2.288485E+05,4.417036E+05,4.154625E+00,9.810805E+04,3.602746E+00,0.000000E+00,0.000000E+00,3.602746E+00,0.000000E+00,8.721465E+00,1.367159E+05,2.638772E+05
20:10:00,1.026619E+00,2.424276E+04,1.026619E+00,0.000000E+00,0.000000E+00,1.026619E+00,0.000000E+00,2.358536E+00,3.670885E+04,7.108886E+04,3.601603E+00,8.504888E+04,3.363061E+00,0.000000E+00,0.000000E+00,3.363061E+00,0.000000E+00,1.072408E+01,1.669123E+05,3.232355E+05,4.745843E+00,1.120692E+05,2.878828E+00,0.000000E+00,0.000000E+00,2.878828E+00,0.000000E+00,1.450505E+01,2.257602E+05,4.371980E+05,4.154626E+00,9.810806E+04,3.602746E+00,0.000000E+00,0.000000E+00,3.602746E+00,0.000000E+00,8.688118E+00,1.352241E+05,2.618694E+05
20:20:00,1.026619E+00,2.424276E+04,1.026619E+00,0.000000E+00,0.000000E+00,1.026619E+00,0.000000E+00,2.358544E+00,3.644591E+04,7.081800E+04,3.601603E+00,8.504889E+04,3.363061E+00,0.000000E+00,0.000000E+00,3.363061E+00,0.000000E+00,1.071211E+01,1.655312E+05,3.216434E+05,4.745845E+00,1.120692E+05,2.878828E+00,0.000000E+00,0.000000E+00,2.878828E+00,0.000000E+00,1.442640E+01,2.229271E+05,4.331693E+05,4.154626E+00,9.810807E+04,3.602746E+00,0.000000E+00,0.000000E+00,3.602746E+00,0.000000E+00,8.660191E+00,1.338235E+05,2.600322E+05
20:30:00,1.026619E+00,2.424276E+04,1.026619E+00,0.000000E+00,0.000000E+00,1.026619E+00,0.000000E+00,2.358551E+00,3.618295E+04,7.054707E+04,3.601604E+00,8.504890E+04,3.363061E+00,0.000000E+00,0.000000E+00,3.363061E+00,0.000000E+00,1.070119E+01,1.641688E+05,3.200852E+05,4.745847E+00,1.120693E+05,2.878828E+00,0.000000E+00,0.000000E+00,2.878828E+00,0.000000E+00,1.435577E+01,2.202343E+05,4.293980E+05,4.154626E+00,9.810808E+04,3.602746E+00,0.000000E+00,0.000000E+00,3.602746E+00,0.000000E+00,8.635760E+00,1.324827E+05,2.583058E+05
20:40:00,1.026619E+00,2.424276E+04,1.026619E+00,0.000000E+00,0.000000E+00,1.026619E+00,0.000000E+00,2.358558E+00,3.591998E+04,7.027614E+04,3.601604E+00,8.504891E+04,3.363061E+00,0.000000E+00,0.000000E+00,3.363061E+00,0.000000E+00,1.069098E+01,1.628198E+05,3.185511E+05,4.745850E+00,1.120693E+05,2.878828E+00,0.000000E+00,0.000000E+00,2.878828E+00,0.000000E+00,1.429120E+01,2.176498E+05,4.258240E+05,4.154627E+00,9.810809E+04,3.602746E+00,0.000000E+00,0.000000E+00,3.602746E+00,0.000000E+00,8.613976E+00,1.311877E+05,2.566641E+05
20:50:00,1.026619E+00,2.424276E+04,1.026619E+00,0.000000E+00,0.000000E+00,1.026619E+00,0.000000E+00,2.358563E+00,3.565699E+04,7.000515E+04,3.601604E+00,8.504892E+04,3.363061E+00,0.000000E+00,0.000000E+00,3.363061E+00,0.000000E+00,1.068128E+01,1.614807E+05,3.170340E+05,4.745852E+00,1.120694E+05,2.878828E+00,0.000000E+00,0.000000E+00,2.878828E+00,0.000000E+00,1.423146E+01,2.151526E+05,4.224078E+05,4.154627E+00,9.810810E+04,3.602746E+00,0.000000E+00,0.000000E+00,3.602746E+00,0.000000E+00,8.594217E+00,1.299282E+05,2.550873E+05
21:00:00,1.026619E+00,2.424276E+04,1.026619E+00,0.000000E+00,0.000000E+00,1.026619E+00,0.000000E+00,2.358568E+00,3.539399E+04,6.973418E+04,3.601605E+00,8.504893E+04,3.363061E+00,0.000000E+00,0.000000E+00,3.363061E+00,0.000000E+00,1.067198E+01,1.601496E+05,3.155311E+05,4.745854E+00,1.120694E+05,2.878828E+00,0.000000E+00,0.000000E+00,2.878828E+00,0.000000E+00,1.417589E+01,2.127314E+05,4.191290E+05,4.154627E+00,9.810811E+04,3.602746E+00,0.000000E+00,0.000000E+00,3.602746E+00,0.000000E+00,8.576099E+00,1.286977E+05,2.535637E+05
21:10:00,1.026619E+00,2.424276E+04,1.026619E+00,0.000000E+00,0.000000E+00,1.026619E+00,0.000000E+00,2.358572E+00,3.513098E+04,6.946315E+04,3.601605E+00,8.504894E+04,3.363061E+00,0.000000E+00,0.000000E+00,3.363061E+00,0.000000E+00,1.066286E+01,1.588235E+05,3.140358E+05,4.745856E+00,1.120695E+05,2.878828E+00,0.000000E+00,0.000000E+00,2.878828E+00,0.000000E+00,1.412332E+01,2.103672E+05,4.159511E+05,4.154628E+00,9.810811E+04,3.602746E+00,0.000000E+00,0.000000E+00,3.602746E+00,0.000000E+00,8.559179E+00,1.274891E+05,2.520794E+05
21:20:00,1.026619E+00,2.424276E+04,1.026619E+00,0.000000E+00,0.000000E+00,1.026619E+00,0.000000E+00,2.358576E+00,3.486795E+04,6.919214E+04,3.601606E+00,8.504895E+04,3.363061E+00,0.000000E+00,0.000000E+00,3.363061E+00,0.000000E+00,1.065385E+01,1.575010E+05,3.125458E+05,4.745859E+00,1.120695E+05,2.878828E+00,0.000000E+00,0.000000E+00,2.878828E+00,0.000000E+00,1.407315E+01,2.080502E+05,4.128558E+05,4.154628E+00,9.810812E+04,3.602746E+00,0.000000E+00,0.000000E+00,3.602746E+00,0.000000E+00,8.543186E+00,1.262980E+05,2.506264E+05
21:30:00,1.026619E+00,2.424276E+04,1.026619E+00,0.000000E+00,0.000000E+00,1.026619E+00,0.000000E+00,2.358578E+00,3.460492E+04,6.892107E+04,3.601606E+00,8.504896E+04,3.363061E+00,0.000000E+00,0.000000E+00,3.363061E+00,0.000000E+00,1.064489E+01,1.561812E+05,3.110592E+05,4.745861E+00,1.120696E+05,2.878828E+00,0.000000E+00,0.000000E+00,2.878828E+00,0.000000E+00,1.402494E+01,2.057731E+05,4.098291E+05,4.154628E+00,9.810813E+04,3.602746E+00,0.000000E+00,0.000000E+00,3.602746E+00,0.000000E+00,8.527919E+00,1.251211E+05,2.491981E+05
21:40:00,1.026619E+00,2.424276E+04,1.026619E+00,0.000000E+00,0.000000E+00,1.026619E+00,0.000000E+00,2.358581E+00,3.434188E+04,6.865002E+04,3.601607E+00,8.504897E+04,3.363061E+00,0.000000E+00,0.000000E+00,3.363061E+00,0.000000E+00,1.063595E+01,1.548637E+05,3.095753E+05,4.745863E+00,1.120696E+05,2.878828E+00,0.000000E+00,0.000000E+00,2.878828E+00,0.000000E+00,1.397834E+01,2.035302E+05,4.068604E+05,4.154629E+00,9.810814E+04,3.602746E+00,0.000000E+00,0.000000E+00,3.602746E+00,0.000000E+00,8.513229E+00,1.239560E+05,2.477903E+05
21:50:00,1.026619E+00,2.424276E+04,1.026619E+00,0.000000E+00,0.000000E+00,1.026619E+00,0.000000E+00,2.358582E+00,3.407883E+04,6.837892E+04,3.601607E+00,8.504898E+04,3.363061E+00,0.000000E+00,0.000000E+00,3.363061E+00,0.000000E+00,1.062700E+01,1.535481E+05,3.080931E+05,4.745865E+00,1.120697E+05,2.878828E+00,0.000000E+00,0.000000E+00,2.878828E+00,0.000000E+00,1.393305E+01,2.013168E+05,4.039406E+05,4.154629E+00,9.810815E+04,3.602746E+00,0.000000E+00,0.000000E+00,3.602746E+00,0.000000E+00,8.499001E+00,1.228009E+05,2.463991E+05
22:00:00,1.026619E+00,2.424276E+04,1.026619E+00,0.000000E+00,0.000000E+00,1.026619E+00,0.000000E+00,2.358584E+00,3.381577E+04,6.810784E+04,3.601607E+00,8.504899E+04,3.363061E+00,0.000000E+00,0.000000E+00,3.363061E+00,0.000000E+00,1.061800E+01,1.522337E+05,3.066116E+05,4.745867E+00,1.120697E+05,2.878828E+00,0.000000E+00,0.000000E+00,2.878828E+00,0.000000E+00,1.388870E+01,1.991267E+05,4.010581E+05,4.154629E+00,9.810816E+04,3.602746E+00,0.000000E+00,0.000000E+00,3.602746E+00,0.000000E+00,8.485100E+00,1.216536E+05,2.450207E+05
22:10:00,1.026619E+00,2.424276E+04,1.026619E+00,0.000000E+00,0.000000E+00,1.026619E+00,0.000000E+00,2.358584E+00,3.361117E+04,6.789697E+04,3.601608E+00,8.504900E+04,3.363061E+00,0.000000E+00,0.000000E+00,3.363061E+00,0.000000E+00,1.060905E+01,1.511850E+05,3.054045E+05,4.745869E+00,1.120698E+05,2.878828E+00,0.000000E+00,0.000000E+00,2.878828E+00,0.000000E+00,1.384560E+01,1.973076E+05,3.985756E+05,4.154630E+00,9.810816E+04,3.602746E+00,0.000000E+00,0.000000E+00,3.602746E+00,0.000000E+00,8.471576E+00,1.207248E+05,2.438727E+05
22:20:00,1.026619E+00,2.424276E+04,1.026619E+00,0.000000E+00,0.000000E+00,1.026619E+00,0.000000E+00,2.358584E+00,3.340656E+04,6.768609E+04,3.601608E+00,8.504901E+04,3.363061E+00,0.000000E+00,0.000000E+00,3.363061E+00,0.000000E+00,1.060016E+01,1.501387E+05,3.042007E+05,4.745871E+00,1.120698E+05,2.878828E+00,0.000000E+00,0.000000E+00,2.878828E+00,0.000000E+00,1.380368E+01,1.955128E+05,3.961347E+05,4.154630E+00,9.810817E+04,3.602746E+00,0.000000E+00,0.000000E+00,3.602746E+00,0.000000E+00,8.458409E+00,1.198033E+05,2.427374E+05
22:30:00,1.026619E+00,2.424276E+04,1.026619E+00,0.000000E+00,0.000000E+00,1.026619E+00,0.000000E+00,2.358584E+00,3.320194E+04,6.747520E+04,3.601609E+00,8.504902E+04,3.363061E+00,0.000000E+00,0.000000E+00,3.363061E+00,0.000000E+00,1.059133E+01,1.490949E+05,3.030006E+05,4.745874E+00,1.120699E+05,2.878828E+00,0.000000E+00,0.000000E+00,2.878828E+00,0.000000E+00,1.376285E+01,1.937406E+05,3.937326E+05,4.154631E+00,9.810818E+04,3.602746E+00,0.000000E+00,0.000000E+00,3.602746E+00,0.000000E+00,8.445573E+00,1.188889E+05,2.416139E+05
22:40:00,1.026619E+00,2.424276E+04,1.026619E+00,0.000000E+00,0.000000E+00,1.026619E+00,0.000000E+00,2.358583E+00,3.299731E+04,6.726430E+04,3.601609E+00,8.504903E+04,3.363061E+00,0.000000E+00,0.000000E+00,3.363061E+00,0.000000E+00,1.058259E+01,1.480538E+05,3.018043E+05,4.745876E+00,1.120699E+05,2.878828E+00,0.000000E+00,0.000000E+00,2.878828E+00,0.000000E+00,1.372304E+01,1.919897E+05,3.913667E+05,4.154631E+00,9.810819E+04,3.602746E+00,0.000000E+00,0.000000E+00,3.602746E+00,0.000000E+00,8.433052E+00,1.179810E+05,2.405017E+05
22:50:00,1.026619E+00,2.424276E+04,1.026619E+00,0.000000E+00,0.000000E+00,1.026619E+00,0.000000E+00,2.358582E+00,3.279268E+04,6.705337E+04,3.601609E+00,8.504904E+04,3.363061E+00,0.000000E+00,0.000000E+00,3.363061E+00,0.000000E+00,1.057394E+01,1.470154E+05,3.006121E+05,4.745878E+00,1.120700E+05,2.878828E+00,0.000000E+00,0.000000E+00,2.878828E+00,0.000000E+00,1.368419E+01,1.902589E+05,3.890351E+05,4.154631E+00,9.810820E+04,3.602746E+00,0.000000E+00,0.000000E+00,3.602746E+00,0.000000E+00,8.420833E+00,1.170795E+05,2.394003E+05
23:00:00,1.026619E+00,2.424276E+04,1.026619E+00,0.000000E+00,0.000000E+00,1.026619E+00,0.000000E+00,2.358580E+00,3.258804E+04,6.684243E+04,3.601610E+00,8.504905E+04,3.363061E+00,0.000000E+00,0.000000E+00,3.363061E+00,0.000000E+00,1.056538E+01,1.459798E+05,2.994241E+05,4.745880E+00,1.120700E+05,2.878828E+00,0.000000E+00,0.000000E+00,2.878828E+00,0.000000E+00,1.364625E+01,1.885475E+05,3.867363E+05,4.154632E+00,9.810820E+04,3.602746E+00,0.000000E+00,0.000000E+00,3.602746E+00,0.000000E+00,8.408904E+00,1.161842E+05,2.383094E+05
23:10:00,1.026619E+00,2.424276E+04,1.026619E+00,0.000000E+00,0.000000E+00,1.026619E+00,0.000000E+00,2.358577E+00,3.238339E+04,6.663148E+04,3.601610E+00,8.504906E+04,3.363061E+00,0.000000E+00,0.000000E+00,3.363061E+00,0.000000E+00,1.055683E+01,1.449458E+05,2.982378E+05,4.745882E+00,1.120701E+05,2.878828E+00,0.000000E+00,0.000000E+00,2.878828E+00,0.000000E+00,1.360874E+01,1.868487E+05,3.844565E+05,4.154632E+00,9.810821E+04,3.602746E+00,0.000000E+00,0.000000E+00,3.602746E+00,0.000000E+00,8.397157E+00,1.152934E+05,2.372256E+05
23:20:00,1.026619E+00,2.424276E+04,1.026619E+00,0.000000E+00,0.000000E+00,1.026619E+00,0.000000E+00,2.358574E+00,3.217873E+04,6.642052E+04,3.601611E+00,8.504907E+04,3.363061E+00,0.000000E+00,0.000000E+00,3.363061E+00,0.000000E+00,1.054829E+01,1.439134E+05,2.970535E+05,4.745884E+00,1.120701E+05,2.878828E+00,0.000000E+00,0.000000E+00,2.878828E+00,0.000000E+00,1.357162E+01,1.851617E+05,3.821945E+05,4.154632E+00,9.810822E+04,3.602746E+00,0.000000E+00,0.000000E+00,3.602746E+00,0.000000E+00,8.385572E+00,1.144069E+05,2.361486E+05
23:30:00,1.026619E+00,2.424276E+04,1.026619E+00,0.000000E+00,0.000000E+00,1.026619E+00,0.000000E+00,2.358571E+00,3.197407E+04,6.620954E+04,3.601611E+00,8.504908E+04,3.363061E+00,0.000000E+00,0.000000E+00,3.363061E+00,0.000000E+00,1.053976E+01,1.428827E+05,2.958709E+05,4.745886E+00,1.120702E+05,2.878828E+00,0.000000E+00,0.000000E+00,2.878828E+00,0.000000E+00,1.353486E+01,1.834859E+05,3.799491E+05,4.154632E+00,9.810823E+04,3.602746E+00,0.000000E+00,0.000000E+00,3.602746E+00,0.000000E+00,8.374131E+00,1.135243E+05,2.350777E+05
23:40:00,1.026619E+00,2.424276E+04,1.026619E+00,0.000000E+00,0.000000E+00,1.026619E+00,0.000000E+00,2.358566E+00,3.176941E+04,6.599858E+04,3.601611E+00,8.504909E+04,3.363061E+00,0.000000E+00,0.000000E+00,3.363061E+00,0.000000E+00,1.053124E+01,1.418536E+05,2.946903E+05,4.745888E+00,1.120702E+05,2.878828E+00,0.000000E+00,0.000000E+00,2.878828E+00,0.000000E+00,1.349842E+01,1.818209E+05,3.777194E+05,4.154633E+00,9.810823E+04,3.602746E+00,0.000000E+00,0.000000E+00,3.602746E+00,0.000000E+00,8.362818E+00,1.126454E+05,2.340125E+05
23:50:00,1.026619E+00,2.424276E+04,1.026619E+00,0.000000E+00,0.000000E+00,1.026619E+00,0.000000E+00,2.358562E+00,3.156473E+04,6.578757E+04,3.601612E+00,8.504910E+04,3.363061E+00,0.000000E+00,0.000000E+00,3.363061E+00,0.000000E+00,1.052273E+01,1.408261E+05,2.935114E+05,4.745890E+00,1.120703E+05,2.878828E+00,0.000000E+00,0.000000E+00,2.878828E+00,0.000000E+00,1.346227E+01,1.801661E+05,3.755043E+05,4.154633E+00,9.810824E+04,3.602746E+00,0.000000E+00,0.000000E+00,3.602746E+00,0.000000E+00,8.351619E+00,1.117701E+05,2.329524E+05
24:00:00,1.026619E+00,2.424276E+04,1.026619E+00,0.000000E+00,0.000000E+00,1.026619E+00,0.000000E+00,2.358557E+00,3.136005E+04,6.557656E+04,3.601612E+00,8.504911E+04,3.363061E+00,0.000000E+00,0.000000E+00,3.363061E+00,0.000000E+00,1.051423E+01,1.398003E+05,2.923344E+05,4.745892E+00,1.120703E+05,2.878828E+00,0.000000E+00,0.000000E+00,2.878828E+00,0.000000E+00,1.342640E+01,1.785213E+05,3.733033E+05,4.154633E+00,9.810825E+04,3.602746E+00,0.000000E+00,0.000000E+00,3.602746E+00,0.000000E+00,8.340525E+00,1.108980E+05,2.318973E+05
Coinc Peak   ,1.026619E+00,2.358584E+00,2.424276E+04,3.340656E+04,3.601612E+00,1.113198E+01,8.504911E+04,2.081349E+05,4.745892E+00,1.731608E+01,1.120703E+05,3.330349E+05,4.154633E+00,9.772826E+00,9.810825E+04,1.865973E+05
NonCoinc Peak,1.026619E+00,2.358584E+00,2.424276E+04,3.340656E+04,3.601612E+00,1.114525E+01,8.504911E+04,2.081349E+05,4.745892E+00,1.768818E+01,1.120703E+05,3.330349E+05,4.154633E+00,9.857433E+00,9.810825E+04,1.865973E+05
