Time,DOAS SYSTEM:DesPer 1:Des Heat Mass Flow [kg/s],DOAS SYSTEM:DesPer 1:Des Heat Cap [W],DOAS SYSTEM:DesPer 1:Des Cool Mass Flow [kg/s],DOAS SYSTEM:DesPer 1:Des Sens Cool Cap [W],DOAS SYSTEM:DesPer 1:Des Tot Cool Cap [W],DOAS SYSTEM:DesPer 2:Des Heat Mass Flow [kg/s],DOAS SYSTEM:DesPer 2:Des Heat Cap [W],DOAS SYSTEM:DesPer 2:Des Cool Mass Flow [kg/s],DOAS SYSTEM:DesPer 2:Des Sens Cool Cap [W],DOAS SYSTEM:DesPer 2:Des Tot Cool Cap [W],DOAS SYSTEM:DesPer 3:Des Heat Mass Flow [kg/s],DOAS SYSTEM:DesPer 3:Des Heat Cap [W],DOAS SYSTEM:DesPer 3:Des Cool Mass Flow [kg/s],DOAS SYSTEM:DesPer 3:Des Sens Cool Cap [W],DOAS SYSTEM:DesPer 3:Des Tot Cool Cap [W],DOAS SYSTEM:DesPer 4:Des Heat Mass Flow [kg/s],DOAS SYSTEM:DesPer 4:Des Heat Cap [W],DOAS SYSTEM:DesPer 4:Des Cool Mass Flow [kg/s],DOAS SYSTEM:DesPer 4:Des Sens Cool Cap [W],DOAS SYSTEM:DesPer 4:Des Tot Cool Cap [W],DOAS SYSTEM:DesPer 5:Des Heat Mass Flow [kg/s],DOAS SYSTEM:DesPer 5:Des Heat Cap [W],DOAS SYSTEM:DesPer 5:Des Cool Mass Flow [kg/s],DOAS SYSTEM:DesPer 5:Des Sens Cool Cap [W],DOAS SYSTEM:DesPer 5:Des Tot Cool Cap [W],DOAS SYSTEM:DesPer 6:Des Heat Mass Flow [kg/s],DOAS SYSTEM:DesPer 6:Des Heat Cap [W],DOAS SYSTEM:DesPer 6:Des Cool Mass Flow [kg/s],DOAS SYSTEM:DesPer 6:Des Sens Cool Cap [W],DOAS SYSTEM:DesPer 6:Des Tot Cool Cap [W],DOAS SYSTEM:DesPer 7:Des Heat Mass Flow [kg/s],DOAS SYSTEM:DesPer 7:Des Heat Cap [W],DOAS SYSTEM:DesPer 7:Des Cool Mass Flow [kg/s],DOAS SYSTEM:DesPer 7:Des Sens Cool Cap [W],DOAS SYSTEM:DesPer 7:Des Tot Cool Cap [W]
00:10:00,6.038754E-02,0.000000E+00,1.870274E-01,2.689177E+03,5.418108E+03,6.038754E-02,0.000000E+00,8.614143E-02,6.932587E+02,2.229616E+03,6.038754E-02,0.000000E+00,1.567688E-01,1.828772E+03,5.526539E+03,6.038754E-02,0.000000E+00,1.554830E-01,1.798148E+03,5.527117E+03,5.176704E-01,1.227638E+04,6.038754E-02,0.000000E+00,0.000000E+00,3.474124E-01,4.468484E+03,6.038754E-02,0.000000E+00,0.000000E+00,5.012181E-01,1.113074E+04,6.038754E-02,0.000000E+00,0.000000E+00
00:20:00,6.038754E-02,0.000000E+00,1.848515E-01,2.643589E+03,5.340334E+03,6.038754E-02,0.000000E+00,8.202763E-02,6.538044E+02,2.100986E+03,6.038754E-02,0.000000E+00,1.538074E-01,1.782325E+03,5.409791E+03,6.038754E-02,0.000000E+00,1.524908E-01,1.751745E+03,5.408507E+03,5.176437E-01,1.227575E+04,6.038754E-02,0.000000E+00,0.000000E+00,3.473936E-01,4.468242E+03,6.038754E-02,0.000000E+00,0.000000E+00,5.011859E-01,1.113002E+04,6.038754E-02,0.000000E+00,0.000000E+00
00:30:00,6.038754E-02,0.000000E+00,1.826662E-01,2.598202E+03,5.262631E+03,6.038754E-02,0.000000E+00,7.796629E-02,6.154007E+02,1.975974E+03,6.038754E-02,0.000000E+00,1.507541E-01,1.735279E+03,5.290298E+03,6.038754E-02,0.000000E+00,1.494031E-01,1.704714E+03,5.286994E+03,5.176172E-01,1.227512E+04,6.038754E-02,0.000000E+00,0.000000E+00,3.473749E-01,4.468002E+03,6.038754E-02,0.000000E+00,0.000000E+00,5.011540E-01,1.112931E+04,6.038754E-02,0.000000E+00,0.000000E+00
00:40:00,6.038754E-02,0.000000E+00,1.805075E-01,2.553531E+03,5.186044E+03,6.038754E-02,0.000000E+00,7.394141E-02,5.779105E+02,1.854125E+03,6.038754E-02,0.000000E+00,1.476282E-01,1.687874E+03,5.168750E+03,6.038754E-02,0.000000E+00,1.462460E-01,1.657376E+03,5.163529E+03,5.175908E-01,1.227449E+04,6.038754E-02,0.000000E+00,0.000000E+00,3.473564E-01,4.467763E+03,6.038754E-02,0.000000E+00,0.000000E+00,5.011222E-01,1.112861E+04,6.038754E-02,0.000000E+00,0.000000E+00
00:50:00,6.038754E-02,0.000000E+00,1.783143E-01,2.508708E+03,5.108814E+03,6.038754E-02,0.000000E+00,6.991428E-02,5.410258E+02,1.734440E+03,6.038754E-02,0.000000E+00,1.444459E-01,1.640315E+03,5.045739E+03,6.038754E-02,0.000000E+00,1.430337E-01,1.609904E+03,5.038625E+03,5.175646E-01,1.227387E+04,6.038754E-02,0.000000E+00,0.000000E+00,3.473379E-01,4.467526E+03,6.038754E-02,0.000000E+00,0.000000E+00,5.010906E-01,1.112791E+04,6.038754E-02,0.000000E+00,0.000000E+00
01:00:00,6.038754E-02,0.000000E+00,1.760556E-01,2.463309E+03,5.030063E+03,6.038754E-02,0.000000E+00,6.589554E-02,5.048285E+02,1.617171E+03,6.038754E-02,0.000000E+00,1.412197E-01,1.592751E+03,4.921704E+03,6.038754E-02,0.000000E+00,1.397780E-01,1.562445E+03,4.912713E+03,5.175385E-01,1.227325E+04,6.038754E-02,0.000000E+00,0.000000E+00,3.473196E-01,4.467291E+03,6.038754E-02,0.000000E+00,0.000000E+00,5.010591E-01,1.112721E+04,6.038754E-02,0.000000E+00,0.000000E+00
01:10:00,6.038754E-02,0.000000E+00,1.741651E-01,2.427874E+03,4.966788E+03,6.038754E-02,0.000000E+00,6.247113E-02,4.753715E+02,1.522055E+03,6.038754E-02,0.000000E+00,1.384186E-01,1.554019E+03,4.816673E+03,6.038754E-02,0.000000E+00,1.369242E-01,1.523482E+03,4.805083E+03,5.175405E-01,1.227330E+04,6.038754E-02,0.000000E+00,0.000000E+00,3.473210E-01,4.467309E+03,6.038754E-02,0.000000E+00,0.000000E+00,5.010616E-01,1.112726E+04,6.038754E-02,0.000000E+00,0.000000E+00
01:20:00,6.038754E-02,0.000000E+00,1.722050E-01,2.391666E+03,4.901734E+03,6.038754E-02,0.000000E+00,6.038754E-02,4.564016E+02,1.460606E+03,6.038754E-02,0.000000E+00,1.356190E-01,1.515592E+03,4.711995E+03,6.038754E-02,0.000000E+00,1.340296E-01,1.484362E+03,4.696327E+03,5.175425E-01,1.227335E+04,6.038754E-02,0.000000E+00,0.000000E+00,3.473225E-01,4.467327E+03,6.038754E-02,0.000000E+00,0.000000E+00,5.010639E-01,1.112731E+04,6.038754E-02,0.000000E+00,0.000000E+00
01:30:00,6.038754E-02,0.000000E+00,1.701652E-01,2.354559E+03,4.834627E+03,6.038754E-02,0.000000E+00,6.038754E-02,4.532866E+02,1.449944E+03,6.038754E-02,0.000000E+00,1.327962E-01,1.477196E+03,4.606812E+03,6.038754E-02,0.000000E+00,1.310956E-01,1.445106E+03,4.586504E+03,5.175445E-01,1.227339E+04,6.038754E-02,0.000000E+00,0.000000E+00,3.473238E-01,4.467345E+03,6.038754E-02,0.000000E+00,0.000000E+00,5.010663E-01,1.112737E+04,6.038754E-02,0.000000E+00,0.000000E+00
01:40:00,6.038754E-02,0.000000E+00,1.680278E-01,2.316317E+03,4.764968E+03,6.038754E-02,0.000000E+00,6.038754E-02,4.501717E+02,1.439304E+03,6.038754E-02,0.000000E+00,1.299469E-01,1.438798E+03,4.501011E+03,6.038754E-02,0.000000E+00,1.281320E-01,1.405828E+03,4.475960E+03,5.175465E-01,1.227344E+04,6.038754E-02,0.000000E+00,0.000000E+00,3.473252E-01,4.467363E+03,6.038754E-02,0.000000E+00,0.000000E+00,5.010686E-01,1.112742E+04,6.038754E-02,0.000000E+00,0.000000E+00
01:50:00,6.038754E-02,0.000000E+00,1.658635E-01,2.277926E+03,4.694776E+03,6.038754E-02,0.000000E+00,6.038754E-02,4.470567E+02,1.428687E+03,6.038754E-02,0.000000E+00,1.270716E-01,1.400408E+03,4.394619E+03,6.038754E-02,0.000000E+00,1.251462E-01,1.366613E+03,4.364958E+03,5.175484E-01,1.227349E+04,6.038754E-02,0.000000E+00,0.000000E+00,3.473266E-01,4.467381E+03,6.038754E-02,0.000000E+00,0.000000E+00,5.010710E-01,1.112747E+04,6.038754E-02,0.000000E+00,0.000000E+00
02:00:00,6.038754E-02,0.000000E+00,1.637043E-01,2.239828E+03,4.624954E+03,6.038754E-02,0.000000E+00,6.038754E-02,4.439418E+02,1.418092E+03,6.038754E-02,0.000000E+00,1.241793E-01,1.362127E+03,4.287946E+03,6.038754E-02,0.000000E+00,1.221449E-01,1.327538E+03,4.253737E+03,5.175503E-01,1.227353E+04,6.038754E-02,0.000000E+00,0.000000E+00,3.473279E-01,4.467398E+03,6.038754E-02,0.000000E+00,0.000000E+00,5.010732E-01,1.112752E+04,6.038754E-02,0.000000E+00,0.000000E+00
02:10:00,6.038754E-02,0.000000E+00,1.615465E-01,2.204055E+03,4.557551E+03,6.038754E-02,0.000000E+00,6.038754E-02,4.416056E+02,1.410160E+03,6.038754E-02,0.000000E+00,1.212764E-01,1.325593E+03,4.182840E+03,6.038754E-02,0.000000E+00,1.191645E-01,1.290535E+03,4.145161E+03,5.175522E-01,1.227358E+04,6.038754E-02,0.000000E+00,0.000000E+00,3.473293E-01,4.467415E+03,6.038754E-02,0.000000E+00,0.000000E+00,5.010755E-01,1.112757E+04,6.038754E-02,0.000000E+00,0.000000E+00
02:20:00,6.038754E-02,0.000000E+00,1.593953E-01,2.168539E+03,4.490507E+03,6.038754E-02,0.000000E+00,6.038754E-02,4.392693E+02,1.402241E+03,6.038754E-02,0.000000E+00,1.183671E-01,1.289214E+03,4.077746E+03,6.038754E-02,0.000000E+00,1.162220E-01,1.254172E+03,4.038137E+03,5.175541E-01,1.227362E+04,6.038754E-02,0.000000E+00,0.000000E+00,3.473306E-01,4.467432E+03,6.038754E-02,0.000000E+00,0.000000E+00,5.010778E-01,1.112762E+04,6.038754E-02,0.000000E+00,0.000000E+00
02:30:00,6.038754E-02,0.000000E+00,1.572553E-01,2.133341E+03,4.423949E+03,6.038754E-02,0.000000E+00,6.038754E-02,4.369331E+02,1.394334E+03,6.038754E-02,0.000000E+00,1.154874E-01,1.253382E+03,3.973906E+03,6.038754E-02,0.000000E+00,1.133293E-01,1.218573E+03,3.933082E+03,5.175560E-01,1.227367E+04,6.038754E-02,0.000000E+00,0.000000E+00,3.473319E-01,4.467449E+03,6.038754E-02,0.000000E+00,0.000000E+00,5.010800E-01,1.112767E+04,6.038754E-02,0.000000E+00,0.000000E+00
02:40:00,6.038754E-02,0.000000E+00,1.551271E-01,2.098467E+03,4.357890E+03,6.038754E-02,0.000000E+00,6.038754E-02,4.345969E+02,1.386440E+03,6.038754E-02,0.000000E+00,1.126527E-01,1.218258E+03,3.871842E+03,6.038754E-02,0.000000E+00,1.104875E-01,1.183741E+03,3.830019E+03,5.175578E-01,1.227371E+04,6.038754E-02,0.000000E+00,0.000000E+00,3.473332E-01,4.467466E+03,6.038754E-02,0.000000E+00,0.000000E+00,5.010822E-01,1.112772E+04,6.038754E-02,0.000000E+00,0.000000E+00
02:50:00,6.038754E-02,0.000000E+00,1.530092E-01,2.063899E+03,4.292295E+03,6.038754E-02,0.000000E+00,6.038754E-02,4.322607E+02,1.378558E+03,6.038754E-02,0.000000E+00,1.098728E-01,1.183945E+03,3.771888E+03,6.038754E-02,0.000000E+00,1.076993E-01,1.149703E+03,3.729044E+03,5.175597E-01,1.227375E+04,6.038754E-02,0.000000E+00,0.000000E+00,3.473345E-01,4.467483E+03,6.038754E-02,0.000000E+00,0.000000E+00,5.010844E-01,1.112777E+04,6.038754E-02,0.000000E+00,0.000000E+00
03:00:00,6.038754E-02,0.000000E+00,1.509097E-01,2.029740E+03,4.227380E+03,6.038754E-02,0.000000E+00,6.038754E-02,4.299245E+02,1.370688E+03,6.038754E-02,0.000000E+00,1.071481E-01,1.150440E+03,3.674050E+03,6.038754E-02,0.000000E+00,1.049670E-01,1.116474E+03,3.630225E+03,5.175615E-01,1.227380E+04,6.038754E-02,0.000000E+00,0.000000E+00,3.473358E-01,4.467499E+03,6.038754E-02,0.000000E+00,0.000000E+00,5.010866E-01,1.112782E+04,6.038754E-02,0.000000E+00,0.000000E+00
03:10:00,6.038754E-02,0.000000E+00,1.488173E-01,1.995840E+03,4.162832E+03,6.038754E-02,0.000000E+00,6.038754E-02,4.275883E+02,1.362831E+03,6.038754E-02,0.000000E+00,1.044574E-01,1.117508E+03,3.577592E+03,6.038754E-02,0.000000E+00,1.022716E-01,1.083848E+03,3.532901E+03,5.175633E-01,1.227384E+04,6.038754E-02,0.000000E+00,0.000000E+00,3.473371E-01,4.467515E+03,6.038754E-02,0.000000E+00,0.000000E+00,5.010887E-01,1.112787E+04,6.038754E-02,0.000000E+00,0.000000E+00
03:20:00,6.038754E-02,0.000000E+00,1.467318E-01,1.962195E+03,4.098645E+03,6.038754E-02,0.000000E+00,6.038754E-02,4.252520E+02,1.354986E+03,6.038754E-02,0.000000E+00,1.018039E-01,1.085183E+03,3.482628E+03,6.038754E-02,0.000000E+00,9.961336E-02,1.051823E+03,3.437074E+03,5.175651E-01,1.227388E+04,6.038754E-02,0.000000E+00,0.000000E+00,3.473383E-01,4.467532E+03,6.038754E-02,0.000000E+00,0.000000E+00,5.010909E-01,1.112791E+04,6.038754E-02,0.000000E+00,0.000000E+00
03:30:00,6.038754E-02,0.000000E+00,1.446517E-01,1.928781E+03,4.034773E+03,6.038754E-02,0.000000E+00,6.038754E-02,4.229158E+02,1.347153E+03,6.038754E-02,0.000000E+00,9.918788E-02,1.053460E+03,3.389154E+03,6.038754E-02,0.000000E+00,9.699168E-02,1.020388E+03,3.342719E+03,5.175668E-01,1.227392E+04,6.038754E-02,0.000000E+00,0.000000E+00,3.473396E-01,4.467548E+03,6.038754E-02,0.000000E+00,0.000000E+00,5.010930E-01,1.112796E+04,6.038754E-02,0.000000E+00,0.000000E+00
03:40:00,6.038754E-02,0.000000E+00,1.425755E-01,1.895582E+03,3.971178E+03,6.038754E-02,0.000000E+00,6.038754E-02,4.205796E+02,1.339333E+03,6.038754E-02,0.000000E+00,9.660875E-02,1.022330E+03,3.297150E+03,6.038754E-02,0.000000E+00,9.440700E-02,9.895439E+02,3.249850E+03,5.175686E-01,1.227396E+04,6.038754E-02,0.000000E+00,0.000000E+00,3.473408E-01,4.467564E+03,6.038754E-02,0.000000E+00,0.000000E+00,5.010951E-01,1.112801E+04,6.038754E-02,0.000000E+00,0.000000E+00
03:50:00,6.038754E-02,0.000000E+00,1.405107E-01,1.862694E+03,3.908063E+03,6.038754E-02,0.000000E+00,6.038754E-02,4.182434E+02,1.331524E+03,6.038754E-02,0.000000E+00,9.406671E-02,9.917904E+02,3.206618E+03,6.038754E-02,0.000000E+00,9.185960E-02,9.592892E+02,3.158472E+03,5.175703E-01,1.227401E+04,6.038754E-02,0.000000E+00,0.000000E+00,3.473420E-01,4.467579E+03,6.038754E-02,0.000000E+00,0.000000E+00,5.010971E-01,1.112805E+04,6.038754E-02,0.000000E+00,0.000000E+00
04:00:00,6.038754E-02,0.000000E+00,1.384576E-01,1.830120E+03,3.845439E+03,6.038754E-02,0.000000E+00,6.038754E-02,4.159072E+02,1.323728E+03,6.038754E-02,0.000000E+00,9.156187E-02,9.618384E+02,3.117556E+03,6.038754E-02,0.000000E+00,8.934965E-02,9.296211E+02,3.068583E+03,5.175720E-01,1.227405E+04,6.038754E-02,0.000000E+00,0.000000E+00,3.473432E-01,4.467595E+03,6.038754E-02,0.000000E+00,0.000000E+00,5.010992E-01,1.112810E+04,6.038754E-02,0.000000E+00,0.000000E+00
04:10:00,6.038754E-02,0.000000E+00,1.364337E-01,1.799850E+03,3.785604E+03,6.038754E-02,0.000000E+00,6.038754E-02,4.143497E+02,1.318538E+03,6.038754E-02,0.000000E+00,8.911801E-02,9.338676E+02,3.031961E+03,6.038754E-02,0.000000E+00,8.689809E-02,9.018731E+02,2.982062E+03,5.175738E-01,1.227409E+04,6.038754E-02,0.000000E+00,0.000000E+00,3.473445E-01,4.467610E+03,6.038754E-02,0.000000E+00,0.000000E+00,5.011012E-01,1.112814E+04,6.038754E-02,0.000000E+00,0.000000E+00
04:20:00,6.038754E-02,0.000000E+00,1.344420E-01,1.770108E+03,3.726766E+03,6.038754E-02,0.000000E+00,6.038754E-02,4.127922E+02,1.313353E+03,6.038754E-02,0.000000E+00,8.673297E-02,9.066379E+02,2.948496E+03,6.038754E-02,0.000000E+00,8.450627E-02,8.748700E+02,2.897720E+03,5.175754E-01,1.227413E+04,6.038754E-02,0.000000E+00,0.000000E+00,3.473456E-01,4.467626E+03,6.038754E-02,0.000000E+00,0.000000E+00,5.011033E-01,1.112819E+04,6.038754E-02,0.000000E+00,0.000000E+00
04:30:00,6.038754E-02,0.000000E+00,1.324849E-01,1.740922E+03,3.668993E+03,6.038754E-02,0.000000E+00,6.038754E-02,4.112347E+02,1.308173E+03,6.038754E-02,0.000000E+00,8.440781E-02,8.801555E+02,2.867193E+03,6.038754E-02,0.000000E+00,8.217562E-02,8.486220E+02,2.813506E+03,5.175771E-01,1.227417E+04,6.038754E-02,0.000000E+00,0.000000E+00,3.473468E-01,4.467641E+03,6.038754E-02,0.000000E+00,0.000000E+00,5.011053E-01,1.112823E+04,6.038754E-02,0.000000E+00,0.000000E+00
04:40:00,6.038754E-02,0.000000E+00,1.305641E-01,1.712314E+03,3.612325E+03,6.038754E-02,0.000000E+00,6.038754E-02,4.096773E+02,1.302998E+03,6.038754E-02,0.000000E+00,8.214367E-02,8.544277E+02,2.788086E+03,6.038754E-02,0.000000E+00,7.990619E-02,8.231249E+02,2.727890E+03,5.175788E-01,1.227421E+04,6.038754E-02,0.000000E+00,0.000000E+00,3.473480E-01,4.467656E+03,6.038754E-02,0.000000E+00,0.000000E+00,5.011073E-01,1.112828E+04,6.038754E-02,0.000000E+00,0.000000E+00
04:50:00,6.038754E-02,0.000000E+00,1.286784E-01,1.684266E+03,3.556734E+03,6.038754E-02,0.000000E+00,6.038754E-02,4.081198E+02,1.297830E+03,6.038754E-02,0.000000E+00,7.994082E-02,8.294527E+02,2.711178E+03,6.038754E-02,0.000000E+00,7.769798E-02,7.983739E+02,2.644817E+03,5.175804E-01,1.227425E+04,6.038754E-02,0.000000E+00,0.000000E+00,3.473492E-01,4.467671E+03,6.038754E-02,0.000000E+00,0.000000E+00,5.011092E-01,1.112832E+04,6.038754E-02,0.000000E+00,0.000000E+00
05:00:00,6.038754E-02,0.000000E+00,1.268296E-01,1.656796E+03,3.502263E+03,6.038754E-02,0.000000E+00,6.038754E-02,4.065623E+02,1.292666E+03,6.038754E-02,0.000000E+00,7.779934E-02,8.052265E+02,2.636469E+03,6.038754E-02,0.000000E+00,7.555105E-02,7.743649E+02,2.564268E+03,5.175821E-01,1.227428E+04,6.038754E-02,0.000000E+00,0.000000E+00,3.473503E-01,4.467686E+03,6.038754E-02,0.000000E+00,0.000000E+00,5.011112E-01,1.112836E+04,6.038754E-02,0.000000E+00,0.000000E+00
05:10:00,6.038754E-02,0.000000E+00,1.252614E-01,1.639540E+03,3.462286E+03,6.038754E-02,0.000000E+00,6.038754E-02,4.081198E+02,1.297830E+03,6.038754E-02,0.000000E+00,7.602248E-02,7.887967E+02,2.578289E+03,6.038754E-02,0.000000E+00,7.376989E-02,7.580114E+02,2.511106E+03,5.175837E-01,1.227432E+04,6.038754E-02,0.000000E+00,0.000000E+00,3.473515E-01,4.467700E+03,6.038754E-02,0.000000E+00,0.000000E+00,5.011131E-01,1.112841E+04,6.038754E-02,0.000000E+00,0.000000E+00
05:20:00,6.038754E-02,0.000000E+00,1.244947E-01,1.632716E+03,3.444403E+03,6.038754E-02,0.000000E+00,6.038754E-02,4.096773E+02,1.302998E+03,6.038754E-02,0.000000E+00,7.519252E-02,7.821245E+02,2.552153E+03,6.038754E-02,0.000000E+00,7.293904E-02,7.513553E+02,2.490041E+03,5.175853E-01,1.227436E+04,6.038754E-02,0.000000E+00,0.000000E+00,3.473526E-01,4.467715E+03,6.038754E-02,0.000000E+00,0.000000E+00,5.011151E-01,1.112845E+04,6.038754E-02,0.000000E+00,0.000000E+00
05:30:00,6.038754E-02,0.000000E+00,1.252781E-01,1.646222E+03,3.469411E+03,6.038754E-02,0.000000E+00,6.038754E-02,4.112347E+02,1.308173E+03,6.038754E-02,0.000000E+00,7.616791E-02,7.942346E+02,2.587297E+03,6.038754E-02,0.000000E+00,7.391986E-02,7.633653E+02,2.530847E+03,5.175869E-01,1.227440E+04,6.038754E-02,0.000000E+00,0.000000E+00,3.473537E-01,4.467729E+03,6.038754E-02,0.000000E+00,0.000000E+00,5.011170E-01,1.112849E+04,6.038754E-02,0.000000E+00,0.000000E+00
05:40:00,6.038754E-02,0.000000E+00,1.279726E-01,1.684930E+03,3.547433E+03,6.038754E-02,0.000000E+00,6.038754E-02,4.127922E+02,1.313353E+03,6.038754E-02,0.000000E+00,7.941671E-02,8.301595E+02,2.699779E+03,6.038754E-02,0.000000E+00,7.718315E-02,7.990558E+02,2.646611E+03,5.175885E-01,1.227444E+04,6.038754E-02,0.000000E+00,0.000000E+00,3.473548E-01,4.467744E+03,6.038754E-02,0.000000E+00,0.000000E+00,5.011189E-01,1.112853E+04,6.038754E-02,0.000000E+00,0.000000E+00
05:50:00,6.038754E-02,0.000000E+00,1.325071E-01,1.748049E+03,3.676651E+03,6.038754E-02,0.000000E+00,6.038754E-02,4.143497E+02,1.318538E+03,6.038754E-02,0.000000E+00,8.477033E-02,8.883083E+02,2.884045E+03,6.038754E-02,0.000000E+00,8.256003E-02,8.568505E+02,2.833193E+03,5.175900E-01,1.227447E+04,6.038754E-02,0.000000E+00,0.000000E+00,3.473559E-01,4.467758E+03,6.038754E-02,0.000000E+00,0.000000E+00,5.011208E-01,1.112858E+04,6.038754E-02,0.000000E+00,0.000000E+00
06:00:00,6.038754E-02,0.000000E+00,1.388525E-01,1.835340E+03,3.856409E+03,6.038754E-02,0.000000E+00,6.038754E-02,4.159072E+02,1.323728E+03,6.038754E-02,0.000000E+00,9.218452E-02,9.683792E+02,3.138756E+03,6.038754E-02,0.000000E+00,9.000312E-02,9.364200E+02,3.091025E+03,5.175916E-01,1.227451E+04,6.038754E-02,0.000000E+00,0.000000E+00,3.473570E-01,4.467772E+03,6.038754E-02,0.000000E+00,0.000000E+00,5.011226E-01,1.112862E+04,6.038754E-02,0.000000E+00,0.000000E+00
06:10:00,6.038754E-02,0.000000E+00,2.102812E-01,2.798459E+03,5.859787E+03,6.038754E-02,0.000000E+00,9.657034E-02,6.738264E+02,2.145996E+03,6.038754E-02,0.000000E+00,1.690141E-01,1.790714E+03,5.770525E+03,6.038754E-02,0.000000E+00,1.669976E-01,1.752569E+03,5.750933E+03,5.085994E-01,1.206126E+04,6.038754E-02,0.000000E+00,0.000000E+00,3.416496E-01,4.394362E+03,6.038754E-02,0.000000E+00,0.000000E+00,4.926062E-01,1.093949E+04,6.038754E-02,0.000000E+00,0.000000E+00
06:20:00,6.038754E-02,0.000000E+00,2.226049E-01,2.982560E+03,6.223914E+03,6.038754E-02,0.000000E+00,1.060156E-01,7.493012E+02,2.387974E+03,6.038754E-02,0.000000E+00,1.798624E-01,1.921889E+03,6.157757E+03,6.038754E-02,0.000000E+00,1.777758E-01,1.881729E+03,6.138758E+03,4.995968E-01,1.184777E+04,6.038754E-02,0.000000E+00,0.000000E+00,3.359355E-01,4.320866E+03,6.038754E-02,0.000000E+00,0.000000E+00,4.840781E-01,1.075010E+04,6.038754E-02,0.000000E+00,0.000000E+00
06:30:00,6.038754E-02,0.000000E+00,2.848325E-01,3.842026E+03,7.990271E+03,6.038754E-02,0.000000E+00,1.680213E-01,1.202715E+03,3.835677E+03,6.038754E-02,0.000000E+00,2.413272E-01,2.600446E+03,8.284666E+03,6.038754E-02,0.000000E+00,2.392181E-01,2.553681E+03,8.282828E+03,4.905939E-01,1.163427E+04,6.038754E-02,0.000000E+00,0.000000E+00,3.302218E-01,4.247376E+03,6.038754E-02,0.000000E+00,0.000000E+00,4.755496E-01,1.056071E+04,6.038754E-02,0.000000E+00,0.000000E+00
06:40:00,6.038754E-02,0.000000E+00,3.356739E-01,4.558112E+03,9.447728E+03,6.038754E-02,0.000000E+00,2.164018E-01,1.568563E+03,5.006106E+03,6.038754E-02,0.000000E+00,2.906721E-01,3.158405E+03,1.000588E+04,6.038754E-02,0.000000E+00,2.884980E-01,3.105792E+03,1.001615E+04,4.815863E-01,1.142066E+04,6.038754E-02,0.000000E+00,0.000000E+00,3.245055E-01,4.173851E+03,6.038754E-02,0.000000E+00,0.000000E+00,4.670156E-01,1.037119E+04,6.038754E-02,0.000000E+00,0.000000E+00
06:50:00,6.038754E-02,0.000000E+00,3.869969E-01,5.289961E+03,1.092824E+04,6.038754E-02,0.000000E+00,2.646757E-01,1.942362E+03,6.203834E+03,6.038754E-02,0.000000E+00,3.404203E-01,3.729693E+03,1.175025E+04,6.038754E-02,0.000000E+00,3.381764E-01,3.671127E+03,1.177259E+04,4.725762E-01,1.120699E+04,6.038754E-02,0.000000E+00,0.000000E+00,3.187876E-01,4.100307E+03,6.038754E-02,0.000000E+00,0.000000E+00,4.584789E-01,1.018161E+04,6.038754E-02,0.000000E+00,0.000000E+00
07:00:00,6.038754E-02,0.000000E+00,4.386858E-01,6.036110E+03,1.242868E+04,6.038754E-02,0.000000E+00,3.125220E-01,2.321701E+03,7.421304E+03,6.038754E-02,0.000000E+00,3.903323E-01,4.311770E+03,1.350962E+04,6.038754E-02,0.000000E+00,3.880083E-01,4.247109E+03,1.354368E+04,4.635647E-01,1.099328E+04,6.038754E-02,0.000000E+00,0.000000E+00,3.130687E-01,4.026749E+03,6.038754E-02,0.000000E+00,0.000000E+00,4.499404E-01,9.991996E+03,6.038754E-02,0.000000E+00,0.000000E+00
07:10:00,6.038754E-02,0.000000E+00,4.273296E-01,5.973536E+03,1.220350E+04,6.038754E-02,0.000000E+00,2.891128E-01,2.211177E+03,7.082420E+03,6.038754E-02,0.000000E+00,3.728784E-01,4.200712E+03,1.299034E+04,6.038754E-02,0.000000E+00,3.704513E-01,4.136145E+03,1.301513E+04,4.635460E-01,1.099284E+04,6.038754E-02,0.000000E+00,0.000000E+00,3.130577E-01,4.026608E+03,6.038754E-02,0.000000E+00,0.000000E+00,4.499192E-01,9.991524E+03,6.038754E-02,0.000000E+00,0.000000E+00
07:20:00,6.038754E-02,0.000000E+00,4.765950E-01,6.766687E+03,1.371808E+04,6.038754E-02,0.000000E+00,3.379030E-01,2.658409E+03,8.533539E+03,6.038754E-02,0.000000E+00,4.227518E-01,4.855247E+03,1.482399E+04,6.038754E-02,0.000000E+00,4.204489E-01,4.786550E+03,1.486736E+04,4.635368E-01,1.099262E+04,6.038754E-02,0.000000E+00,0.000000E+00,3.130528E-01,4.026545E+03,6.038754E-02,0.000000E+00,0.000000E+00,4.499087E-01,9.991290E+03,6.038754E-02,0.000000E+00,0.000000E+00
07:30:00,6.038754E-02,0.000000E+00,4.767074E-01,6.872790E+03,1.382903E+04,6.038754E-02,0.000000E+00,3.347579E-01,2.707053E+03,8.709916E+03,6.038754E-02,0.000000E+00,4.224891E-01,4.944851E+03,1.491088E+04,6.038754E-02,0.000000E+00,4.202548E-01,4.876470E+03,1.495611E+04,4.635273E-01,1.099239E+04,6.038754E-02,0.000000E+00,0.000000E+00,3.130470E-01,4.026471E+03,6.038754E-02,0.000000E+00,0.000000E+00,4.498978E-01,9.991050E+03,6.038754E-02,0.000000E+00,0.000000E+00
07:40:00,6.038754E-02,0.000000E+00,4.889352E-01,7.156268E+03,1.429423E+04,6.038754E-02,0.000000E+00,3.451156E-01,2.866470E+03,9.245509E+03,6.038754E-02,0.000000E+00,4.346815E-01,5.182845E+03,1.544005E+04,6.038754E-02,0.000000E+00,4.325463E-01,5.113922E+03,1.549196E+04,4.635220E-01,1.099227E+04,6.038754E-02,0.000000E+00,0.000000E+00,3.130436E-01,4.026427E+03,6.038754E-02,0.000000E+00,0.000000E+00,4.498918E-01,9.990915E+03,6.038754E-02,0.000000E+00,0.000000E+00
07:50:00,6.038754E-02,0.000000E+00,5.012819E-01,7.446875E+03,1.476846E+04,6.038754E-02,0.000000E+00,3.556819E-01,3.032207E+03,9.805310E+03,6.038754E-02,0.000000E+00,4.467904E-01,5.425172E+03,1.597179E+04,6.038754E-02,0.000000E+00,4.447487E-01,5.355689E+03,1.603019E+04,4.635187E-01,1.099219E+04,6.038754E-02,0.000000E+00,0.000000E+00,3.130415E-01,4.026399E+03,6.038754E-02,0.000000E+00,0.000000E+00,4.498880E-01,9.990832E+03,6.038754E-02,0.000000E+00,0.000000E+00
08:00:00,6.038754E-02,0.000000E+00,5.137567E-01,7.744825E+03,1.525206E+04,6.038754E-02,0.000000E+00,3.668287E-01,3.207652E+03,1.040060E+04,6.038754E-02,0.000000E+00,4.589762E-01,5.673759E+03,1.651180E+04,6.038754E-02,0.000000E+00,4.570311E-01,5.603788E+03,1.657687E+04,4.635165E-01,1.099214E+04,6.038754E-02,0.000000E+00,0.000000E+00,3.130401E-01,4.026381E+03,6.038754E-02,0.000000E+00,0.000000E+00,4.498855E-01,9.990777E+03,6.038754E-02,0.000000E+00,0.000000E+00
08:10:00,6.038754E-02,0.000000E+00,5.261825E-01,8.061067E+03,1.575383E+04,6.038754E-02,0.000000E+00,3.784023E-01,3.401570E+03,1.106397E+04,6.038754E-02,0.000000E+00,4.710251E-01,5.938114E+03,1.706501E+04,6.038754E-02,0.000000E+00,4.690609E-01,5.866217E+03,1.713247E+04,4.635149E-01,1.099210E+04,6.038754E-02,0.000000E+00,0.000000E+00,3.130392E-01,4.026370E+03,6.038754E-02,0.000000E+00,0.000000E+00,4.498838E-01,9.990737E+03,6.038754E-02,0.000000E+00,0.000000E+00
08:20:00,6.038754E-02,0.000000E+00,5.384945E-01,8.381626E+03,1.625844E+04,6.038754E-02,0.000000E+00,3.903426E-01,3.604547E+03,1.176244E+04,6.038754E-02,0.000000E+00,4.829953E-01,6.207363E+03,1.762147E+04,6.038754E-02,0.000000E+00,4.810153E-01,6.133580E+03,1.769143E+04,4.635137E-01,1.099207E+04,6.038754E-02,0.000000E+00,0.000000E+00,3.130387E-01,4.026363E+03,6.038754E-02,0.000000E+00,0.000000E+00,4.498825E-01,9.990710E+03,6.038754E-02,0.000000E+00,0.000000E+00
08:30:00,6.038754E-02,0.000000E+00,5.506457E-01,8.705678E+03,1.676438E+04,6.038754E-02,0.000000E+00,4.025672E-01,3.816068E+03,1.249478E+04,6.038754E-02,0.000000E+00,4.948343E-01,6.480758E+03,1.817920E+04,6.038754E-02,0.000000E+00,4.928390E-01,6.405103E+03,1.825162E+04,4.635129E-01,1.099205E+04,6.038754E-02,0.000000E+00,0.000000E+00,3.130384E-01,4.026359E+03,6.038754E-02,0.000000E+00,0.000000E+00,4.498817E-01,9.990693E+03,6.038754E-02,0.000000E+00,0.000000E+00
08:40:00,6.038754E-02,0.000000E+00,5.622889E-01,9.027527E+03,1.726085E+04,6.038754E-02,0.000000E+00,4.147625E-01,4.033297E+03,1.325214E+04,6.038754E-02,0.000000E+00,5.062111E-01,6.753789E+03,1.872585E+04,6.038754E-02,0.000000E+00,5.042026E-01,6.676327E+03,1.880068E+04,4.635125E-01,1.099204E+04,6.038754E-02,0.000000E+00,0.000000E+00,3.130382E-01,4.026357E+03,6.038754E-02,0.000000E+00,0.000000E+00,4.498813E-01,9.990682E+03,6.038754E-02,0.000000E+00,0.000000E+00
08:50:00,6.038754E-02,0.000000E+00,5.736048E-01,9.349746E+03,1.775308E+04,6.038754E-02,0.000000E+00,4.268347E-01,4.255272E+03,1.403174E+04,6.038754E-02,0.000000E+00,5.172917E-01,7.028370E+03,1.926724E+04,6.038754E-02,0.000000E+00,5.152714E-01,6.949142E+03,1.934444E+04,4.635122E-01,1.099204E+04,6.038754E-02,0.000000E+00,0.000000E+00,3.130383E-01,4.026358E+03,6.038754E-02,0.000000E+00,0.000000E+00,4.498811E-01,9.990678E+03,6.038754E-02,0.000000E+00,0.000000E+00
09:00:00,6.038754E-02,0.000000E+00,5.846781E-01,9.673498E+03,1.824346E+04,6.038754E-02,0.000000E+00,4.387988E-01,4.482061E+03,1.483414E+04,6.038754E-02,0.000000E+00,5.281510E-01,7.305321E+03,1.980598E+04,6.038754E-02,0.000000E+00,5.261201E-01,7.224362E+03,1.988552E+04,4.635121E-01,1.099203E+04,6.038754E-02,0.000000E+00,0.000000E+00,3.130384E-01,4.026359E+03,6.038754E-02,0.000000E+00,0.000000E+00,4.498811E-01,9.990678E+03,6.038754E-02,0.000000E+00,0.000000E+00
09:10:00,6.038754E-02,0.000000E+00,5.954833E-01,9.982815E+03,1.871515E+04,6.038754E-02,0.000000E+00,4.505586E-01,4.700955E+03,1.561123E+04,6.038754E-02,0.000000E+00,5.387657E-01,7.570253E+03,2.032659E+04,6.038754E-02,0.000000E+00,5.367252E-01,7.487649E+03,2.040848E+04,4.635122E-01,1.099204E+04,6.038754E-02,0.000000E+00,0.000000E+00,3.130386E-01,4.026362E+03,6.038754E-02,0.000000E+00,0.000000E+00,4.498813E-01,9.990682E+03,6.038754E-02,0.000000E+00,0.000000E+00
09:20:00,6.038754E-02,0.000000E+00,6.060010E-01,1.029199E+04,1.918264E+04,6.038754E-02,0.000000E+00,4.620887E-01,4.922557E+03,1.640357E+04,6.038754E-02,0.000000E+00,5.491156E-01,7.836062E+03,2.084198E+04,6.038754E-02,0.000000E+00,5.470666E-01,7.751850E+03,2.092616E+04,4.635124E-01,1.099204E+04,6.038754E-02,0.000000E+00,0.000000E+00,3.130389E-01,4.026366E+03,6.038754E-02,0.000000E+00,0.000000E+00,4.498816E-01,9.990689E+03,6.038754E-02,0.000000E+00,0.000000E+00
09:30:00,6.038754E-02,0.000000E+00,6.161996E-01,1.060028E+04,1.964471E+04,6.038754E-02,0.000000E+00,4.733523E-01,5.146318E+03,1.704567E+04,6.038754E-02,0.000000E+00,5.591673E-01,8.102087E+03,2.135069E+04,6.038754E-02,0.000000E+00,5.571108E-01,8.016308E+03,2.143713E+04,4.635126E-01,1.099205E+04,6.038754E-02,0.000000E+00,0.000000E+00,3.130393E-01,4.026371E+03,6.038754E-02,0.000000E+00,0.000000E+00,4.498820E-01,9.990697E+03,6.038754E-02,0.000000E+00,0.000000E+00
09:40:00,6.038754E-02,0.000000E+00,6.259818E-01,1.090579E+04,2.009802E+04,6.038754E-02,0.000000E+00,4.842520E-01,5.370981E+03,1.754845E+04,6.038754E-02,0.000000E+00,5.688250E-01,8.366724E+03,2.184882E+04,6.038754E-02,0.000000E+00,5.667620E-01,8.279428E+03,2.193746E+04,4.635130E-01,1.099205E+04,6.038754E-02,0.000000E+00,0.000000E+00,3.130397E-01,4.026376E+03,6.038754E-02,0.000000E+00,0.000000E+00,4.498825E-01,9.990708E+03,6.038754E-02,0.000000E+00,0.000000E+00
09:50:00,6.038754E-02,0.000000E+00,6.352515E-01,1.120655E+04,2.053917E+04,6.038754E-02,0.000000E+00,4.945076E-01,5.593138E+03,1.803270E+04,6.038754E-02,0.000000E+00,5.779937E-01,8.628297E+03,2.233248E+04,6.038754E-02,0.000000E+00,5.759253E-01,8.539548E+03,2.242318E+04,4.635134E-01,1.099206E+04,6.038754E-02,0.000000E+00,0.000000E+00,3.130401E-01,4.026381E+03,6.038754E-02,0.000000E+00,0.000000E+00,4.498830E-01,9.990721E+03,6.038754E-02,0.000000E+00,0.000000E+00
10:00:00,6.038754E-02,0.000000E+00,6.439378E-01,1.150096E+04,2.096553E+04,6.038754E-02,0.000000E+00,5.039741E-01,5.810695E+03,1.849267E+04,6.038754E-02,0.000000E+00,5.866030E-01,8.885415E+03,2.279855E+04,6.038754E-02,0.000000E+00,5.845302E-01,8.795281E+03,2.289120E+04,4.635139E-01,1.099208E+04,6.038754E-02,0.000000E+00,0.000000E+00,3.130406E-01,4.026387E+03,6.038754E-02,0.000000E+00,0.000000E+00,4.498836E-01,9.990735E+03,6.038754E-02,0.000000E+00,0.000000E+00
10:10:00,6.038754E-02,0.000000E+00,6.519788E-01,1.177069E+04,2.135732E+04,6.038754E-02,0.000000E+00,5.126222E-01,6.009563E+03,1.891300E+04,6.038754E-02,0.000000E+00,5.945905E-01,9.121419E+03,2.322833E+04,6.038754E-02,0.000000E+00,5.925144E-01,9.030031E+03,2.332283E+04,4.635144E-01,1.099209E+04,6.038754E-02,0.000000E+00,0.000000E+00,3.130410E-01,4.026393E+03,6.038754E-02,0.000000E+00,0.000000E+00,4.498843E-01,9.990750E+03,6.038754E-02,0.000000E+00,0.000000E+00
10:20:00,6.038754E-02,0.000000E+00,6.593311E-01,1.203096E+04,2.172963E+04,6.038754E-02,0.000000E+00,5.204016E-01,6.201427E+03,1.930459E+04,6.038754E-02,0.000000E+00,6.019121E-01,9.350169E+03,2.363516E+04,6.038754E-02,0.000000E+00,5.998338E-01,9.257608E+03,2.373137E+04,4.635150E-01,1.099210E+04,6.038754E-02,0.000000E+00,0.000000E+00,3.130416E-01,4.026400E+03,6.038754E-02,0.000000E+00,0.000000E+00,4.498850E-01,9.990766E+03,6.038754E-02,0.000000E+00,0.000000E+00
10:30:00,6.038754E-02,0.000000E+00,6.659719E-01,1.228096E+04,2.208126E+04,6.038754E-02,0.000000E+00,5.272850E-01,6.385449E+03,1.966587E+04,6.038754E-02,0.000000E+00,6.085440E-01,9.570902E+03,2.401772E+04,6.038754E-02,0.000000E+00,6.064642E-01,9.477252E+03,2.411544E+04,4.635155E-01,1.099211E+04,6.038754E-02,0.000000E+00,0.000000E+00,3.130421E-01,4.026407E+03,6.038754E-02,0.000000E+00,0.000000E+00,4.498858E-01,9.990783E+03,6.038754E-02,0.000000E+00,0.000000E+00
10:40:00,6.038754E-02,0.000000E+00,6.719021E-01,1.252029E+04,2.241185E+04,6.038754E-02,0.000000E+00,5.332686E-01,6.561064E+03,1.999619E+04,6.038754E-02,0.000000E+00,6.144855E-01,9.783212E+03,2.437555E+04,6.038754E-02,0.000000E+00,6.124053E-01,9.688554E+03,2.447463E+04,4.635162E-01,1.099213E+04,6.038754E-02,0.000000E+00,0.000000E+00,3.130426E-01,4.026414E+03,6.038754E-02,0.000000E+00,0.000000E+00,4.498866E-01,9.990800E+03,6.038754E-02,0.000000E+00,0.000000E+00
10:50:00,6.038754E-02,0.000000E+00,6.770889E-01,1.274791E+04,2.271986E+04,6.038754E-02,0.000000E+00,5.385005E-01,6.729599E+03,2.030058E+04,6.038754E-02,0.000000E+00,6.197039E-01,9.986165E+03,2.470692E+04,6.038754E-02,0.000000E+00,6.176239E-01,9.890585E+03,2.480720E+04,4.635168E-01,1.099214E+04,6.038754E-02,0.000000E+00,0.000000E+00,3.130432E-01,4.026421E+03,6.038754E-02,0.000000E+00,0.000000E+00,4.498874E-01,9.990818E+03,6.038754E-02,0.000000E+00,0.000000E+00
11:00:00,6.038754E-02,0.000000E+00,6.816123E-01,1.296493E+04,2.300754E+04,6.038754E-02,0.000000E+00,5.431220E-01,6.892413E+03,2.058392E+04,6.038754E-02,0.000000E+00,6.242755E-01,1.018059E+04,2.501449E+04,6.038754E-02,0.000000E+00,6.221966E-01,1.008417E+04,2.511577E+04,4.635175E-01,1.099216E+04,6.038754E-02,0.000000E+00,0.000000E+00,3.130437E-01,4.026428E+03,6.038754E-02,0.000000E+00,0.000000E+00,4.498883E-01,9.990837E+03,6.038754E-02,0.000000E+00,0.000000E+00
11:10:00,6.038754E-02,0.000000E+00,6.855361E-01,1.312797E+04,2.323111E+04,6.038754E-02,0.000000E+00,5.471842E-01,7.014527E+03,2.081118E+04,6.038754E-02,0.000000E+00,6.282621E-01,1.032662E+04,2.525829E+04,6.038754E-02,0.000000E+00,6.261847E-01,1.022955E+04,2.536057E+04,4.635182E-01,1.099218E+04,6.038754E-02,0.000000E+00,0.000000E+00,3.130443E-01,4.026435E+03,6.038754E-02,0.000000E+00,0.000000E+00,4.498891E-01,9.990856E+03,6.038754E-02,0.000000E+00,0.000000E+00
11:20:00,6.038754E-02,0.000000E+00,6.889779E-01,1.328272E+04,2.343932E+04,6.038754E-02,0.000000E+00,5.507964E-01,7.131863E+03,2.102234E+04,6.038754E-02,0.000000E+00,6.317780E-01,1.046588E+04,2.548418E+04,6.038754E-02,0.000000E+00,6.297025E-01,1.036823E+04,2.558732E+04,4.635189E-01,1.099219E+04,6.038754E-02,0.000000E+00,0.000000E+00,3.130449E-01,4.026442E+03,6.038754E-02,0.000000E+00,0.000000E+00,4.498900E-01,9.990876E+03,6.038754E-02,0.000000E+00,0.000000E+00
11:30:00,6.038754E-02,0.000000E+00,6.920883E-01,1.343194E+04,2.363713E+04,6.038754E-02,0.000000E+00,5.540997E-01,7.246089E+03,2.122265E+04,6.038754E-02,0.000000E+00,6.349699E-01,1.060065E+04,2.569789E+04,6.038754E-02,0.000000E+00,6.328967E-01,1.050244E+04,2.580183E+04,4.635196E-01,1.099221E+04,6.038754E-02,0.000000E+00,0.000000E+00,3.130454E-01,4.026450E+03,6.038754E-02,0.000000E+00,0.000000E+00,4.498909E-01,9.990896E+03,6.038754E-02,0.000000E+00,0.000000E+00
11:40:00,6.038754E-02,0.000000E+00,6.950460E-01,1.357897E+04,2.383052E+04,6.038754E-02,0.000000E+00,5.572606E-01,7.359288E+03,2.141836E+04,6.038754E-02,0.000000E+00,6.380123E-01,1.073371E+04,2.590640E+04,6.038754E-02,0.000000E+00,6.359416E-01,1.063497E+04,2.601108E+04,4.635203E-01,1.099223E+04,6.038754E-02,0.000000E+00,0.000000E+00,3.130460E-01,4.026457E+03,6.038754E-02,0.000000E+00,0.000000E+00,4.498918E-01,9.990916E+03,6.038754E-02,0.000000E+00,0.000000E+00
11:50:00,6.038754E-02,0.000000E+00,6.981173E-01,1.372900E+04,2.402864E+04,6.038754E-02,0.000000E+00,5.605248E-01,7.474679E+03,2.161891E+04,6.038754E-02,0.000000E+00,6.411621E-01,1.086939E+04,2.612008E+04,6.038754E-02,0.000000E+00,6.390937E-01,1.077010E+04,2.622555E+04,4.635211E-01,1.099225E+04,6.038754E-02,0.000000E+00,0.000000E+00,3.130466E-01,4.026465E+03,6.038754E-02,0.000000E+00,0.000000E+00,4.498927E-01,9.990936E+03,6.038754E-02,0.000000E+00,0.000000E+00
12:00:00,6.038754E-02,0.000000E+00,7.015011E-01,1.388601E+04,2.423834E+04,6.038754E-02,0.000000E+00,5.640753E-01,7.594766E+03,2.183140E+04,6.038754E-02,0.000000E+00,6.446124E-01,1.101101E+04,2.634690E+04,6.038754E-02,0.000000E+00,6.425459E-01,1.091114E+04,2.645321E+04,4.635218E-01,1.099226E+04,6.038754E-02,0.000000E+00,0.000000E+00,3.130472E-01,4.026473E+03,6.038754E-02,0.000000E+00,0.000000E+00,4.498937E-01,9.990957E+03,6.038754E-02,0.000000E+00,0.000000E+00
12:10:00,6.038754E-02,0.000000E+00,7.056142E-01,1.404022E+04,2.445549E+04,6.038754E-02,0.000000E+00,5.683000E-01,7.710277E+03,2.205582E+04,6.038754E-02,0.000000E+00,6.487707E-01,1.114897E+04,2.658630E+04,6.038754E-02,0.000000E+00,6.467053E-01,1.104849E+04,2.669370E+04,4.635226E-01,1.099228E+04,6.038754E-02,0.000000E+00,0.000000E+00,3.130478E-01,4.026480E+03,6.038754E-02,0.000000E+00,0.000000E+00,4.498946E-01,9.990978E+03,6.038754E-02,0.000000E+00,0.000000E+00
12:20:00,6.038754E-02,0.000000E+00,7.107527E-01,1.421579E+04,2.470916E+04,6.038754E-02,0.000000E+00,5.734773E-01,7.839682E+03,2.231821E+04,6.038754E-02,0.000000E+00,6.539273E-01,1.130504E+04,2.686762E+04,6.038754E-02,0.000000E+00,6.518621E-01,1.120384E+04,2.697635E+04,4.635233E-01,1.099230E+04,6.038754E-02,0.000000E+00,0.000000E+00,3.130484E-01,4.026488E+03,6.038754E-02,0.000000E+00,0.000000E+00,4.498956E-01,9.990999E+03,6.038754E-02,0.000000E+00,0.000000E+00
12:30:00,6.038754E-02,0.000000E+00,7.171124E-01,1.441698E+04,2.500651E+04,6.038754E-02,0.000000E+00,5.797938E-01,7.985846E+03,2.262616E+04,6.038754E-02,0.000000E+00,6.602759E-01,1.148292E+04,2.719915E+04,6.038754E-02,0.000000E+00,6.582096E-01,1.138084E+04,2.730951E+04,4.635241E-01,1.099232E+04,6.038754E-02,0.000000E+00,0.000000E+00,3.130490E-01,4.026496E+03,6.038754E-02,0.000000E+00,0.000000E+00,4.498965E-01,9.991021E+03,6.038754E-02,0.000000E+00,0.000000E+00
12:40:00,6.038754E-02,0.000000E+00,7.248181E-01,1.464667E+04,2.535228E+04,6.038754E-02,0.000000E+00,5.873692E-01,8.150783E+03,2.298474E+04,6.038754E-02,0.000000E+00,6.679371E-01,1.168506E+04,2.758623E+04,6.038754E-02,0.000000E+00,6.658684E-01,1.158196E+04,2.769858E+04,4.635249E-01,1.099234E+04,6.038754E-02,0.000000E+00,0.000000E+00,3.130496E-01,4.026503E+03,6.038754E-02,0.000000E+00,0.000000E+00,4.498975E-01,9.991042E+03,6.038754E-02,0.000000E+00,0.000000E+00
12:50:00,6.038754E-02,0.000000E+00,7.339199E-01,1.490631E+04,2.574870E+04,6.038754E-02,0.000000E+00,5.962585E-01,8.335651E+03,2.339648E+04,6.038754E-02,0.000000E+00,6.769637E-01,1.191281E+04,2.803151E+04,6.038754E-02,0.000000E+00,6.748913E-01,1.180853E+04,2.814618E+04,4.635257E-01,1.099235E+04,6.038754E-02,0.000000E+00,0.000000E+00,3.130502E-01,4.026511E+03,6.038754E-02,0.000000E+00,0.000000E+00,4.498985E-01,9.991064E+03,6.038754E-02,0.000000E+00,0.000000E+00
13:00:00,6.038754E-02,0.000000E+00,7.443988E-01,1.519594E+04,2.619550E+04,6.038754E-02,0.000000E+00,6.064540E-01,8.540748E+03,2.386153E+04,6.038754E-02,0.000000E+00,6.873415E-01,1.216635E+04,2.853480E+04,6.038754E-02,0.000000E+00,6.852645E-01,1.206072E+04,2.865216E+04,4.635265E-01,1.099237E+04,6.038754E-02,0.000000E+00,0.000000E+00,3.130508E-01,4.026519E+03,6.038754E-02,0.000000E+00,0.000000E+00,4.498994E-01,9.991085E+03,6.038754E-02,0.000000E+00,0.000000E+00
13:10:00,6.038754E-02,0.000000E+00,7.559889E-01,1.548128E+04,2.665358E+04,6.038754E-02,0.000000E+00,6.177154E-01,8.739173E+03,2.434600E+04,6.038754E-02,0.000000E+00,6.988128E-01,1.241445E+04,2.905778E+04,6.038754E-02,0.000000E+00,6.967304E-01,1.230745E+04,2.917821E+04,4.635272E-01,1.099239E+04,6.038754E-02,0.000000E+00,0.000000E+00,3.130514E-01,4.026527E+03,6.038754E-02,0.000000E+00,0.000000E+00,4.499004E-01,9.991107E+03,6.038754E-02,0.000000E+00,0.000000E+00
13:20:00,6.038754E-02,0.000000E+00,7.685306E-01,1.578766E+04,2.714685E+04,6.038754E-02,0.000000E+00,6.299008E-01,8.952182E+03,2.486845E+04,6.038754E-02,0.000000E+00,7.112248E-01,1.268081E+04,2.962148E+04,6.038754E-02,0.000000E+00,7.091366E-01,1.257232E+04,2.974522E+04,4.635280E-01,1.099241E+04,6.038754E-02,0.000000E+00,0.000000E+00,3.130520E-01,4.026534E+03,6.038754E-02,0.000000E+00,0.000000E+00,4.499014E-01,9.991129E+03,6.038754E-02,0.000000E+00,0.000000E+00
13:30:00,6.038754E-02,0.000000E+00,7.818079E-01,1.611082E+04,2.766781E+04,6.038754E-02,0.000000E+00,6.428071E-01,9.177053E+03,2.542104E+04,6.038754E-02,0.000000E+00,7.243626E-01,1.296176E+04,3.021712E+04,6.038754E-02,0.000000E+00,7.222686E-01,1.285171E+04,3.034438E+04,4.635288E-01,1.099243E+04,6.038754E-02,0.000000E+00,0.000000E+00,3.130526E-01,4.026542E+03,6.038754E-02,0.000000E+00,0.000000E+00,4.499024E-01,9.991151E+03,6.038754E-02,0.000000E+00,0.000000E+00
13:40:00,6.038754E-02,0.000000E+00,7.956155E-01,1.644666E+04,2.820932E+04,6.038754E-02,0.000000E+00,6.562473E-01,9.411247E+03,2.599651E+04,6.038754E-02,0.000000E+00,7.380318E-01,1.325394E+04,3.083671E+04,6.038754E-02,0.000000E+00,7.359319E-01,1.314228E+04,3.096766E+04,4.635297E-01,1.099245E+04,6.038754E-02,0.000000E+00,0.000000E+00,3.130532E-01,4.026550E+03,6.038754E-02,0.000000E+00,0.000000E+00,4.499034E-01,9.991173E+03,6.038754E-02,0.000000E+00,0.000000E+00
13:50:00,6.038754E-02,0.000000E+00,8.097657E-01,1.679138E+04,2.876486E+04,6.038754E-02,0.000000E+00,6.700453E-01,9.652327E+03,2.658798E+04,6.038754E-02,0.000000E+00,7.520498E-01,1.355417E+04,3.147272E+04,6.038754E-02,0.000000E+00,7.499443E-01,1.344087E+04,3.160748E+04,4.635305E-01,1.099247E+04,6.038754E-02,0.000000E+00,0.000000E+00,3.130538E-01,4.026558E+03,6.038754E-02,0.000000E+00,0.000000E+00,4.499044E-01,9.991195E+03,6.038754E-02,0.000000E+00,0.000000E+00
14:00:00,6.038754E-02,0.000000E+00,8.240756E-01,1.714124E+04,2.932796E+04,6.038754E-02,0.000000E+00,6.840258E-01,9.897829E+03,2.718857E+04,6.038754E-02,0.000000E+00,7.662359E-01,1.385926E+04,3.211767E+04,6.038754E-02,0.000000E+00,7.641252E-01,1.374430E+04,3.225630E+04,4.635313E-01,1.099249E+04,6.038754E-02,0.000000E+00,0.000000E+00,3.130544E-01,4.026566E+03,6.038754E-02,0.000000E+00,0.000000E+00,4.499054E-01,9.991217E+03,6.038754E-02,0.000000E+00,0.000000E+00
14:10:00,6.038754E-02,0.000000E+00,8.383481E-01,1.743812E+04,2.983590E+04,6.038754E-02,0.000000E+00,6.980002E-01,1.010004E+04,2.774402E+04,6.038754E-02,0.000000E+00,7.803965E-01,1.411539E+04,3.271122E+04,6.038754E-02,0.000000E+00,7.782810E-01,1.399892E+04,3.285387E+04,4.635321E-01,1.099251E+04,6.038754E-02,0.000000E+00,0.000000E+00,3.130550E-01,4.026573E+03,6.038754E-02,0.000000E+00,0.000000E+00,4.499064E-01,9.991239E+03,6.038754E-02,0.000000E+00,0.000000E+00
14:20:00,6.038754E-02,0.000000E+00,8.523523E-01,1.772942E+04,3.033430E+04,6.038754E-02,0.000000E+00,7.117439E-01,1.029891E+04,2.829030E+04,6.038754E-02,0.000000E+00,7.943019E-01,1.436690E+04,3.329408E+04,6.038754E-02,0.000000E+00,7.921822E-01,1.424896E+04,3.344068E+04,4.635329E-01,1.099253E+04,6.038754E-02,0.000000E+00,0.000000E+00,3.130556E-01,4.026581E+03,6.038754E-02,0.000000E+00,0.000000E+00,4.499074E-01,9.991261E+03,6.038754E-02,0.000000E+00,0.000000E+00
14:30:00,6.038754E-02,0.000000E+00,8.659537E-01,1.801233E+04,3.081836E+04,6.038754E-02,0.000000E+00,7.251302E-01,1.049261E+04,2.882238E+04,6.038754E-02,0.000000E+00,8.078224E-01,1.461145E+04,3.386081E+04,6.038754E-02,0.000000E+00,8.056990E-01,1.449208E+04,3.401127E+04,4.635337E-01,1.099255E+04,6.038754E-02,0.000000E+00,0.000000E+00,3.130562E-01,4.026589E+03,6.038754E-02,0.000000E+00,0.000000E+00,4.499084E-01,9.991284E+03,6.038754E-02,0.000000E+00,0.000000E+00
14:40:00,6.038754E-02,0.000000E+00,8.790231E-01,1.828418E+04,3.128348E+04,6.038754E-02,0.000000E+00,7.380255E-01,1.067920E+04,2.933494E+04,6.038754E-02,0.000000E+00,8.208262E-01,1.484666E+04,3.440588E+04,6.038754E-02,0.000000E+00,8.187000E-01,1.472593E+04,3.456009E+04,4.635345E-01,1.099257E+04,6.038754E-02,0.000000E+00,0.000000E+00,3.130568E-01,4.026597E+03,6.038754E-02,0.000000E+00,0.000000E+00,4.499094E-01,9.991306E+03,6.038754E-02,0.000000E+00,0.000000E+00
14:50:00,6.038754E-02,0.000000E+00,8.914227E-01,1.854210E+04,3.172477E+04,6.038754E-02,0.000000E+00,7.502979E-01,1.085678E+04,2.982274E+04,6.038754E-02,0.000000E+00,8.331766E-01,1.507004E+04,3.492356E+04,6.038754E-02,0.000000E+00,8.310481E-01,1.494804E+04,3.508134E+04,4.635354E-01,1.099258E+04,6.038754E-02,0.000000E+00,0.000000E+00,3.130574E-01,4.026604E+03,6.038754E-02,0.000000E+00,0.000000E+00,4.499104E-01,9.991328E+03,6.038754E-02,0.000000E+00,0.000000E+00
15:00:00,6.038754E-02,0.000000E+00,9.030321E-01,1.878358E+04,3.213794E+04,6.038754E-02,0.000000E+00,7.618233E-01,1.102356E+04,3.028085E+04,6.038754E-02,0.000000E+00,8.447528E-01,1.527943E+04,3.540879E+04,6.038754E-02,0.000000E+00,8.426229E-01,1.515623E+04,3.556995E+04,4.635362E-01,1.099260E+04,6.038754E-02,0.000000E+00,0.000000E+00,3.130580E-01,4.026612E+03,6.038754E-02,0.000000E+00,0.000000E+00,4.499114E-01,9.991351E+03,6.038754E-02,0.000000E+00,0.000000E+00
15:10:00,6.038754E-02,0.000000E+00,9.137368E-01,1.893555E+04,3.244601E+04,6.038754E-02,0.000000E+00,7.724897E-01,1.111813E+04,3.064272E+04,6.038754E-02,0.000000E+00,8.554409E-01,1.540656E+04,3.578812E+04,6.038754E-02,0.000000E+00,8.533101E-01,1.528244E+04,3.595256E+04,4.635370E-01,1.099262E+04,6.038754E-02,0.000000E+00,0.000000E+00,3.130586E-01,4.026620E+03,6.038754E-02,0.000000E+00,0.000000E+00,4.499124E-01,9.991373E+03,6.038754E-02,0.000000E+00,0.000000E+00
15:20:00,6.038754E-02,0.000000E+00,9.234418E-01,1.906522E+04,3.271698E+04,6.038754E-02,0.000000E+00,7.822015E-01,1.119738E+04,3.096510E+04,6.038754E-02,0.000000E+00,8.651456E-01,1.551440E+04,3.612467E+04,6.038754E-02,0.000000E+00,8.630147E-01,1.538947E+04,3.629214E+04,4.635378E-01,1.099264E+04,6.038754E-02,0.000000E+00,0.000000E+00,3.130592E-01,4.026627E+03,6.038754E-02,0.000000E+00,0.000000E+00,4.499134E-01,9.991395E+03,6.038754E-02,0.000000E+00,0.000000E+00
15:30:00,6.038754E-02,0.000000E+00,9.320833E-01,1.917151E+04,3.294881E+04,6.038754E-02,0.000000E+00,7.908917E-01,1.126059E+04,3.124555E+04,6.038754E-02,0.000000E+00,8.738029E-01,1.560204E+04,3.641600E+04,6.038754E-02,0.000000E+00,8.716725E-01,1.547641E+04,3.658623E+04,4.635386E-01,1.099266E+04,6.038754E-02,0.000000E+00,0.000000E+00,3.130598E-01,4.026635E+03,6.038754E-02,0.000000E+00,0.000000E+00,4.499144E-01,9.991417E+03,6.038754E-02,0.000000E+00,0.000000E+00
15:40:00,6.038754E-02,0.000000E+00,9.396719E-01,1.925489E+04,3.314213E+04,6.038754E-02,0.000000E+00,7.985687E-01,1.130811E+04,3.148466E+04,6.038754E-02,0.000000E+00,8.814220E-01,1.566988E+04,3.666277E+04,6.038754E-02,0.000000E+00,8.792926E-01,1.554367E+04,3.683545E+04,4.635395E-01,1.099268E+04,6.038754E-02,0.000000E+00,0.000000E+00,3.130604E-01,4.026643E+03,6.038754E-02,0.000000E+00,0.000000E+00,4.499154E-01,9.991440E+03,6.038754E-02,0.000000E+00,0.000000E+00
15:50:00,6.038754E-02,0.000000E+00,9.461834E-01,1.931511E+04,3.329633E+04,6.038754E-02,0.000000E+00,8.052061E-01,1.133979E+04,3.168163E+04,6.038754E-02,0.000000E+00,8.879781E-01,1.571773E+04,3.686418E+04,6.038754E-02,0.000000E+00,8.858503E-01,1.559105E+04,3.703902E+04,4.635403E-01,1.099270E+04,6.038754E-02,0.000000E+00,0.000000E+00,3.130610E-01,4.026650E+03,6.038754E-02,0.000000E+00,0.000000E+00,4.499164E-01,9.991462E+03,6.038754E-02,0.000000E+00,0.000000E+00
16:00:00,6.038754E-02,0.000000E+00,9.515782E-01,1.935161E+04,3.341028E+04,6.038754E-02,0.000000E+00,8.107635E-01,1.135533E+04,3.183512E+04,6.038754E-02,0.000000E+00,8.934332E-01,1.574516E+04,3.701893E+04,6.038754E-02,0.000000E+00,8.913074E-01,1.561813E+04,3.719561E+04,4.635411E-01,1.099272E+04,6.038754E-02,0.000000E+00,0.000000E+00,3.130616E-01,4.026658E+03,6.038754E-02,0.000000E+00,0.000000E+00,4.499174E-01,9.991484E+03,6.038754E-02,0.000000E+00,0.000000E+00
16:10:00,6.038754E-02,0.000000E+00,9.558422E-01,1.933971E+04,3.345835E+04,6.038754E-02,0.000000E+00,8.152180E-01,1.133361E+04,3.192268E+04,6.038754E-02,0.000000E+00,8.977689E-01,1.572895E+04,3.710246E+04,6.038754E-02,0.000000E+00,8.956455E-01,1.560175E+04,3.728075E+04,4.635419E-01,1.099274E+04,6.038754E-02,0.000000E+00,0.000000E+00,3.130622E-01,4.026665E+03,6.038754E-02,0.000000E+00,0.000000E+00,4.499184E-01,9.991507E+03,6.038754E-02,0.000000E+00,0.000000E+00
16:20:00,6.038754E-02,0.000000E+00,9.589259E-01,1.930318E+04,3.346430E+04,6.038754E-02,0.000000E+00,8.185246E-01,1.129514E+04,3.196443E+04,6.038754E-02,0.000000E+00,9.009390E-01,1.569155E+04,3.713703E+04,6.038754E-02,0.000000E+00,8.988185E-01,1.556429E+04,3.731657E+04,4.635427E-01,1.099276E+04,6.038754E-02,0.000000E+00,0.000000E+00,3.130628E-01,4.026673E+03,6.038754E-02,0.000000E+00,0.000000E+00,4.499194E-01,9.991529E+03,6.038754E-02,0.000000E+00,0.000000E+00
16:30:00,6.038754E-02,0.000000E+00,9.603110E-01,1.923199E+04,3.341053E+04,6.038754E-02,0.000000E+00,8.201817E-01,1.123339E+04,3.194125E+04,6.038754E-02,0.000000E+00,9.024289E-01,1.562440E+04,3.710185E+04,6.038754E-02,0.000000E+00,9.003120E-01,1.549728E+04,3.728218E+04,4.635436E-01,1.099278E+04,6.038754E-02,0.000000E+00,0.000000E+00,3.130634E-01,4.026681E+03,6.038754E-02,0.000000E+00,0.000000E+00,4.499204E-01,9.991551E+03,6.038754E-02,0.000000E+00,0.000000E+00
16:40:00,6.038754E-02,0.000000E+00,9.600645E-01,1.912800E+04,3.329986E+04,6.038754E-02,0.000000E+00,8.202535E-01,1.114975E+04,3.185615E+04,6.038754E-02,0.000000E+00,9.023049E-01,1.552916E+04,3.700016E+04,6.038754E-02,0.000000E+00,9.001924E-01,1.540235E+04,3.718084E+04,4.635444E-01,1.099280E+04,6.038754E-02,0.000000E+00,0.000000E+00,3.130640E-01,4.026688E+03,6.038754E-02,0.000000E+00,0.000000E+00,4.499214E-01,9.991573E+03,6.038754E-02,0.000000E+00,0.000000E+00
16:50:00,6.038754E-02,0.000000E+00,9.582055E-01,1.899211E+04,3.313350E+04,6.038754E-02,0.000000E+00,8.187524E-01,1.104488E+04,3.171011E+04,6.038754E-02,0.000000E+00,9.005850E-01,1.540665E+04,3.683324E+04,6.038754E-02,0.000000E+00,8.984774E-01,1.528031E+04,3.701380E+04,4.635452E-01,1.099282E+04,6.038754E-02,0.000000E+00,0.000000E+00,3.130645E-01,4.026696E+03,6.038754E-02,0.000000E+00,0.000000E+00,4.499224E-01,9.991595E+03,6.038754E-02,0.000000E+00,0.000000E+00
17:00:00,6.038754E-02,0.000000E+00,9.546721E-01,1.882359E+04,3.290981E+04,6.038754E-02,0.000000E+00,8.156208E-01,1.091849E+04,3.150142E+04,6.038754E-02,0.000000E+00,8.972054E-01,1.525627E+04,3.659896E+04,6.038754E-02,0.000000E+00,8.951033E-01,1.513059E+04,3.677896E+04,4.635460E-01,1.099284E+04,6.038754E-02,0.000000E+00,0.000000E+00,3.130651E-01,4.026703E+03,6.038754E-02,0.000000E+00,0.000000E+00,4.499234E-01,9.991618E+03,6.038754E-02,0.000000E+00,0.000000E+00
17:10:00,6.038754E-02,0.000000E+00,9.494028E-01,1.859726E+04,3.260194E+04,6.038754E-02,0.000000E+00,8.108042E-01,1.074946E+04,3.120677E+04,6.038754E-02,0.000000E+00,8.921094E-01,1.505458E+04,3.627172E+04,6.038754E-02,0.000000E+00,8.900137E-01,1.492978E+04,3.645069E+04,4.635468E-01,1.099286E+04,6.038754E-02,0.000000E+00,0.000000E+00,3.130657E-01,4.026710E+03,6.038754E-02,0.000000E+00,0.000000E+00,4.499244E-01,9.991640E+03,6.038754E-02,0.000000E+00,0.000000E+00
17:20:00,6.038754E-02,0.000000E+00,9.423149E-01,1.833690E+04,3.223330E+04,6.038754E-02,0.000000E+00,8.042199E-01,1.055845E+04,3.084563E+04,6.038754E-02,0.000000E+00,8.852127E-01,1.482404E+04,3.587287E+04,6.038754E-02,0.000000E+00,8.831241E-01,1.470032E+04,3.605034E+04,4.635477E-01,1.099288E+04,6.038754E-02,0.000000E+00,0.000000E+00,3.130663E-01,4.026718E+03,6.038754E-02,0.000000E+00,0.000000E+00,4.499254E-01,9.991662E+03,6.038754E-02,0.000000E+00,0.000000E+00
17:30:00,6.038754E-02,0.000000E+00,9.337542E-01,1.804990E+04,3.181636E+04,6.038754E-02,0.000000E+00,7.962036E-01,1.035053E+04,3.043152E+04,6.038754E-02,0.000000E+00,8.768595E-01,1.457108E+04,3.541702E+04,6.038754E-02,0.000000E+00,8.747785E-01,1.444860E+04,3.559258E+04,4.635485E-01,1.099290E+04,6.038754E-02,0.000000E+00,0.000000E+00,3.130668E-01,4.026725E+03,6.038754E-02,0.000000E+00,0.000000E+00,4.499264E-01,9.991684E+03,6.038754E-02,0.000000E+00,0.000000E+00
17:40:00,6.038754E-02,0.000000E+00,9.234101E-01,1.773087E+04,3.134116E+04,6.038754E-02,0.000000E+00,7.864592E-01,1.012244E+04,2.995372E+04,6.038754E-02,0.000000E+00,8.667439E-01,1.429121E+04,3.489248E+04,6.038754E-02,0.000000E+00,8.646716E-01,1.417015E+04,3.506561E+04,4.635493E-01,1.099291E+04,6.038754E-02,0.000000E+00,0.000000E+00,3.130674E-01,4.026733E+03,6.038754E-02,0.000000E+00,0.000000E+00,4.499274E-01,9.991706E+03,6.038754E-02,0.000000E+00,0.000000E+00
17:50:00,6.038754E-02,0.000000E+00,9.110274E-01,1.737562E+04,3.079978E+04,6.038754E-02,0.000000E+00,7.747473E-01,9.871785E+03,2.940387E+04,6.038754E-02,0.000000E+00,8.546168E-01,1.398105E+04,3.428992E+04,6.038754E-02,0.000000E+00,8.525541E-01,1.386163E+04,3.446010E+04,4.635501E-01,1.099293E+04,6.038754E-02,0.000000E+00,0.000000E+00,3.130680E-01,4.026740E+03,6.038754E-02,0.000000E+00,0.000000E+00,4.499284E-01,9.991728E+03,6.038754E-02,0.000000E+00,0.000000E+00
18:00:00,6.038754E-02,0.000000E+00,8.958409E-01,1.697045E+04,3.016729E+04,6.038754E-02,0.000000E+00,7.603459E-01,9.590232E+03,2.875545E+04,6.038754E-02,0.000000E+00,8.397294E-01,1.362921E+04,3.358024E+04,6.038754E-02,0.000000E+00,8.376781E-01,1.351174E+04,3.374669E+04,4.635509E-01,1.099295E+04,6.038754E-02,0.000000E+00,0.000000E+00,3.130686E-01,4.026747E+03,6.038754E-02,0.000000E+00,0.000000E+00,4.499293E-01,9.991750E+03,6.038754E-02,0.000000E+00,0.000000E+00
18:10:00,6.038754E-02,0.000000E+00,8.780199E-01,1.646301E+04,2.939211E+04,6.038754E-02,0.000000E+00,7.434224E-01,9.232972E+03,2.796603E+04,6.038754E-02,0.000000E+00,8.222492E-01,1.318644E+04,3.271618E+04,6.038754E-02,0.000000E+00,8.202110E-01,1.307134E+04,3.287833E+04,4.725465E-01,1.120628E+04,6.038754E-02,0.000000E+00,0.000000E+00,3.187780E-01,4.100183E+03,6.038754E-02,0.000000E+00,0.000000E+00,4.584497E-01,1.018096E+04,6.038754E-02,0.000000E+00,0.000000E+00
18:20:00,6.038754E-02,0.000000E+00,8.576489E-01,1.591515E+04,2.853919E+04,6.038754E-02,0.000000E+00,7.240676E-01,8.852533E+03,2.709247E+04,6.038754E-02,0.000000E+00,8.022619E-01,1.271072E+04,3.175988E+04,6.038754E-02,0.000000E+00,8.002386E-01,1.259825E+04,3.191709E+04,4.815504E-01,1.141980E+04,6.038754E-02,0.000000E+00,0.000000E+00,3.244930E-01,4.173691E+03,6.038754E-02,0.000000E+00,0.000000E+00,4.669794E-01,1.037039E+04,6.038754E-02,0.000000E+00,0.000000E+00
18:30:00,6.038754E-02,0.000000E+00,8.342462E-01,1.531950E+04,2.759411E+04,6.038754E-02,0.000000E+00,7.018489E-01,8.445123E+03,2.612009E+04,6.038754E-02,0.000000E+00,7.793042E-01,1.219624E+04,3.069463E+04,6.038754E-02,0.000000E+00,7.772982E-01,1.208674E+04,3.084607E+04,4.905561E-01,1.163337E+04,6.038754E-02,0.000000E+00,0.000000E+00,3.302084E-01,4.247203E+03,6.038754E-02,0.000000E+00,0.000000E+00,4.755113E-01,1.055986E+04,6.038754E-02,0.000000E+00,0.000000E+00
18:40:00,6.038754E-02,0.000000E+00,8.080622E-01,1.468237E+04,2.656691E+04,6.038754E-02,0.000000E+00,6.770195E-01,8.015399E+03,2.505999E+04,6.038754E-02,0.000000E+00,7.536210E-01,1.164852E+04,2.953178E+04,6.038754E-02,0.000000E+00,7.516346E-01,1.154229E+04,2.967673E+04,4.995666E-01,1.184705E+04,6.038754E-02,0.000000E+00,0.000000E+00,3.359266E-01,4.320752E+03,6.038754E-02,0.000000E+00,0.000000E+00,4.840486E-01,1.074945E+04,6.038754E-02,0.000000E+00,0.000000E+00
18:50:00,6.038754E-02,0.000000E+00,7.798038E-01,1.401808E+04,2.548238E+04,6.038754E-02,0.000000E+00,6.502644E-01,7.572855E+03,2.393900E+04,6.038754E-02,0.000000E+00,7.259145E-01,1.107985E+04,2.830036E+04,6.038754E-02,0.000000E+00,7.239498E-01,1.097712E+04,2.843832E+04,5.085793E-01,1.206079E+04,6.038754E-02,0.000000E+00,0.000000E+00,3.416464E-01,4.394321E+03,6.038754E-02,0.000000E+00,0.000000E+00,4.925886E-01,1.093910E+04,6.038754E-02,0.000000E+00,0.000000E+00
19:00:00,6.038754E-02,0.000000E+00,7.515289E-01,1.336443E+04,2.440858E+04,6.038754E-02,0.000000E+00,6.235256E-01,7.140848E+03,2.282934E+04,6.038754E-02,0.000000E+00,6.981989E-01,1.052176E+04,2.707972E+04,6.038754E-02,0.000000E+00,6.962563E-01,1.042252E+04,2.721067E+04,5.175933E-01,1.227455E+04,6.038754E-02,0.000000E+00,0.000000E+00,3.473671E-01,4.467901E+03,6.038754E-02,0.000000E+00,0.000000E+00,5.011300E-01,1.112878E+04,6.038754E-02,0.000000E+00,0.000000E+00
19:10:00,6.038754E-02,0.000000E+00,7.242700E-01,1.277694E+04,2.341735E+04,6.038754E-02,0.000000E+00,5.977655E-01,6.761039E+03,2.179811E+04,6.038754E-02,0.000000E+00,6.714817E-01,1.002389E+04,2.594466E+04,6.038754E-02,0.000000E+00,6.695607E-01,9.927928E+03,2.606880E+04,5.176134E-01,1.227503E+04,6.038754E-02,0.000000E+00,0.000000E+00,3.473795E-01,4.468061E+03,6.038754E-02,0.000000E+00,0.000000E+00,5.011531E-01,1.112929E+04,6.038754E-02,0.000000E+00,0.000000E+00
19:20:00,6.038754E-02,0.000000E+00,6.986675E-01,1.222618E+04,2.248741E+04,6.038754E-02,0.000000E+00,5.735910E-01,6.406248E+03,2.083204E+04,6.038754E-02,0.000000E+00,6.463918E-01,9.557653E+03,2.488011E+04,6.038754E-02,0.000000E+00,6.444910E-01,9.464785E+03,2.499784E+04,5.176259E-01,1.227532E+04,6.038754E-02,0.000000E+00,0.000000E+00,3.473868E-01,4.468155E+03,6.038754E-02,0.000000E+00,0.000000E+00,5.011675E-01,1.112962E+04,6.038754E-02,0.000000E+00,0.000000E+00
19:30:00,6.038754E-02,0.000000E+00,6.757878E-01,1.172994E+04,2.165219E+04,6.038754E-02,0.000000E+00,5.518465E-01,6.085109E+03,1.996100E+04,6.038754E-02,0.000000E+00,6.239658E-01,9.137546E+03,2.392507E+04,6.038754E-02,0.000000E+00,6.220833E-01,9.047468E+03,2.403713E+04,5.176371E-01,1.227559E+04,6.038754E-02,0.000000E+00,0.000000E+00,3.473941E-01,4.468249E+03,6.038754E-02,0.000000E+00,0.000000E+00,5.011805E-01,1.112990E+04,6.038754E-02,0.000000E+00,0.000000E+00
19:40:00,6.038754E-02,0.000000E+00,6.559120E-01,1.129190E+04,2.091947E+04,6.038754E-02,0.000000E+00,5.327787E-01,5.799277E+03,1.919279E+04,6.038754E-02,0.000000E+00,6.044874E-01,8.766551E+03,2.308923E+04,6.038754E-02,0.000000E+00,6.026210E-01,8.678929E+03,2.319639E+04,5.176441E-01,1.227576E+04,6.038754E-02,0.000000E+00,0.000000E+00,3.473989E-01,4.468311E+03,6.038754E-02,0.000000E+00,0.000000E+00,5.011887E-01,1.113009E+04,6.038754E-02,0.000000E+00,0.000000E+00
19:50:00,6.038754E-02,0.000000E+00,6.388793E-01,1.090805E+04,2.028282E+04,6.038754E-02,0.000000E+00,5.162292E-01,5.545908E+03,1.850739E+04,6.038754E-02,0.000000E+00,5.877936E-01,8.441070E+03,2.236507E+04,6.038754E-02,0.000000E+00,5.859409E-01,8.355586E+03,2.246807E+04,5.176493E-01,1.227588E+04,6.038754E-02,0.000000E+00,0.000000E+00,3.474023E-01,4.468355E+03,6.038754E-02,0.000000E+00,0.000000E+00,5.011947E-01,1.113022E+04,6.038754E-02,0.000000E+00,0.000000E+00
20:00:00,6.038754E-02,0.000000E+00,6.237750E-01,1.056168E+04,1.971210E+04,6.038754E-02,0.000000E+00,5.013481E-01,5.314920E+03,1.769659E+04,6.038754E-02,0.000000E+00,5.729929E-01,8.147242E+03,2.171759E+04,6.038754E-02,0.000000E+00,5.711524E-01,8.063680E+03,2.181691E+04,5.176536E-01,1.227598E+04,6.038754E-02,0.000000E+00,0.000000E+00,3.474051E-01,4.468390E+03,6.038754E-02,0.000000E+00,0.000000E+00,5.011996E-01,1.113033E+04,6.038754E-02,0.000000E+00,0.000000E+00
20:10:00,6.038754E-02,0.000000E+00,6.098357E-01,1.025488E+04,1.919865E+04,6.038754E-02,0.000000E+00,4.874603E-01,5.111117E+03,1.698698E+04,6.038754E-02,0.000000E+00,5.593417E-01,7.888221E+03,2.113282E+04,6.038754E-02,0.000000E+00,5.575129E-01,7.806408E+03,2.122875E+04,5.176573E-01,1.227607E+04,6.038754E-02,0.000000E+00,0.000000E+00,3.474073E-01,4.468419E+03,6.038754E-02,0.000000E+00,0.000000E+00,5.012039E-01,1.113042E+04,6.038754E-02,0.000000E+00,0.000000E+00
20:20:00,6.038754E-02,0.000000E+00,5.967566E-01,9.965683E+03,1.871551E+04,6.038754E-02,0.000000E+00,4.742801E-01,4.917875E+03,1.631526E+04,6.038754E-02,0.000000E+00,5.465412E-01,7.644268E+03,2.058338E+04,6.038754E-02,0.000000E+00,5.447238E-01,7.564112E+03,2.067615E+04,5.176606E-01,1.227615E+04,6.038754E-02,0.000000E+00,0.000000E+00,3.474093E-01,4.468445E+03,6.038754E-02,0.000000E+00,0.000000E+00,5.012077E-01,1.113051E+04,6.038754E-02,0.000000E+00,0.000000E+00
20:30:00,6.038754E-02,0.000000E+00,5.843892E-01,9.691326E+03,1.825774E+04,6.038754E-02,0.000000E+00,4.618229E-01,4.735105E+03,1.568089E+04,6.038754E-02,0.000000E+00,5.344494E-01,7.413116E+03,2.006363E+04,6.038754E-02,0.000000E+00,5.326432E-01,7.334539E+03,2.015345E+04,5.176635E-01,1.227622E+04,6.038754E-02,0.000000E+00,0.000000E+00,3.474111E-01,4.468467E+03,6.038754E-02,0.000000E+00,0.000000E+00,5.012111E-01,1.113058E+04,6.038754E-02,0.000000E+00,0.000000E+00
20:40:00,6.038754E-02,0.000000E+00,5.726413E-01,9.430041E+03,1.782220E+04,6.038754E-02,0.000000E+00,4.500191E-01,4.561849E+03,1.508050E+04,6.038754E-02,0.000000E+00,5.229714E-01,7.193212E+03,1.956976E+04,6.038754E-02,0.000000E+00,5.211762E-01,7.116149E+03,1.965679E+04,5.176661E-01,1.227628E+04,6.038754E-02,0.000000E+00,0.000000E+00,3.474126E-01,4.468487E+03,6.038754E-02,0.000000E+00,0.000000E+00,5.012141E-01,1.113065E+04,6.038754E-02,0.000000E+00,0.000000E+00
20:50:00,6.038754E-02,0.000000E+00,5.614464E-01,9.180526E+03,1.740663E+04,6.038754E-02,0.000000E+00,4.388133E-01,4.397327E+03,1.451130E+04,6.038754E-02,0.000000E+00,5.120416E-01,6.983450E+03,1.909911E+04,6.038754E-02,0.000000E+00,5.102574E-01,6.907843E+03,1.918352E+04,5.176685E-01,1.227633E+04,6.038754E-02,0.000000E+00,0.000000E+00,3.474140E-01,4.468505E+03,6.038754E-02,0.000000E+00,0.000000E+00,5.012169E-01,1.113071E+04,6.038754E-02,0.000000E+00,0.000000E+00
21:00:00,6.038754E-02,0.000000E+00,5.507522E-01,8.941738E+03,1.700918E+04,6.038754E-02,0.000000E+00,4.281733E-01,4.241010E+03,1.397137E+04,6.038754E-02,0.000000E+00,5.016096E-01,6.782957E+03,1.864959E+04,6.038754E-02,0.000000E+00,4.998363E-01,6.708751E+03,1.873153E+04,5.176707E-01,1.227639E+04,6.038754E-02,0.000000E+00,0.000000E+00,3.474153E-01,4.468522E+03,6.038754E-02,0.000000E+00,0.000000E+00,5.012194E-01,1.113077E+04,6.038754E-02,0.000000E+00,0.000000E+00
21:10:00,6.038754E-02,0.000000E+00,5.404962E-01,8.712496E+03,1.662779E+04,6.038754E-02,0.000000E+00,4.179895E-01,4.091628E+03,1.345636E+04,6.038754E-02,0.000000E+00,4.916152E-01,6.590752E+03,1.821880E+04,6.038754E-02,0.000000E+00,4.898529E-01,6.517902E+03,1.829839E+04,5.176727E-01,1.227643E+04,6.038754E-02,0.000000E+00,0.000000E+00,3.474165E-01,4.468538E+03,6.038754E-02,0.000000E+00,0.000000E+00,5.012218E-01,1.113082E+04,6.038754E-02,0.000000E+00,0.000000E+00
21:20:00,6.038754E-02,0.000000E+00,5.306402E-01,8.492036E+03,1.626111E+04,6.038754E-02,0.000000E+00,4.082087E-01,3.948509E+03,1.296392E+04,6.038754E-02,0.000000E+00,4.820211E-01,6.406186E+03,1.780521E+04,6.038754E-02,0.000000E+00,4.802699E-01,6.334651E+03,1.788256E+04,5.176746E-01,1.227648E+04,6.038754E-02,0.000000E+00,0.000000E+00,3.474177E-01,4.468552E+03,6.038754E-02,0.000000E+00,0.000000E+00,5.012240E-01,1.113087E+04,6.038754E-02,0.000000E+00,0.000000E+00
21:30:00,6.038754E-02,0.000000E+00,5.211532E-01,8.279726E+03,1.590803E+04,6.038754E-02,0.000000E+00,3.987890E-01,3.811110E+03,1.249214E+04,6.038754E-02,0.000000E+00,4.727970E-01,6.228722E+03,1.740755E+04,6.038754E-02,0.000000E+00,4.710570E-01,6.158463E+03,1.748278E+04,5.176764E-01,1.227652E+04,6.038754E-02,0.000000E+00,0.000000E+00,3.474188E-01,4.468566E+03,6.038754E-02,0.000000E+00,0.000000E+00,5.012261E-01,1.113092E+04,6.038754E-02,0.000000E+00,0.000000E+00
21:40:00,6.038754E-02,0.000000E+00,5.120087E-01,8.075021E+03,1.556766E+04,6.038754E-02,0.000000E+00,3.896946E-01,3.678969E+03,1.203937E+04,6.038754E-02,0.000000E+00,4.639171E-01,6.057893E+03,1.702474E+04,6.038754E-02,0.000000E+00,4.621884E-01,5.988877E+03,1.709797E+04,5.176782E-01,1.227656E+04,6.038754E-02,0.000000E+00,0.000000E+00,3.474198E-01,4.468579E+03,6.038754E-02,0.000000E+00,0.000000E+00,5.012281E-01,1.113096E+04,6.038754E-02,0.000000E+00,0.000000E+00
21:50:00,6.038754E-02,0.000000E+00,5.031842E-01,7.877446E+03,1.523915E+04,6.038754E-02,0.000000E+00,3.808910E-01,3.551651E+03,1.160409E+04,6.038754E-02,0.000000E+00,4.553592E-01,5.893294E+03,1.665585E+04,6.038754E-02,0.000000E+00,4.536422E-01,5.825487E+03,1.672717E+04,5.176798E-01,1.227660E+04,6.038754E-02,0.000000E+00,0.000000E+00,3.474208E-01,4.468592E+03,6.038754E-02,0.000000E+00,0.000000E+00,5.012300E-01,1.113100E+04,6.038754E-02,0.000000E+00,0.000000E+00
22:00:00,6.038754E-02,0.000000E+00,4.946595E-01,7.686580E+03,1.492181E+04,6.038754E-02,0.000000E+00,3.723376E-01,3.428680E+03,1.118465E+04,6.038754E-02,0.000000E+00,4.471042E-01,5.734565E+03,1.630007E+04,6.038754E-02,0.000000E+00,4.453990E-01,5.667938E+03,1.636956E+04,5.176814E-01,1.227664E+04,6.038754E-02,0.000000E+00,0.000000E+00,3.474217E-01,4.468604E+03,6.038754E-02,0.000000E+00,0.000000E+00,5.012319E-01,1.113104E+04,6.038754E-02,0.000000E+00,0.000000E+00
22:10:00,6.038754E-02,0.000000E+00,4.214576E-01,6.511042E+03,1.267440E+04,6.038754E-02,0.000000E+00,3.066997E-01,2.796566E+03,9.111607E+03,6.038754E-02,0.000000E+00,3.775141E-01,4.807924E+03,1.372766E+04,6.038754E-02,0.000000E+00,3.759719E-01,4.750503E+03,1.378272E+04,5.176829E-01,1.227668E+04,6.038754E-02,0.000000E+00,0.000000E+00,3.474226E-01,4.468616E+03,6.038754E-02,0.000000E+00,0.000000E+00,5.012337E-01,1.113108E+04,6.038754E-02,0.000000E+00,0.000000E+00
22:20:00,6.038754E-02,0.000000E+00,3.656114E-01,5.615277E+03,1.096093E+04,6.038754E-02,0.000000E+00,2.538052E-01,2.291350E+03,7.456637E+03,6.038754E-02,0.000000E+00,3.240306E-01,4.097521E+03,1.175247E+04,6.038754E-02,0.000000E+00,3.227556E-01,4.048966E+03,1.180163E+04,5.176844E-01,1.227671E+04,6.038754E-02,0.000000E+00,0.000000E+00,3.474235E-01,4.468627E+03,6.038754E-02,0.000000E+00,0.000000E+00,5.012354E-01,1.113112E+04,6.038754E-02,0.000000E+00,0.000000E+00
22:30:00,6.038754E-02,0.000000E+00,3.167991E-01,4.836991E+03,9.468078E+03,6.038754E-02,0.000000E+00,2.121311E-01,1.895968E+03,6.162707E+03,6.038754E-02,0.000000E+00,2.803662E-01,3.520056E+03,1.014253E+04,6.038754E-02,0.000000E+00,2.792750E-01,3.478292E+03,1.018558E+04,5.176858E-01,1.227674E+04,6.038754E-02,0.000000E+00,0.000000E+00,3.474244E-01,4.468638E+03,6.038754E-02,0.000000E+00,0.000000E+00,5.012371E-01,1.113116E+04,6.038754E-02,0.000000E+00,0.000000E+00
22:40:00,6.038754E-02,0.000000E+00,2.656919E-01,4.032687E+03,7.915936E+03,6.038754E-02,0.000000E+00,1.678732E-01,1.485249E+03,4.822100E+03,6.038754E-02,0.000000E+00,2.321141E-01,2.893287E+03,8.375219E+03,6.038754E-02,0.000000E+00,2.311265E-01,2.857752E+03,8.407884E+03,5.176872E-01,1.227678E+04,6.038754E-02,0.000000E+00,0.000000E+00,3.474252E-01,4.468649E+03,6.038754E-02,0.000000E+00,0.000000E+00,5.012387E-01,1.113120E+04,6.038754E-02,0.000000E+00,0.000000E+00
22:50:00,6.038754E-02,0.000000E+00,2.179665E-01,3.288631E+03,6.473737E+03,6.038754E-02,0.000000E+00,1.251342E-01,1.095822E+03,3.553705E+03,6.038754E-02,0.000000E+00,1.875863E-01,2.321318E+03,6.750981E+03,6.038754E-02,0.000000E+00,1.867166E-01,2.291794E+03,6.774856E+03,5.176885E-01,1.227681E+04,6.038754E-02,0.000000E+00,0.000000E+00,3.474260E-01,4.468660E+03,6.038754E-02,0.000000E+00,0.000000E+00,5.012403E-01,1.113123E+04,6.038754E-02,0.000000E+00,0.000000E+00
23:00:00,6.038754E-02,0.000000E+00,1.713690E-01,2.570110E+03,5.073822E+03,6.038754E-02,0.000000E+00,8.367788E-02,7.252283E+02,2.349242E+03,6.038754E-02,0.000000E+00,1.440814E-01,1.769953E+03,5.171804E+03,6.038754E-02,0.000000E+00,1.433309E-01,1.746331E+03,5.187212E+03,5.176899E-01,1.227684E+04,6.038754E-02,0.000000E+00,0.000000E+00,3.474268E-01,4.468670E+03,6.038754E-02,0.000000E+00,0.000000E+00,5.012418E-01,1.113126E+04,6.038754E-02,0.000000E+00,0.000000E+00
23:10:00,6.038754E-02,0.000000E+00,1.907732E-01,2.843902E+03,5.630583E+03,6.038754E-02,0.000000E+00,1.002506E-01,8.598133E+02,2.782129E+03,6.038754E-02,0.000000E+00,1.632021E-01,1.990107E+03,5.842857E+03,6.038754E-02,0.000000E+00,1.624332E-01,1.964409E+03,5.863316E+03,5.176911E-01,1.227687E+04,6.038754E-02,0.000000E+00,0.000000E+00,3.474276E-01,4.468680E+03,6.038754E-02,0.000000E+00,0.000000E+00,5.012433E-01,1.113130E+04,6.038754E-02,0.000000E+00,0.000000E+00
23:20:00,6.038754E-02,0.000000E+00,1.940609E-01,2.875396E+03,5.709562E+03,6.038754E-02,0.000000E+00,1.049581E-01,8.907132E+02,2.878984E+03,6.038754E-02,0.000000E+00,1.673647E-01,2.025758E+03,5.976206E+03,6.038754E-02,0.000000E+00,1.664129E-01,1.997516E+03,5.991382E+03,5.176924E-01,1.227690E+04,6.038754E-02,0.000000E+00,0.000000E+00,3.474284E-01,4.468690E+03,6.038754E-02,0.000000E+00,0.000000E+00,5.012448E-01,1.113133E+04,6.038754E-02,0.000000E+00,0.000000E+00
23:30:00,6.038754E-02,0.000000E+00,1.914834E-01,2.819920E+03,5.615913E+03,6.038754E-02,0.000000E+00,9.926034E-02,8.333994E+02,2.690861E+03,6.038754E-02,0.000000E+00,1.627328E-01,1.955005E+03,5.795573E+03,6.038754E-02,0.000000E+00,1.616784E-01,1.926091E+03,5.805775E+03,5.176936E-01,1.227693E+04,6.038754E-02,0.000000E+00,0.000000E+00,3.474291E-01,4.468699E+03,6.038754E-02,0.000000E+00,0.000000E+00,5.012462E-01,1.113136E+04,6.038754E-02,0.000000E+00,0.000000E+00
23:40:00,6.038754E-02,0.000000E+00,1.923067E-01,2.814685E+03,5.622169E+03,6.038754E-02,0.000000E+00,9.693649E-02,8.051377E+02,2.596890E+03,6.038754E-02,0.000000E+00,1.636395E-01,1.951125E+03,5.812537E+03,6.038754E-02,0.000000E+00,1.625529E-01,1.921835E+03,5.821948E+03,5.176948E-01,1.227696E+04,6.038754E-02,0.000000E+00,0.000000E+00,3.474299E-01,4.468709E+03,6.038754E-02,0.000000E+00,0.000000E+00,5.012477E-01,1.113139E+04,6.038754E-02,0.000000E+00,0.000000E+00
23:50:00,6.038754E-02,0.000000E+00,1.907991E-01,2.775395E+03,5.560342E+03,6.038754E-02,0.000000E+00,9.388257E-02,7.712976E+02,2.485191E+03,6.038754E-02,0.000000E+00,1.617052E-01,1.913465E+03,5.728684E+03,6.038754E-02,0.000000E+00,1.605655E-01,1.883845E+03,5.735728E+03,5.176960E-01,1.227699E+04,6.038754E-02,0.000000E+00,0.000000E+00,3.474306E-01,4.468718E+03,6.038754E-02,0.000000E+00,0.000000E+00,5.012490E-01,1.113143E+04,6.038754E-02,0.000000E+00,0.000000E+00
24:00:00,6.038754E-02,0.000000E+00,1.891649E-01,2.734548E+03,5.495117E+03,6.038754E-02,0.000000E+00,9.028691E-02,7.336070E+02,2.361374E+03,6.038754E-02,0.000000E+00,1.595721E-01,1.873820E+03,5.638172E+03,6.038754E-02,0.000000E+00,1.583721E-01,1.843814E+03,5.642535E+03,5.176972E-01,1.227701E+04,6.038754E-02,0.000000E+00,0.000000E+00,3.474313E-01,4.468727E+03,6.038754E-02,0.000000E+00,0.000000E+00,5.012504E-01,1.113146E+04,6.038754E-02,0.000000E+00,0.000000E+00
Coinc Peak   ,5.176972E-01,9.603110E-01,1.227701E+04,1.923199E+04
NonCoinc Peak,5.176972E-01,9.603110E-01,1.227701E+04,1.923199E+04
