Time,VAV WITH REHEAT:DesPer 1:Des Heat Mass Flow [kg/s],VAV WITH REHEAT:DesPer 1:Des Heat Cap [W],VAV WITH REHEAT:DesPer 1:Des Cool Mass Flow [kg/s],VAV WITH REHEAT:DesPer 1:Des Sens Cool Cap [W],VAV WITH REHEAT:DesPer 1:Des Tot Cool Cap [W],VAV WITH REHEAT:DesPer 2:Des Heat Mass Flow [kg/s],VAV WITH REHEAT:DesPer 2:Des Heat Cap [W],VAV WITH REHEAT:DesPer 2:Des Cool Mass Flow [kg/s],VAV WITH REHEAT:DesPer 2:Des Sens Cool Cap [W],VAV WITH REHEAT:DesPer 2:Des Tot Cool Cap [W],VAV WITH REHEAT:DesPer 3:Des Heat Mass Flow [kg/s],VAV WITH REHEAT:DesPer 3:Des Heat Cap [W],VAV WITH REHEAT:DesPer 3:Des Cool Mass Flow [kg/s],VAV WITH REHEAT:DesPer 3:Des Sens Cool Cap [W],VAV WITH REHEAT:DesPer 3:Des Tot Cool Cap [W],VAV WITH REHEAT:DesPer 4:Des Heat Mass Flow [kg/s],VAV WITH REHEAT:DesPer 4:Des Heat Cap [W],VAV WITH REHEAT:DesPer 4:Des Cool Mass Flow [kg/s],VAV WITH REHEAT:DesPer 4:Des Sens Cool Cap [W],VAV WITH REHEAT:DesPer 4:Des Tot Cool Cap [W],VAV WITH REHEAT:DesPer 5:Des Heat Mass Flow [kg/s],VAV WITH REHEAT:DesPer 5:Des Heat Cap [W],VAV WITH REHEAT:DesPer 5:Des Cool Mass Flow [kg/s],VAV WITH REHEAT:DesPer 5:Des Sens Cool Cap [W],VAV WITH REHEAT:DesPer 5:Des Tot Cool Cap [W],VAV WITH REHEAT:DesPer 6:Des Heat Mass Flow [kg/s],VAV WITH REHEAT:DesPer 6:Des Heat Cap [W],VAV WITH REHEAT:DesPer 6:Des Cool Mass Flow [kg/s],VAV WITH REHEAT:DesPer 6:Des Sens Cool Cap [W],VAV WITH REHEAT:DesPer 6:Des Tot Cool Cap [W],VAV WITH REHEAT:DesPer 7:Des Heat Mass Flow [kg/s],VAV WITH REHEAT:DesPer 7:Des Heat Cap [W],VAV WITH REHEAT:DesPer 7:Des Cool Mass Flow [kg/s],VAV WITH REHEAT:DesPer 7:Des Sens Cool Cap [W],VAV WITH REHEAT:DesPer 7:Des Tot Cool Cap [W]
00:10:00,6.041261E-02,0.000000E+00,2.084967E-01,2.936672E+03,4.161139E+03,6.041261E-02,0.000000E+00,1.260832E-01,1.403299E+03,2.754860E+03,6.041261E-02,0.000000E+00,1.788898E-01,2.359151E+03,4.259326E+03,6.041261E-02,0.000000E+00,1.777175E-01,2.336706E+03,4.265630E+03,5.176701E-01,0.000000E+00,6.041261E-02,0.000000E+00,0.000000E+00,3.475574E-01,0.000000E+00,6.041261E-02,0.000000E+00,0.000000E+00,5.011590E-01,0.000000E+00,6.041261E-02,0.000000E+00,0.000000E+00
00:20:00,6.041261E-02,0.000000E+00,2.061419E-01,2.899111E+03,4.119012E+03,6.041261E-02,0.000000E+00,1.219550E-01,1.340976E+03,2.666881E+03,6.041261E-02,0.000000E+00,1.761793E-01,2.316626E+03,4.210760E+03,6.041261E-02,0.000000E+00,1.749529E-01,2.293426E+03,4.216112E+03,5.176436E-01,0.000000E+00,6.041261E-02,0.000000E+00,0.000000E+00,3.475387E-01,0.000000E+00,6.041261E-02,0.000000E+00,0.000000E+00,5.011270E-01,0.000000E+00,6.041261E-02,0.000000E+00,0.000000E+00
00:30:00,6.041261E-02,0.000000E+00,2.037552E-01,2.861105E+03,4.075452E+03,6.041261E-02,0.000000E+00,1.177903E-01,1.278141E+03,2.577377E+03,6.041261E-02,0.000000E+00,1.732866E-01,2.271559E+03,4.157947E+03,6.041261E-02,0.000000E+00,1.719956E-01,2.247458E+03,4.162118E+03,5.176172E-01,0.000000E+00,6.041261E-02,0.000000E+00,0.000000E+00,3.475201E-01,0.000000E+00,6.041261E-02,0.000000E+00,0.000000E+00,5.010952E-01,0.000000E+00,6.041261E-02,0.000000E+00,0.000000E+00
00:40:00,6.041261E-02,0.000000E+00,2.013603E-01,2.822986E+03,4.031978E+03,6.041261E-02,0.000000E+00,1.136053E-01,1.215025E+03,2.487160E+03,6.041261E-02,0.000000E+00,1.701693E-01,2.223358E+03,4.100995E+03,6.041261E-02,0.000000E+00,1.688684E-01,2.199119E+03,4.104918E+03,5.175909E-01,0.000000E+00,6.041261E-02,0.000000E+00,0.000000E+00,3.475017E-01,0.000000E+00,6.041261E-02,0.000000E+00,0.000000E+00,5.010635E-01,0.000000E+00,6.041261E-02,0.000000E+00,0.000000E+00
00:50:00,6.041261E-02,0.000000E+00,1.989801E-01,2.785073E+03,3.989303E+03,6.041261E-02,0.000000E+00,1.094134E-01,1.151812E+03,2.396638E+03,6.041261E-02,0.000000E+00,1.670159E-01,2.174656E+03,4.043589E+03,6.041261E-02,0.000000E+00,1.656823E-01,2.149960E+03,4.046820E+03,5.175648E-01,0.000000E+00,6.041261E-02,0.000000E+00,0.000000E+00,3.474833E-01,0.000000E+00,6.041261E-02,0.000000E+00,0.000000E+00,5.010320E-01,0.000000E+00,6.041261E-02,0.000000E+00,0.000000E+00
01:00:00,6.041261E-02,0.000000E+00,1.966431E-01,2.747762E+03,3.947792E+03,6.041261E-02,0.000000E+00,1.052256E-01,1.088656E+03,2.306006E+03,6.041261E-02,0.000000E+00,1.638035E-01,2.125129E+03,3.985281E+03,6.041261E-02,0.000000E+00,1.624389E-01,2.100000E+03,3.987822E+03,5.175389E-01,0.000000E+00,6.041261E-02,0.000000E+00,0.000000E+00,3.474651E-01,0.000000E+00,6.041261E-02,0.000000E+00,0.000000E+00,5.010007E-01,0.000000E+00,6.041261E-02,0.000000E+00,0.000000E+00
01:10:00,6.041261E-02,0.000000E+00,1.947842E-01,2.718687E+03,3.915939E+03,6.041261E-02,0.000000E+00,1.016385E-01,1.035446E+03,2.231540E+03,6.041261E-02,0.000000E+00,1.610145E-01,2.083072E+03,3.936359E+03,6.041261E-02,0.000000E+00,1.596220E-01,2.057552E+03,3.938287E+03,5.175410E-01,0.000000E+00,6.041261E-02,0.000000E+00,0.000000E+00,3.474666E-01,0.000000E+00,6.041261E-02,0.000000E+00,0.000000E+00,5.010032E-01,0.000000E+00,6.041261E-02,0.000000E+00,0.000000E+00
01:20:00,6.041261E-02,0.000000E+00,1.928854E-01,2.689054E+03,3.883581E+03,6.041261E-02,0.000000E+00,9.809547E-02,9.828523E+02,2.157677E+03,6.041261E-02,0.000000E+00,1.582125E-01,2.040833E+03,3.887186E+03,6.041261E-02,0.000000E+00,1.567913E-01,2.014912E+03,3.888472E+03,5.175431E-01,0.000000E+00,6.041261E-02,0.000000E+00,0.000000E+00,3.474681E-01,0.000000E+00,6.041261E-02,0.000000E+00,0.000000E+00,5.010057E-01,0.000000E+00,6.041261E-02,0.000000E+00,0.000000E+00
01:30:00,6.041261E-02,0.000000E+00,1.909376E-01,2.658740E+03,3.850576E+03,6.041261E-02,0.000000E+00,9.460114E-02,9.309377E+02,2.084478E+03,6.041261E-02,0.000000E+00,1.554023E-01,1.998478E+03,3.837775E+03,6.041261E-02,0.000000E+00,1.539509E-01,1.972137E+03,3.838378E+03,5.175451E-01,0.000000E+00,6.041261E-02,0.000000E+00,0.000000E+00,3.474695E-01,0.000000E+00,6.041261E-02,0.000000E+00,0.000000E+00,5.010082E-01,0.000000E+00,6.041261E-02,0.000000E+00,0.000000E+00
01:40:00,6.041261E-02,0.000000E+00,1.889301E-01,2.627591E+03,3.816739E+03,6.041261E-02,0.000000E+00,9.116024E-02,8.797689E+02,2.011995E+03,6.041261E-02,0.000000E+00,1.525866E-01,1.956048E+03,3.788141E+03,6.041261E-02,0.000000E+00,1.511096E-01,1.929348E+03,3.788124E+03,5.175472E-01,0.000000E+00,6.041261E-02,0.000000E+00,0.000000E+00,3.474710E-01,0.000000E+00,6.041261E-02,0.000000E+00,0.000000E+00,5.010106E-01,0.000000E+00,6.041261E-02,0.000000E+00,0.000000E+00
01:50:00,6.041261E-02,0.000000E+00,1.868514E-01,2.595447E+03,3.781854E+03,6.041261E-02,0.000000E+00,8.777752E-02,8.294123E+02,1.940281E+03,6.041261E-02,0.000000E+00,1.497775E-01,1.913707E+03,3.738481E+03,6.041261E-02,0.000000E+00,1.482743E-01,1.886643E+03,3.737821E+03,5.175492E-01,0.000000E+00,6.041261E-02,0.000000E+00,0.000000E+00,3.474724E-01,0.000000E+00,6.041261E-02,0.000000E+00,0.000000E+00,5.010130E-01,0.000000E+00,6.041261E-02,0.000000E+00,0.000000E+00
02:00:00,6.041261E-02,0.000000E+00,1.846834E-01,2.562058E+03,3.745583E+03,6.041261E-02,0.000000E+00,8.445715E-02,7.799259E+02,1.869382E+03,6.041261E-02,0.000000E+00,1.469832E-01,1.871575E+03,3.688933E+03,6.041261E-02,0.000000E+00,1.454604E-01,1.844235E+03,3.687732E+03,5.175512E-01,0.000000E+00,6.041261E-02,0.000000E+00,0.000000E+00,3.474738E-01,0.000000E+00,6.041261E-02,0.000000E+00,0.000000E+00,5.010154E-01,0.000000E+00,6.041261E-02,0.000000E+00,0.000000E+00
02:10:00,6.041261E-02,0.000000E+00,1.824612E-01,2.528691E+03,3.709260E+03,6.041261E-02,0.000000E+00,8.119050E-02,7.319686E+02,1.801756E+03,6.041261E-02,0.000000E+00,1.442045E-01,1.830437E+03,3.640292E+03,6.041261E-02,0.000000E+00,1.426638E-01,1.802849E+03,3.638571E+03,5.175532E-01,0.000000E+00,6.041261E-02,0.000000E+00,0.000000E+00,3.474752E-01,0.000000E+00,6.041261E-02,0.000000E+00,0.000000E+00,5.010178E-01,0.000000E+00,6.041261E-02,0.000000E+00,0.000000E+00
02:20:00,6.041261E-02,0.000000E+00,1.802407E-01,2.495347E+03,3.672956E+03,6.041261E-02,0.000000E+00,7.797965E-02,6.847901E+02,1.734776E+03,6.041261E-02,0.000000E+00,1.414474E-01,1.789602E+03,3.591837E+03,6.041261E-02,0.000000E+00,1.398910E-01,1.761794E+03,3.589620E+03,5.175551E-01,0.000000E+00,6.041261E-02,0.000000E+00,0.000000E+00,3.474766E-01,0.000000E+00,6.041261E-02,0.000000E+00,0.000000E+00,5.010201E-01,0.000000E+00,6.041261E-02,0.000000E+00,0.000000E+00
02:30:00,6.041261E-02,0.000000E+00,1.780314E-01,2.462158E+03,3.636806E+03,6.041261E-02,0.000000E+00,7.482680E-02,6.384215E+02,1.668463E+03,6.041261E-02,0.000000E+00,1.387180E-01,1.749152E+03,3.543655E+03,6.041261E-02,0.000000E+00,1.371474E-01,1.721146E+03,3.540959E+03,5.175571E-01,0.000000E+00,6.041261E-02,0.000000E+00,0.000000E+00,3.474780E-01,0.000000E+00,6.041261E-02,0.000000E+00,0.000000E+00,5.010224E-01,0.000000E+00,6.041261E-02,0.000000E+00,0.000000E+00
02:40:00,6.041261E-02,0.000000E+00,1.758470E-01,2.429317E+03,3.601024E+03,6.041261E-02,0.000000E+00,7.173391E-02,5.928898E+02,1.602833E+03,6.041261E-02,0.000000E+00,1.360211E-01,1.709156E+03,3.495826E+03,6.041261E-02,0.000000E+00,1.344376E-01,1.680970E+03,3.492665E+03,5.175590E-01,0.000000E+00,6.041261E-02,0.000000E+00,0.000000E+00,3.474793E-01,0.000000E+00,6.041261E-02,0.000000E+00,0.000000E+00,5.010247E-01,0.000000E+00,6.041261E-02,0.000000E+00,0.000000E+00
02:50:00,6.041261E-02,0.000000E+00,1.736811E-01,2.396733E+03,3.565492E+03,6.041261E-02,0.000000E+00,6.870255E-02,5.482173E+02,1.537897E+03,6.041261E-02,0.000000E+00,1.333609E-01,1.669673E+03,3.448424E+03,6.041261E-02,0.000000E+00,1.317657E-01,1.641323E+03,3.444810E+03,5.175609E-01,0.000000E+00,6.041261E-02,0.000000E+00,0.000000E+00,3.474807E-01,0.000000E+00,6.041261E-02,0.000000E+00,0.000000E+00,5.010270E-01,0.000000E+00,6.041261E-02,0.000000E+00,0.000000E+00
03:00:00,6.041261E-02,0.000000E+00,1.715386E-01,2.364476E+03,3.530294E+03,6.041261E-02,0.000000E+00,6.573401E-02,5.044217E+02,1.473662E+03,6.041261E-02,0.000000E+00,1.307409E-01,1.630751E+03,3.401512E+03,6.041261E-02,0.000000E+00,1.291350E-01,1.602252E+03,3.397455E+03,5.175628E-01,0.000000E+00,6.041261E-02,0.000000E+00,0.000000E+00,3.474820E-01,0.000000E+00,6.041261E-02,0.000000E+00,0.000000E+00,5.010292E-01,0.000000E+00,6.041261E-02,0.000000E+00,0.000000E+00
03:10:00,6.041261E-02,0.000000E+00,1.694065E-01,2.332365E+03,3.495215E+03,6.041261E-02,0.000000E+00,6.281677E-02,4.613424E+02,1.409892E+03,6.041261E-02,0.000000E+00,1.281524E-01,1.592268E+03,3.354923E+03,6.041261E-02,0.000000E+00,1.265367E-01,1.563632E+03,3.350428E+03,5.175646E-01,0.000000E+00,6.041261E-02,0.000000E+00,0.000000E+00,3.474833E-01,0.000000E+00,6.041261E-02,0.000000E+00,0.000000E+00,5.010315E-01,0.000000E+00,6.041261E-02,0.000000E+00,0.000000E+00
03:20:00,6.041261E-02,0.000000E+00,1.672891E-01,2.300459E+03,3.460316E+03,6.041261E-02,0.000000E+00,6.041261E-02,4.254286E+02,1.355548E+03,6.041261E-02,0.000000E+00,1.255968E-01,1.554245E+03,3.308679E+03,6.041261E-02,0.000000E+00,1.239720E-01,1.525482E+03,3.303750E+03,5.175665E-01,0.000000E+00,6.041261E-02,0.000000E+00,0.000000E+00,3.474846E-01,0.000000E+00,6.041261E-02,0.000000E+00,0.000000E+00,5.010337E-01,0.000000E+00,6.041261E-02,0.000000E+00,0.000000E+00
03:30:00,6.041261E-02,0.000000E+00,1.651852E-01,2.268740E+03,3.425578E+03,6.041261E-02,0.000000E+00,6.041261E-02,4.230914E+02,1.347712E+03,6.041261E-02,0.000000E+00,1.230757E-01,1.516702E+03,3.262803E+03,6.041261E-02,0.000000E+00,1.214424E-01,1.487822E+03,3.257443E+03,5.175683E-01,0.000000E+00,6.041261E-02,0.000000E+00,0.000000E+00,3.474859E-01,0.000000E+00,6.041261E-02,0.000000E+00,0.000000E+00,5.010359E-01,0.000000E+00,6.041261E-02,0.000000E+00,0.000000E+00
03:40:00,6.041261E-02,0.000000E+00,1.630822E-01,2.237035E+03,3.390794E+03,6.041261E-02,0.000000E+00,6.041261E-02,4.207542E+02,1.339888E+03,6.041261E-02,0.000000E+00,1.205930E-01,1.479697E+03,3.217373E+03,6.041261E-02,0.000000E+00,1.189520E-01,1.450708E+03,3.211584E+03,5.175701E-01,0.000000E+00,6.041261E-02,0.000000E+00,0.000000E+00,3.474872E-01,0.000000E+00,6.041261E-02,0.000000E+00,0.000000E+00,5.010380E-01,0.000000E+00,6.041261E-02,0.000000E+00,0.000000E+00
03:50:00,6.041261E-02,0.000000E+00,1.609899E-01,2.205480E+03,3.356126E+03,6.041261E-02,0.000000E+00,6.041261E-02,4.184170E+02,1.332077E+03,6.041261E-02,0.000000E+00,1.181491E-01,1.443232E+03,3.172387E+03,6.041261E-02,0.000000E+00,1.165008E-01,1.414142E+03,3.166171E+03,5.175719E-01,0.000000E+00,6.041261E-02,0.000000E+00,0.000000E+00,3.474885E-01,0.000000E+00,6.041261E-02,0.000000E+00,0.000000E+00,5.010402E-01,0.000000E+00,6.041261E-02,0.000000E+00,0.000000E+00
04:00:00,6.041261E-02,0.000000E+00,1.589039E-01,2.174011E+03,3.321503E+03,6.041261E-02,0.000000E+00,6.041261E-02,4.160798E+02,1.324278E+03,6.041261E-02,0.000000E+00,1.157433E-01,1.407301E+03,3.127833E+03,6.041261E-02,0.000000E+00,1.140882E-01,1.378116E+03,3.121189E+03,5.175737E-01,0.000000E+00,6.041261E-02,0.000000E+00,0.000000E+00,3.474897E-01,0.000000E+00,6.041261E-02,0.000000E+00,0.000000E+00,5.010423E-01,0.000000E+00,6.041261E-02,0.000000E+00,0.000000E+00
04:10:00,6.041261E-02,0.000000E+00,1.568370E-01,2.143590E+03,3.287935E+03,6.041261E-02,0.000000E+00,6.041261E-02,4.145217E+02,1.319085E+03,6.041261E-02,0.000000E+00,1.133876E-01,1.372847E+03,3.084746E+03,6.041261E-02,0.000000E+00,1.117262E-01,1.343574E+03,3.077677E+03,5.175754E-01,0.000000E+00,6.041261E-02,0.000000E+00,0.000000E+00,3.474910E-01,0.000000E+00,6.041261E-02,0.000000E+00,0.000000E+00,5.010444E-01,0.000000E+00,6.041261E-02,0.000000E+00,0.000000E+00
04:20:00,6.041261E-02,0.000000E+00,1.547943E-01,2.113506E+03,3.254690E+03,6.041261E-02,0.000000E+00,6.041261E-02,4.129636E+02,1.313898E+03,6.041261E-02,0.000000E+00,1.110831E-01,1.339108E+03,3.042333E+03,6.041261E-02,0.000000E+00,1.094157E-01,1.309752E+03,3.034841E+03,5.175772E-01,0.000000E+00,6.041261E-02,0.000000E+00,0.000000E+00,3.474922E-01,0.000000E+00,6.041261E-02,0.000000E+00,0.000000E+00,5.010465E-01,0.000000E+00,6.041261E-02,0.000000E+00,0.000000E+00
04:30:00,6.041261E-02,0.000000E+00,1.527756E-01,2.083757E+03,3.221757E+03,6.041261E-02,0.000000E+00,6.041261E-02,4.114054E+02,1.308716E+03,6.041261E-02,0.000000E+00,1.088300E-01,1.306087E+03,3.000603E+03,6.041261E-02,0.000000E+00,1.071570E-01,1.276652E+03,2.991141E+03,5.175789E-01,0.000000E+00,6.041261E-02,0.000000E+00,0.000000E+00,3.474934E-01,0.000000E+00,6.041261E-02,0.000000E+00,0.000000E+00,5.010485E-01,0.000000E+00,6.041261E-02,0.000000E+00,0.000000E+00
04:40:00,6.041261E-02,0.000000E+00,1.507884E-01,2.054447E+03,3.189260E+03,6.041261E-02,0.000000E+00,6.041261E-02,4.098473E+02,1.303539E+03,6.041261E-02,0.000000E+00,1.066256E-01,1.273746E+03,2.959506E+03,6.041261E-02,0.000000E+00,1.049469E-01,1.244231E+03,2.945209E+03,5.175806E-01,0.000000E+00,6.041261E-02,0.000000E+00,0.000000E+00,3.474946E-01,0.000000E+00,6.041261E-02,0.000000E+00,0.000000E+00,5.010506E-01,0.000000E+00,6.041261E-02,0.000000E+00,0.000000E+00
04:50:00,6.041261E-02,0.000000E+00,1.488350E-01,2.025610E+03,3.157242E+03,6.041261E-02,0.000000E+00,6.041261E-02,4.082892E+02,1.298368E+03,6.041261E-02,0.000000E+00,1.044708E-01,1.242098E+03,2.919066E+03,6.041261E-02,0.000000E+00,1.027861E-01,1.212499E+03,2.899849E+03,5.175823E-01,0.000000E+00,6.041261E-02,0.000000E+00,0.000000E+00,3.474958E-01,0.000000E+00,6.041261E-02,0.000000E+00,0.000000E+00,5.010526E-01,0.000000E+00,6.041261E-02,0.000000E+00,0.000000E+00
05:00:00,6.041261E-02,0.000000E+00,1.469178E-01,1.997278E+03,3.125745E+03,6.041261E-02,0.000000E+00,6.041261E-02,4.067311E+02,1.293203E+03,6.041261E-02,0.000000E+00,1.023667E-01,1.211157E+03,2.879315E+03,6.041261E-02,0.000000E+00,1.006758E-01,1.181471E+03,2.855083E+03,5.175840E-01,0.000000E+00,6.041261E-02,0.000000E+00,0.000000E+00,3.474970E-01,0.000000E+00,6.041261E-02,0.000000E+00,0.000000E+00,5.010546E-01,0.000000E+00,6.041261E-02,0.000000E+00,0.000000E+00
05:10:00,6.041261E-02,0.000000E+00,1.452365E-01,1.975357E+03,3.101338E+03,6.041261E-02,0.000000E+00,6.041261E-02,4.082892E+02,1.298368E+03,6.041261E-02,0.000000E+00,1.005370E-01,1.187164E+03,2.847931E+03,6.041261E-02,0.000000E+00,9.884113E-02,1.157410E+03,2.827386E+03,5.175857E-01,0.000000E+00,6.041261E-02,0.000000E+00,0.000000E+00,3.474982E-01,0.000000E+00,6.041261E-02,0.000000E+00,0.000000E+00,5.010566E-01,0.000000E+00,6.041261E-02,0.000000E+00,0.000000E+00
05:20:00,6.041261E-02,0.000000E+00,1.442137E-01,1.962632E+03,3.087787E+03,6.041261E-02,0.000000E+00,6.041261E-02,4.098473E+02,1.303539E+03,6.041261E-02,0.000000E+00,9.945572E-02,1.173623E+03,2.831012E+03,6.041261E-02,0.000000E+00,9.775782E-02,1.143840E+03,2.814397E+03,5.175873E-01,0.000000E+00,6.041261E-02,0.000000E+00,0.000000E+00,3.474993E-01,0.000000E+00,6.041261E-02,0.000000E+00,0.000000E+00,5.010586E-01,0.000000E+00,6.041261E-02,0.000000E+00,0.000000E+00
05:30:00,6.041261E-02,0.000000E+00,1.445215E-01,1.968488E+03,3.096037E+03,6.041261E-02,0.000000E+00,6.041261E-02,4.114054E+02,1.308716E+03,6.041261E-02,0.000000E+00,9.989256E-02,1.181281E+03,2.843607E+03,6.041261E-02,0.000000E+00,9.819848E-02,1.151552E+03,2.831410E+03,5.175889E-01,0.000000E+00,6.041261E-02,0.000000E+00,0.000000E+00,3.475005E-01,0.000000E+00,6.041261E-02,0.000000E+00,0.000000E+00,5.010605E-01,0.000000E+00,6.041261E-02,0.000000E+00,0.000000E+00
05:40:00,6.041261E-02,0.000000E+00,1.466150E-01,1.999282E+03,3.133046E+03,6.041261E-02,0.000000E+00,6.041261E-02,4.129636E+02,1.313898E+03,6.041261E-02,0.000000E+00,1.024361E-01,1.218358E+03,2.896733E+03,6.041261E-02,0.000000E+00,1.007546E-01,1.188804E+03,2.886776E+03,5.175906E-01,0.000000E+00,6.041261E-02,0.000000E+00,0.000000E+00,3.475016E-01,0.000000E+00,6.041261E-02,0.000000E+00,0.000000E+00,5.010625E-01,0.000000E+00,6.041261E-02,0.000000E+00,0.000000E+00
05:50:00,6.041261E-02,0.000000E+00,1.504090E-01,2.053822E+03,3.196629E+03,6.041261E-02,0.000000E+00,6.041261E-02,4.145217E+02,1.319085E+03,6.041261E-02,0.000000E+00,1.069323E-01,1.282700E+03,2.986039E+03,6.041261E-02,0.000000E+00,1.052744E-01,1.253476E+03,2.977413E+03,5.175922E-01,0.000000E+00,6.041261E-02,0.000000E+00,0.000000E+00,3.475028E-01,0.000000E+00,6.041261E-02,0.000000E+00,0.000000E+00,5.010644E-01,0.000000E+00,6.041261E-02,0.000000E+00,0.000000E+00
06:00:00,6.041261E-02,0.000000E+00,1.559099E-01,2.132198E+03,3.286680E+03,6.041261E-02,0.000000E+00,6.041261E-02,4.160798E+02,1.324278E+03,6.041261E-02,0.000000E+00,1.133102E-01,1.373316E+03,3.109081E+03,6.041261E-02,0.000000E+00,1.116815E-01,1.344499E+03,3.102200E+03,5.175938E-01,0.000000E+00,6.041261E-02,0.000000E+00,0.000000E+00,3.475039E-01,0.000000E+00,6.041261E-02,0.000000E+00,0.000000E+00,5.010663E-01,0.000000E+00,6.041261E-02,0.000000E+00,0.000000E+00
06:10:00,6.041261E-02,0.000000E+00,2.242106E-01,3.027168E+03,4.275064E+03,6.041261E-02,0.000000E+00,1.251296E-01,1.298867E+03,2.540537E+03,6.041261E-02,0.000000E+00,1.861745E-01,2.346610E+03,4.311903E+03,6.041261E-02,0.000000E+00,1.847883E-01,2.321720E+03,4.317779E+03,5.085992E-01,0.000000E+00,6.041261E-02,0.000000E+00,0.000000E+00,3.417955E-01,0.000000E+00,6.041261E-02,0.000000E+00,0.000000E+00,4.925473E-01,0.000000E+00,6.041261E-02,0.000000E+00,0.000000E+00
06:20:00,6.041261E-02,0.000000E+00,2.326448E-01,3.069255E+03,4.303546E+03,6.041261E-02,0.000000E+00,1.319918E-01,1.364980E+03,2.597888E+03,6.041261E-02,0.000000E+00,1.930854E-01,2.385886E+03,4.288039E+03,6.041261E-02,0.000000E+00,1.916842E-01,2.361426E+03,4.292500E+03,4.995997E-01,0.000000E+00,6.041261E-02,0.000000E+00,0.000000E+00,3.360841E-01,0.000000E+00,6.041261E-02,0.000000E+00,0.000000E+00,4.840229E-01,0.000000E+00,6.041261E-02,0.000000E+00,0.000000E+00
06:30:00,6.041261E-02,0.000000E+00,2.914761E-01,3.742161E+03,5.046999E+03,6.041261E-02,0.000000E+00,1.915151E-01,2.091155E+03,3.499724E+03,6.041261E-02,0.000000E+00,2.509223E-01,3.063908E+03,5.065129E+03,6.041261E-02,0.000000E+00,2.495113E-01,3.039954E+03,5.071921E+03,4.905942E-01,0.000000E+00,6.041261E-02,0.000000E+00,0.000000E+00,3.303697E-01,0.000000E+00,6.041261E-02,0.000000E+00,0.000000E+00,4.754915E-01,0.000000E+00,6.041261E-02,0.000000E+00,0.000000E+00
06:40:00,6.041261E-02,0.000000E+00,3.388616E-01,4.221986E+03,5.547918E+03,6.041261E-02,0.000000E+00,2.373884E-01,2.596873E+03,4.050051E+03,6.041261E-02,0.000000E+00,2.965932E-01,3.540961E+03,5.530961E+03,6.041261E-02,0.000000E+00,2.951510E-01,3.517257E+03,5.536838E+03,4.815817E-01,0.000000E+00,6.041261E-02,0.000000E+00,0.000000E+00,3.246512E-01,0.000000E+00,6.041261E-02,0.000000E+00,0.000000E+00,4.669521E-01,0.000000E+00,6.041261E-02,0.000000E+00,0.000000E+00
06:50:00,6.041261E-02,0.000000E+00,3.867551E-01,4.664946E+03,6.016804E+03,6.041261E-02,0.000000E+00,2.831506E-01,3.059798E+03,4.557725E+03,6.041261E-02,0.000000E+00,3.425406E-01,3.979997E+03,5.979644E+03,6.041261E-02,0.000000E+00,3.410546E-01,3.956425E+03,5.985074E+03,4.725648E-01,0.000000E+00,6.041261E-02,0.000000E+00,0.000000E+00,3.189298E-01,0.000000E+00,6.041261E-02,0.000000E+00,0.000000E+00,4.584077E-01,0.000000E+00,6.041261E-02,0.000000E+00,0.000000E+00
07:00:00,6.041261E-02,0.000000E+00,4.350335E-01,5.068965E+03,6.455242E+03,6.041261E-02,0.000000E+00,3.285152E-01,3.476857E+03,5.026294E+03,6.041261E-02,0.000000E+00,3.886326E-01,4.379154E+03,6.408258E+03,6.041261E-02,0.000000E+00,3.870933E-01,4.355648E+03,6.413605E+03,4.635454E-01,0.000000E+00,6.041261E-02,0.000000E+00,0.000000E+00,3.132064E-01,0.000000E+00,6.041261E-02,0.000000E+00,0.000000E+00,4.498604E-01,0.000000E+00,6.041261E-02,0.000000E+00,0.000000E+00
07:10:00,6.041261E-02,0.000000E+00,4.225105E-01,4.919028E+03,6.268962E+03,6.041261E-02,0.000000E+00,3.047309E-01,3.211057E+03,4.703775E+03,6.041261E-02,0.000000E+00,3.701544E-01,4.165724E+03,6.125382E+03,6.041261E-02,0.000000E+00,3.683437E-01,4.139268E+03,6.126082E+03,4.635205E-01,0.000000E+00,6.041261E-02,0.000000E+00,0.000000E+00,3.131911E-01,0.000000E+00,6.041261E-02,0.000000E+00,0.000000E+00,4.498319E-01,0.000000E+00,6.041261E-02,0.000000E+00,0.000000E+00
07:20:00,6.041261E-02,0.000000E+00,4.714446E-01,5.482809E+03,6.880721E+03,6.041261E-02,0.000000E+00,3.532942E-01,3.770642E+03,5.356897E+03,6.041261E-02,0.000000E+00,4.190906E-01,4.729492E+03,6.744702E+03,6.041261E-02,0.000000E+00,4.172598E-01,4.702808E+03,6.745481E+03,4.634990E-01,0.000000E+00,6.041261E-02,0.000000E+00,0.000000E+00,3.131778E-01,0.000000E+00,6.041261E-02,0.000000E+00,0.000000E+00,4.498073E-01,0.000000E+00,6.041261E-02,0.000000E+00,0.000000E+00
07:30:00,6.041261E-02,0.000000E+00,4.709022E-01,5.489904E+03,6.874018E+03,6.041261E-02,0.000000E+00,3.495043E-01,3.741184E+03,5.329093E+03,6.041261E-02,0.000000E+00,4.177962E-01,4.728136E+03,6.718132E+03,6.041261E-02,0.000000E+00,4.159317E-01,4.701072E+03,6.717957E+03,4.634827E-01,0.000000E+00,6.041261E-02,0.000000E+00,0.000000E+00,3.131665E-01,0.000000E+00,6.041261E-02,0.000000E+00,0.000000E+00,4.497884E-01,0.000000E+00,6.041261E-02,0.000000E+00,0.000000E+00
07:40:00,6.041261E-02,0.000000E+00,4.822677E-01,5.631091E+03,7.017021E+03,6.041261E-02,0.000000E+00,3.590400E-01,3.861833E+03,5.480570E+03,6.041261E-02,0.000000E+00,4.287748E-01,4.865025E+03,6.852734E+03,6.041261E-02,0.000000E+00,4.268872E-01,4.837704E+03,6.852075E+03,4.634725E-01,0.000000E+00,6.041261E-02,0.000000E+00,0.000000E+00,3.131587E-01,0.000000E+00,6.041261E-02,0.000000E+00,0.000000E+00,4.497766E-01,0.000000E+00,6.041261E-02,0.000000E+00,0.000000E+00
07:50:00,6.041261E-02,0.000000E+00,4.940262E-01,5.776682E+03,7.165310E+03,6.041261E-02,0.000000E+00,3.688173E-01,3.985159E+03,5.638784E+03,6.041261E-02,0.000000E+00,4.400753E-01,5.005494E+03,6.993483E+03,6.041261E-02,0.000000E+00,4.381636E-01,4.977903E+03,6.992415E+03,4.634659E-01,0.000000E+00,6.041261E-02,0.000000E+00,0.000000E+00,3.131532E-01,0.000000E+00,6.041261E-02,0.000000E+00,0.000000E+00,4.497689E-01,0.000000E+00,6.041261E-02,0.000000E+00,0.000000E+00
08:00:00,6.041261E-02,0.000000E+00,5.061202E-01,5.926035E+03,7.317588E+03,6.041261E-02,0.000000E+00,3.790783E-01,4.113904E+03,5.805331E+03,6.041261E-02,0.000000E+00,4.517414E-01,5.150048E+03,7.139750E+03,6.041261E-02,0.000000E+00,4.498076E-01,5.122210E+03,7.138359E+03,4.634613E-01,0.000000E+00,6.041261E-02,0.000000E+00,0.000000E+00,3.131493E-01,0.000000E+00,6.041261E-02,0.000000E+00,0.000000E+00,4.497636E-01,0.000000E+00,6.041261E-02,0.000000E+00,0.000000E+00
08:10:00,6.041261E-02,0.000000E+00,5.183197E-01,6.078125E+03,7.472628E+03,6.041261E-02,0.000000E+00,3.896070E-01,4.247205E+03,5.982296E+03,6.041261E-02,0.000000E+00,4.635459E-01,5.297704E+03,7.289793E+03,6.041261E-02,0.000000E+00,4.615919E-01,5.269639E+03,7.288136E+03,4.634579E-01,0.000000E+00,6.041261E-02,0.000000E+00,0.000000E+00,3.131465E-01,0.000000E+00,6.041261E-02,0.000000E+00,0.000000E+00,4.497597E-01,0.000000E+00,6.041261E-02,0.000000E+00,0.000000E+00
08:20:00,6.041261E-02,0.000000E+00,5.306252E-01,6.231404E+03,7.629119E+03,6.041261E-02,0.000000E+00,4.004067E-01,4.383547E+03,6.164043E+03,6.041261E-02,0.000000E+00,4.754848E-01,5.446864E+03,7.441960E+03,6.041261E-02,0.000000E+00,4.735122E-01,5.418590E+03,7.440076E+03,4.634554E-01,0.000000E+00,6.041261E-02,0.000000E+00,0.000000E+00,3.131444E-01,0.000000E+00,6.041261E-02,0.000000E+00,0.000000E+00,4.497569E-01,0.000000E+00,6.041261E-02,0.000000E+00,0.000000E+00
08:30:00,6.041261E-02,0.000000E+00,5.430592E-01,6.386129E+03,7.787386E+03,6.041261E-02,0.000000E+00,4.114804E-01,4.522966E+03,6.350448E+03,6.041261E-02,0.000000E+00,4.875758E-01,5.597731E+03,7.596376E+03,6.041261E-02,0.000000E+00,4.855859E-01,5.569263E+03,7.594293E+03,4.634535E-01,0.000000E+00,6.041261E-02,0.000000E+00,0.000000E+00,3.131429E-01,0.000000E+00,6.041261E-02,0.000000E+00,0.000000E+00,4.497548E-01,0.000000E+00,6.041261E-02,0.000000E+00,0.000000E+00
08:40:00,6.041261E-02,0.000000E+00,5.556188E-01,6.542265E+03,7.947270E+03,6.041261E-02,0.000000E+00,4.227965E-01,4.665109E+03,6.540849E+03,6.041261E-02,0.000000E+00,4.998105E-01,5.750213E+03,7.752738E+03,6.041261E-02,0.000000E+00,4.978044E-01,5.721562E+03,7.750476E+03,4.634521E-01,0.000000E+00,6.041261E-02,0.000000E+00,0.000000E+00,3.131418E-01,0.000000E+00,6.041261E-02,0.000000E+00,0.000000E+00,4.497533E-01,0.000000E+00,6.041261E-02,0.000000E+00,0.000000E+00
08:50:00,6.041261E-02,0.000000E+00,5.679279E-01,6.695583E+03,8.104051E+03,6.041261E-02,0.000000E+00,4.340260E-01,4.806273E+03,6.730860E+03,6.041261E-02,0.000000E+00,5.118308E-01,5.900280E+03,7.906421E+03,6.041261E-02,0.000000E+00,5.098103E-01,5.871467E+03,7.904004E+03,4.634512E-01,0.000000E+00,6.041261E-02,0.000000E+00,0.000000E+00,3.131411E-01,0.000000E+00,6.041261E-02,0.000000E+00,0.000000E+00,4.497523E-01,0.000000E+00,6.041261E-02,0.000000E+00,0.000000E+00
09:00:00,6.041261E-02,0.000000E+00,5.801263E-01,6.847655E+03,8.259454E+03,6.041261E-02,0.000000E+00,4.452566E-01,4.947448E+03,6.921522E+03,6.041261E-02,0.000000E+00,5.237647E-01,6.049375E+03,8.059022E+03,6.041261E-02,0.000000E+00,5.217314E-01,6.020417E+03,8.056465E+03,4.634505E-01,0.000000E+00,6.041261E-02,0.000000E+00,0.000000E+00,3.131406E-01,0.000000E+00,6.041261E-02,0.000000E+00,0.000000E+00,4.497516E-01,0.000000E+00,6.041261E-02,0.000000E+00,0.000000E+00
09:10:00,6.041261E-02,0.000000E+00,5.922609E-01,6.997450E+03,8.412512E+03,6.041261E-02,0.000000E+00,4.565102E-01,5.087322E+03,7.107124E+03,6.041261E-02,0.000000E+00,5.356516E-01,6.196381E+03,8.209476E+03,6.041261E-02,0.000000E+00,5.336063E-01,6.167289E+03,8.206793E+03,4.634501E-01,0.000000E+00,6.041261E-02,0.000000E+00,0.000000E+00,3.131403E-01,0.000000E+00,6.041261E-02,0.000000E+00,0.000000E+00,4.497511E-01,0.000000E+00,6.041261E-02,0.000000E+00,0.000000E+00
09:20:00,6.041261E-02,0.000000E+00,6.042556E-01,7.145672E+03,8.563980E+03,6.041261E-02,0.000000E+00,4.677152E-01,5.226648E+03,7.292590E+03,6.041261E-02,0.000000E+00,5.474180E-01,6.342032E+03,8.358560E+03,6.041261E-02,0.000000E+00,5.453620E-01,6.312819E+03,8.355762E+03,4.634498E-01,0.000000E+00,6.041261E-02,0.000000E+00,0.000000E+00,3.131401E-01,0.000000E+00,6.041261E-02,0.000000E+00,0.000000E+00,4.497509E-01,0.000000E+00,6.041261E-02,0.000000E+00,0.000000E+00
09:30:00,6.041261E-02,0.000000E+00,6.160155E-01,7.291251E+03,8.712765E+03,6.041261E-02,0.000000E+00,4.787770E-01,5.364361E+03,7.455848E+03,6.041261E-02,0.000000E+00,5.589719E-01,6.485291E+03,8.505204E+03,6.041261E-02,0.000000E+00,5.569063E-01,6.455970E+03,8.502306E+03,4.634497E-01,0.000000E+00,6.041261E-02,0.000000E+00,0.000000E+00,3.131401E-01,0.000000E+00,6.041261E-02,0.000000E+00,0.000000E+00,4.497509E-01,0.000000E+00,6.041261E-02,0.000000E+00,0.000000E+00
09:40:00,6.041261E-02,0.000000E+00,6.274621E-01,7.433305E+03,8.857954E+03,6.041261E-02,0.000000E+00,4.896130E-01,5.499534E+03,7.598570E+03,6.041261E-02,0.000000E+00,5.702389E-01,6.625321E+03,8.648544E+03,6.041261E-02,0.000000E+00,5.681648E-01,6.595905E+03,8.645559E+03,4.634497E-01,0.000000E+00,6.041261E-02,0.000000E+00,0.000000E+00,3.131402E-01,0.000000E+00,6.041261E-02,0.000000E+00,0.000000E+00,4.497509E-01,0.000000E+00,6.041261E-02,0.000000E+00,0.000000E+00
09:50:00,6.041261E-02,0.000000E+00,6.385208E-01,7.570994E+03,8.998680E+03,6.041261E-02,0.000000E+00,5.001457E-01,5.631292E+03,7.736329E+03,6.041261E-02,0.000000E+00,5.811443E-01,6.761284E+03,8.787712E+03,6.041261E-02,0.000000E+00,5.790629E-01,6.731785E+03,8.784652E+03,4.634498E-01,0.000000E+00,6.041261E-02,0.000000E+00,0.000000E+00,3.131403E-01,0.000000E+00,6.041261E-02,0.000000E+00,0.000000E+00,4.497512E-01,0.000000E+00,6.041261E-02,0.000000E+00,0.000000E+00
10:00:00,6.041261E-02,0.000000E+00,6.491165E-01,7.703474E+03,9.134080E+03,6.041261E-02,0.000000E+00,5.103004E-01,5.758799E+03,7.868395E+03,6.041261E-02,0.000000E+00,5.916128E-01,6.892329E+03,8.921833E+03,6.041261E-02,0.000000E+00,5.895252E-01,6.862761E+03,8.918711E+03,4.634500E-01,0.000000E+00,6.041261E-02,0.000000E+00,0.000000E+00,3.131406E-01,0.000000E+00,6.041261E-02,0.000000E+00,0.000000E+00,4.497515E-01,0.000000E+00,6.041261E-02,0.000000E+00,0.000000E+00
10:10:00,6.041261E-02,0.000000E+00,6.591912E-01,7.828532E+03,9.261903E+03,6.041261E-02,0.000000E+00,5.200147E-01,5.879792E+03,7.992980E+03,6.041261E-02,0.000000E+00,6.015851E-01,7.016234E+03,9.048649E+03,6.041261E-02,0.000000E+00,5.994926E-01,6.986610E+03,9.045476E+03,4.634503E-01,0.000000E+00,6.041261E-02,0.000000E+00,0.000000E+00,3.131408E-01,0.000000E+00,6.041261E-02,0.000000E+00,0.000000E+00,4.497518E-01,0.000000E+00,6.041261E-02,0.000000E+00,0.000000E+00
10:20:00,6.041261E-02,0.000000E+00,6.686887E-01,7.947095E+03,9.383118E+03,6.041261E-02,0.000000E+00,5.292263E-01,5.995130E+03,8.111430E+03,6.041261E-02,0.000000E+00,6.110041E-01,7.133912E+03,9.169118E+03,6.041261E-02,0.000000E+00,6.089075E-01,7.104242E+03,9.165907E+03,4.634506E-01,0.000000E+00,6.041261E-02,0.000000E+00,0.000000E+00,3.131411E-01,0.000000E+00,6.041261E-02,0.000000E+00,0.000000E+00,4.497523E-01,0.000000E+00,6.041261E-02,0.000000E+00,0.000000E+00
10:30:00,6.041261E-02,0.000000E+00,6.775598E-01,8.058610E+03,9.497155E+03,6.041261E-02,0.000000E+00,5.378832E-01,6.104228E+03,8.223380E+03,6.041261E-02,0.000000E+00,6.198197E-01,7.244801E+03,9.282666E+03,6.041261E-02,0.000000E+00,6.177200E-01,7.215096E+03,9.279424E+03,4.634510E-01,0.000000E+00,6.041261E-02,0.000000E+00,0.000000E+00,3.131415E-01,0.000000E+00,6.041261E-02,0.000000E+00,0.000000E+00,4.497528E-01,0.000000E+00,6.041261E-02,0.000000E+00,0.000000E+00
10:40:00,6.041261E-02,0.000000E+00,6.857705E-01,8.162694E+03,9.603615E+03,6.041261E-02,0.000000E+00,5.459487E-01,6.206672E+03,8.328489E+03,6.041261E-02,0.000000E+00,6.279966E-01,7.348503E+03,9.388876E+03,6.041261E-02,0.000000E+00,6.258947E-01,7.318773E+03,9.385615E+03,4.634514E-01,0.000000E+00,6.041261E-02,0.000000E+00,0.000000E+00,3.131418E-01,0.000000E+00,6.041261E-02,0.000000E+00,0.000000E+00,4.497534E-01,0.000000E+00,6.041261E-02,0.000000E+00,0.000000E+00
10:50:00,6.041261E-02,0.000000E+00,6.933073E-01,8.259194E+03,9.702337E+03,6.041261E-02,0.000000E+00,5.534038E-01,6.302250E+03,8.426548E+03,6.041261E-02,0.000000E+00,6.355198E-01,7.444849E+03,9.487567E+03,6.041261E-02,0.000000E+00,6.334165E-01,7.415104E+03,9.484298E+03,4.634519E-01,0.000000E+00,6.041261E-02,0.000000E+00,0.000000E+00,3.131422E-01,0.000000E+00,6.041261E-02,0.000000E+00,0.000000E+00,4.497540E-01,0.000000E+00,6.041261E-02,0.000000E+00,0.000000E+00
11:00:00,6.041261E-02,0.000000E+00,7.001819E-01,8.348243E+03,9.793451E+03,6.041261E-02,0.000000E+00,5.602534E-01,6.391015E+03,8.517612E+03,6.041261E-02,0.000000E+00,6.423990E-01,7.533949E+03,9.578850E+03,6.041261E-02,0.000000E+00,6.402950E-01,7.504196E+03,9.575577E+03,4.634524E-01,0.000000E+00,6.041261E-02,0.000000E+00,0.000000E+00,3.131427E-01,0.000000E+00,6.041261E-02,0.000000E+00,0.000000E+00,4.497546E-01,0.000000E+00,6.041261E-02,0.000000E+00,0.000000E+00
11:10:00,6.041261E-02,0.000000E+00,7.063831E-01,8.425817E+03,9.872813E+03,6.041261E-02,0.000000E+00,5.664823E-01,6.468902E+03,8.597482E+03,6.041261E-02,0.000000E+00,6.486227E-01,7.611776E+03,9.658564E+03,6.041261E-02,0.000000E+00,6.465187E-01,7.582023E+03,9.655295E+03,4.634529E-01,0.000000E+00,6.041261E-02,0.000000E+00,0.000000E+00,3.131431E-01,0.000000E+00,6.041261E-02,0.000000E+00,0.000000E+00,4.497553E-01,0.000000E+00,6.041261E-02,0.000000E+00,0.000000E+00
11:20:00,6.041261E-02,0.000000E+00,7.119653E-01,8.496428E+03,9.945092E+03,6.041261E-02,0.000000E+00,5.721381E-01,6.540339E+03,8.670778E+03,6.041261E-02,0.000000E+00,6.542430E-01,7.682814E+03,9.731373E+03,6.041261E-02,0.000000E+00,6.521397E-01,7.653068E+03,9.728115E+03,4.634534E-01,0.000000E+00,6.041261E-02,0.000000E+00,0.000000E+00,3.131435E-01,0.000000E+00,6.041261E-02,0.000000E+00,0.000000E+00,4.497560E-01,0.000000E+00,6.041261E-02,0.000000E+00,0.000000E+00
11:30:00,6.041261E-02,0.000000E+00,7.169540E-01,8.560359E+03,1.001054E+04,6.041261E-02,0.000000E+00,5.772423E-01,6.605568E+03,8.737713E+03,6.041261E-02,0.000000E+00,6.592842E-01,7.747335E+03,9.797513E+03,6.041261E-02,0.000000E+00,6.571821E-01,7.717603E+03,9.794274E+03,4.634540E-01,0.000000E+00,6.041261E-02,0.000000E+00,0.000000E+00,3.131440E-01,0.000000E+00,6.041261E-02,0.000000E+00,0.000000E+00,4.497567E-01,0.000000E+00,6.041261E-02,0.000000E+00,0.000000E+00
11:40:00,6.041261E-02,0.000000E+00,7.215074E-01,8.619391E+03,1.007105E+04,6.041261E-02,0.000000E+00,5.819411E-01,6.666236E+03,8.800061E+03,6.041261E-02,0.000000E+00,6.639003E-01,7.807073E+03,9.858837E+03,6.041261E-02,0.000000E+00,6.617999E-01,7.777359E+03,9.855621E+03,4.634546E-01,0.000000E+00,6.041261E-02,0.000000E+00,0.000000E+00,3.131445E-01,0.000000E+00,6.041261E-02,0.000000E+00,0.000000E+00,4.497574E-01,0.000000E+00,6.041261E-02,0.000000E+00,0.000000E+00
11:50:00,6.041261E-02,0.000000E+00,7.257961E-01,8.675445E+03,1.012850E+04,6.041261E-02,0.000000E+00,5.863931E-01,6.724127E+03,8.859578E+03,6.041261E-02,0.000000E+00,6.682580E-01,7.863902E+03,9.917176E+03,6.041261E-02,0.000000E+00,6.661595E-01,7.834211E+03,9.913988E+03,4.634552E-01,0.000000E+00,6.041261E-02,0.000000E+00,0.000000E+00,3.131450E-01,0.000000E+00,6.041261E-02,0.000000E+00,0.000000E+00,4.497582E-01,0.000000E+00,6.041261E-02,0.000000E+00,0.000000E+00
12:00:00,6.041261E-02,0.000000E+00,7.300004E-01,8.730547E+03,1.018486E+04,6.041261E-02,0.000000E+00,5.907662E-01,6.781128E+03,8.918082E+03,6.041261E-02,0.000000E+00,6.725326E-01,7.919795E+03,9.974437E+03,6.041261E-02,0.000000E+00,6.704361E-01,7.890127E+03,9.971275E+03,4.634558E-01,0.000000E+00,6.041261E-02,0.000000E+00,0.000000E+00,3.131455E-01,0.000000E+00,6.041261E-02,0.000000E+00,0.000000E+00,4.497590E-01,0.000000E+00,6.041261E-02,0.000000E+00,0.000000E+00
12:10:00,6.041261E-02,0.000000E+00,7.342991E-01,8.785154E+03,1.024055E+04,6.041261E-02,0.000000E+00,5.952250E-01,6.837536E+03,8.975811E+03,6.041261E-02,0.000000E+00,6.768959E-01,7.975129E+03,1.003094E+04,6.041261E-02,0.000000E+00,6.748015E-01,7.945483E+03,1.002781E+04,4.634565E-01,0.000000E+00,6.041261E-02,0.000000E+00,0.000000E+00,3.131460E-01,0.000000E+00,6.041261E-02,0.000000E+00,0.000000E+00,4.497598E-01,0.000000E+00,6.041261E-02,0.000000E+00,0.000000E+00
12:20:00,6.041261E-02,0.000000E+00,7.389530E-01,8.843757E+03,1.030029E+04,6.041261E-02,0.000000E+00,6.000117E-01,6.897632E+03,9.037308E+03,6.041261E-02,0.000000E+00,6.816028E-01,8.034327E+03,1.009138E+04,6.041261E-02,0.000000E+00,6.795099E-01,8.004698E+03,1.008826E+04,4.634571E-01,0.000000E+00,6.041261E-02,0.000000E+00,0.000000E+00,3.131465E-01,0.000000E+00,6.041261E-02,0.000000E+00,0.000000E+00,4.497606E-01,0.000000E+00,6.041261E-02,0.000000E+00,0.000000E+00
12:30:00,6.041261E-02,0.000000E+00,7.443606E-01,8.910841E+03,1.036873E+04,6.041261E-02,0.000000E+00,6.055003E-01,6.965625E+03,9.106992E+03,6.041261E-02,0.000000E+00,6.870432E-01,8.101778E+03,1.016032E+04,6.041261E-02,0.000000E+00,6.849511E-01,8.072159E+03,1.015722E+04,4.634578E-01,0.000000E+00,6.041261E-02,0.000000E+00,0.000000E+00,3.131470E-01,0.000000E+00,6.041261E-02,0.000000E+00,0.000000E+00,4.497615E-01,0.000000E+00,6.041261E-02,0.000000E+00,0.000000E+00
12:40:00,6.041261E-02,0.000000E+00,7.507088E-01,8.988508E+03,1.044781E+04,6.041261E-02,0.000000E+00,6.118677E-01,7.043507E+03,9.186650E+03,6.041261E-02,0.000000E+00,6.934019E-01,8.179562E+03,1.023964E+04,6.041261E-02,0.000000E+00,6.913099E-01,8.149943E+03,1.023655E+04,4.634584E-01,0.000000E+00,6.041261E-02,0.000000E+00,0.000000E+00,3.131475E-01,0.000000E+00,6.041261E-02,0.000000E+00,0.000000E+00,4.497623E-01,0.000000E+00,6.041261E-02,0.000000E+00,0.000000E+00
12:50:00,6.041261E-02,0.000000E+00,7.581160E-01,9.078091E+03,1.053880E+04,6.041261E-02,0.000000E+00,6.192277E-01,7.132556E+03,9.277457E+03,6.041261E-02,0.000000E+00,7.007946E-01,8.268980E+03,1.033057E+04,6.041261E-02,0.000000E+00,6.987014E-01,8.239348E+03,1.032747E+04,4.634591E-01,0.000000E+00,6.041261E-02,0.000000E+00,0.000000E+00,3.131480E-01,0.000000E+00,6.041261E-02,0.000000E+00,0.000000E+00,4.497631E-01,0.000000E+00,6.041261E-02,0.000000E+00,0.000000E+00
13:00:00,6.041261E-02,0.000000E+00,7.666526E-01,9.180383E+03,1.064260E+04,6.041261E-02,0.000000E+00,6.276490E-01,7.233547E+03,9.380281E+03,6.041261E-02,0.000000E+00,7.092895E-01,8.370800E+03,1.043398E+04,6.041261E-02,0.000000E+00,7.071942E-01,8.341144E+03,1.043086E+04,4.634598E-01,0.000000E+00,6.041261E-02,0.000000E+00,0.000000E+00,3.131485E-01,0.000000E+00,6.041261E-02,0.000000E+00,0.000000E+00,4.497640E-01,0.000000E+00,6.041261E-02,0.000000E+00,0.000000E+00
13:10:00,6.041261E-02,0.000000E+00,7.764257E-01,9.294251E+03,1.075826E+04,6.041261E-02,0.000000E+00,6.372415E-01,7.345379E+03,9.494219E+03,6.041261E-02,0.000000E+00,7.189970E-01,8.483927E+03,1.054899E+04,6.041261E-02,0.000000E+00,7.168985E-01,8.454235E+03,1.054583E+04,4.634605E-01,0.000000E+00,6.041261E-02,0.000000E+00,0.000000E+00,3.131491E-01,0.000000E+00,6.041261E-02,0.000000E+00,0.000000E+00,4.497649E-01,0.000000E+00,6.041261E-02,0.000000E+00,0.000000E+00
13:20:00,6.041261E-02,0.000000E+00,7.872932E-01,9.420435E+03,1.088652E+04,6.041261E-02,0.000000E+00,6.478792E-01,7.468973E+03,9.620212E+03,6.041261E-02,0.000000E+00,7.297802E-01,8.609158E+03,1.067640E+04,6.041261E-02,0.000000E+00,7.276778E-01,8.579423E+03,1.067321E+04,4.634612E-01,0.000000E+00,6.041261E-02,0.000000E+00,0.000000E+00,3.131496E-01,0.000000E+00,6.041261E-02,0.000000E+00,0.000000E+00,4.497657E-01,0.000000E+00,6.041261E-02,0.000000E+00,0.000000E+00
13:30:00,6.041261E-02,0.000000E+00,7.990001E-01,9.556063E+03,1.102449E+04,6.041261E-02,0.000000E+00,6.593294E-01,7.601709E+03,9.755579E+03,6.041261E-02,0.000000E+00,7.413928E-01,8.743723E+03,1.081341E+04,6.041261E-02,0.000000E+00,7.392861E-01,8.713939E+03,1.081017E+04,4.634619E-01,0.000000E+00,6.041261E-02,0.000000E+00,0.000000E+00,3.131501E-01,0.000000E+00,6.041261E-02,0.000000E+00,0.000000E+00,4.497666E-01,0.000000E+00,6.041261E-02,0.000000E+00,0.000000E+00
13:40:00,6.041261E-02,0.000000E+00,8.113549E-01,9.698984E+03,1.116997E+04,6.041261E-02,0.000000E+00,6.714129E-01,7.741572E+03,9.898287E+03,6.041261E-02,0.000000E+00,7.536445E-01,8.885480E+03,1.095784E+04,6.041261E-02,0.000000E+00,7.515332E-01,8.855643E+03,1.095456E+04,4.634627E-01,0.000000E+00,6.041261E-02,0.000000E+00,0.000000E+00,3.131507E-01,0.000000E+00,6.041261E-02,0.000000E+00,0.000000E+00,4.497675E-01,0.000000E+00,6.041261E-02,0.000000E+00,0.000000E+00
13:50:00,6.041261E-02,0.000000E+00,8.241885E-01,9.847293E+03,1.132102E+04,6.041261E-02,0.000000E+00,6.839737E-01,7.886807E+03,1.004654E+04,6.041261E-02,0.000000E+00,7.663728E-01,9.032601E+03,1.110782E+04,6.041261E-02,0.000000E+00,7.642571E-01,9.002714E+03,1.110450E+04,4.634634E-01,0.000000E+00,6.041261E-02,0.000000E+00,0.000000E+00,3.131512E-01,0.000000E+00,6.041261E-02,0.000000E+00,0.000000E+00,4.497684E-01,0.000000E+00,6.041261E-02,0.000000E+00,0.000000E+00
14:00:00,6.041261E-02,0.000000E+00,8.373287E-01,9.999053E+03,1.147564E+04,6.041261E-02,0.000000E+00,6.968518E-01,8.035613E+03,1.019849E+04,6.041261E-02,0.000000E+00,7.794124E-01,9.183225E+03,1.126143E+04,6.041261E-02,0.000000E+00,7.772924E-01,9.153290E+03,1.125806E+04,4.634641E-01,0.000000E+00,6.041261E-02,0.000000E+00,0.000000E+00,3.131518E-01,0.000000E+00,6.041261E-02,0.000000E+00,0.000000E+00,4.497693E-01,0.000000E+00,6.041261E-02,0.000000E+00,0.000000E+00
14:10:00,6.041261E-02,0.000000E+00,8.505075E-01,1.014735E+04,1.162669E+04,6.041261E-02,0.000000E+00,7.097910E-01,8.181212E+03,1.034709E+04,6.041261E-02,0.000000E+00,7.924991E-01,9.330486E+03,1.141156E+04,6.041261E-02,0.000000E+00,7.903752E-01,9.300507E+03,1.140816E+04,4.634648E-01,0.000000E+00,6.041261E-02,0.000000E+00,0.000000E+00,3.131523E-01,0.000000E+00,6.041261E-02,0.000000E+00,0.000000E+00,4.497702E-01,0.000000E+00,6.041261E-02,0.000000E+00,0.000000E+00
14:20:00,6.041261E-02,0.000000E+00,8.635796E-01,1.029445E+04,1.177661E+04,6.041261E-02,0.000000E+00,7.226529E-01,8.325942E+03,1.049488E+04,6.041261E-02,0.000000E+00,8.054898E-01,9.476667E+03,1.156068E+04,6.041261E-02,0.000000E+00,8.033624E-01,9.446648E+03,1.155724E+04,4.634656E-01,0.000000E+00,6.041261E-02,0.000000E+00,0.000000E+00,3.131529E-01,0.000000E+00,6.041261E-02,0.000000E+00,0.000000E+00,4.497711E-01,0.000000E+00,6.041261E-02,0.000000E+00,0.000000E+00
14:30:00,6.041261E-02,0.000000E+00,8.763974E-01,1.043869E+04,1.192373E+04,6.041261E-02,0.000000E+00,7.352891E-01,8.468134E+03,1.064019E+04,6.041261E-02,0.000000E+00,8.182370E-01,9.620107E+03,1.170714E+04,6.041261E-02,0.000000E+00,8.161066E-01,9.590055E+03,1.170367E+04,4.634663E-01,0.000000E+00,6.041261E-02,0.000000E+00,0.000000E+00,3.131534E-01,0.000000E+00,6.041261E-02,0.000000E+00,0.000000E+00,4.497721E-01,0.000000E+00,6.041261E-02,0.000000E+00,0.000000E+00
14:40:00,6.041261E-02,0.000000E+00,8.888043E-01,1.057831E+04,1.206620E+04,6.041261E-02,0.000000E+00,7.475522E-01,8.606129E+03,1.078130E+04,6.041261E-02,0.000000E+00,8.305883E-01,9.759095E+03,1.184913E+04,6.041261E-02,0.000000E+00,8.284554E-01,9.729015E+03,1.184564E+04,4.634671E-01,0.000000E+00,6.041261E-02,0.000000E+00,0.000000E+00,3.131540E-01,0.000000E+00,6.041261E-02,0.000000E+00,0.000000E+00,4.497730E-01,0.000000E+00,6.041261E-02,0.000000E+00,0.000000E+00
14:50:00,6.041261E-02,0.000000E+00,9.006523E-01,1.071163E+04,1.220229E+04,6.041261E-02,0.000000E+00,7.592963E-01,8.738284E+03,1.091647E+04,6.041261E-02,0.000000E+00,8.423960E-01,9.891967E+03,1.198491E+04,6.041261E-02,0.000000E+00,8.402613E-01,9.861865E+03,1.198141E+04,4.634678E-01,0.000000E+00,6.041261E-02,0.000000E+00,0.000000E+00,3.131545E-01,0.000000E+00,6.041261E-02,0.000000E+00,0.000000E+00,4.497739E-01,0.000000E+00,6.041261E-02,0.000000E+00,0.000000E+00
15:00:00,6.041261E-02,0.000000E+00,9.118051E-01,1.083714E+04,1.233041E+04,6.041261E-02,0.000000E+00,7.703873E-01,8.863090E+03,1.104413E+04,6.041261E-02,0.000000E+00,8.535247E-01,1.001720E+04,1.211289E+04,6.041261E-02,0.000000E+00,8.513887E-01,9.987082E+03,1.210938E+04,4.634686E-01,0.000000E+00,6.041261E-02,0.000000E+00,0.000000E+00,3.131550E-01,0.000000E+00,6.041261E-02,0.000000E+00,0.000000E+00,4.497748E-01,0.000000E+00,6.041261E-02,0.000000E+00,0.000000E+00
15:10:00,6.041261E-02,0.000000E+00,9.221763E-01,1.094917E+04,1.244480E+04,6.041261E-02,0.000000E+00,7.807389E-01,8.974902E+03,1.115852E+04,6.041261E-02,0.000000E+00,8.638882E-01,1.012914E+04,1.222733E+04,6.041261E-02,0.000000E+00,8.617516E-01,1.009902E+04,1.222382E+04,4.634693E-01,0.000000E+00,6.041261E-02,0.000000E+00,0.000000E+00,3.131556E-01,0.000000E+00,6.041261E-02,0.000000E+00,0.000000E+00,4.497758E-01,0.000000E+00,6.041261E-02,0.000000E+00,0.000000E+00
15:20:00,6.041261E-02,0.000000E+00,9.316808E-01,1.105146E+04,1.254932E+04,6.041261E-02,0.000000E+00,7.902638E-01,9.077412E+03,1.126349E+04,6.041261E-02,0.000000E+00,8.734011E-01,1.023152E+04,1.233209E+04,6.041261E-02,0.000000E+00,8.712645E-01,1.020140E+04,1.232858E+04,4.634701E-01,0.000000E+00,6.041261E-02,0.000000E+00,0.000000E+00,3.131561E-01,0.000000E+00,6.041261E-02,0.000000E+00,0.000000E+00,4.497767E-01,0.000000E+00,6.041261E-02,0.000000E+00,0.000000E+00
15:30:00,6.041261E-02,0.000000E+00,9.402371E-01,1.114307E+04,1.264304E+04,6.041261E-02,0.000000E+00,7.988842E-01,9.169745E+03,1.135816E+04,6.041261E-02,0.000000E+00,8.819822E-01,1.032341E+04,1.242623E+04,6.041261E-02,0.000000E+00,8.798463E-01,1.029330E+04,1.242274E+04,4.634709E-01,0.000000E+00,6.041261E-02,0.000000E+00,0.000000E+00,3.131567E-01,0.000000E+00,6.041261E-02,0.000000E+00,0.000000E+00,4.497776E-01,0.000000E+00,6.041261E-02,0.000000E+00,0.000000E+00
15:40:00,6.041261E-02,0.000000E+00,9.477761E-01,1.122323E+04,1.272511E+04,6.041261E-02,0.000000E+00,8.065312E-01,9.251124E+03,1.144169E+04,6.041261E-02,0.000000E+00,8.895611E-01,1.040402E+04,1.250890E+04,6.041261E-02,0.000000E+00,8.874265E-01,1.037392E+04,1.250543E+04,4.634716E-01,0.000000E+00,6.041261E-02,0.000000E+00,0.000000E+00,3.131572E-01,0.000000E+00,6.041261E-02,0.000000E+00,0.000000E+00,4.497786E-01,0.000000E+00,6.041261E-02,0.000000E+00,0.000000E+00
15:50:00,6.041261E-02,0.000000E+00,9.542473E-01,1.129139E+04,1.279495E+04,6.041261E-02,0.000000E+00,8.131470E-01,9.320900E+03,1.151337E+04,6.041261E-02,0.000000E+00,8.960862E-01,1.047278E+04,1.257949E+04,6.041261E-02,0.000000E+00,8.939534E-01,1.044270E+04,1.257605E+04,4.634724E-01,0.000000E+00,6.041261E-02,0.000000E+00,0.000000E+00,3.131578E-01,0.000000E+00,6.041261E-02,0.000000E+00,0.000000E+00,4.497795E-01,0.000000E+00,6.041261E-02,0.000000E+00,0.000000E+00
16:00:00,6.041261E-02,0.000000E+00,9.596133E-01,1.134710E+04,1.285212E+04,6.041261E-02,0.000000E+00,8.186912E-01,9.378617E+03,1.157275E+04,6.041261E-02,0.000000E+00,9.015188E-01,1.052924E+04,1.263754E+04,6.041261E-02,0.000000E+00,8.993884E-01,1.049919E+04,1.263413E+04,4.634732E-01,0.000000E+00,6.041261E-02,0.000000E+00,0.000000E+00,3.131583E-01,0.000000E+00,6.041261E-02,0.000000E+00,0.000000E+00,4.497804E-01,0.000000E+00,6.041261E-02,0.000000E+00,0.000000E+00
16:10:00,6.041261E-02,0.000000E+00,9.638445E-01,1.138848E+04,1.289467E+04,6.041261E-02,0.000000E+00,8.231331E-01,9.422373E+03,1.161786E+04,6.041261E-02,0.000000E+00,9.058281E-01,1.057150E+04,1.268109E+04,6.041261E-02,0.000000E+00,9.037007E-01,1.054148E+04,1.267772E+04,4.634739E-01,0.000000E+00,6.041261E-02,0.000000E+00,0.000000E+00,3.131589E-01,0.000000E+00,6.041261E-02,0.000000E+00,0.000000E+00,4.497814E-01,0.000000E+00,6.041261E-02,0.000000E+00,0.000000E+00
16:20:00,6.041261E-02,0.000000E+00,9.669170E-01,1.141683E+04,1.292397E+04,6.041261E-02,0.000000E+00,8.264467E-01,9.453432E+03,1.165006E+04,6.041261E-02,0.000000E+00,9.089893E-01,1.060085E+04,1.271151E+04,6.041261E-02,0.000000E+00,9.068653E-01,1.057087E+04,1.270818E+04,4.634747E-01,0.000000E+00,6.041261E-02,0.000000E+00,0.000000E+00,3.131594E-01,0.000000E+00,6.041261E-02,0.000000E+00,0.000000E+00,4.497823E-01,0.000000E+00,6.041261E-02,0.000000E+00,0.000000E+00
16:30:00,6.041261E-02,0.000000E+00,9.689060E-01,1.143298E+04,1.294093E+04,6.041261E-02,0.000000E+00,8.287008E-01,9.472568E+03,1.167019E+04,6.041261E-02,0.000000E+00,9.110756E-01,1.061810E+04,1.272969E+04,6.041261E-02,0.000000E+00,9.089554E-01,1.058816E+04,1.272641E+04,4.634755E-01,0.000000E+00,6.041261E-02,0.000000E+00,0.000000E+00,3.131600E-01,0.000000E+00,6.041261E-02,0.000000E+00,0.000000E+00,4.497833E-01,0.000000E+00,6.041261E-02,0.000000E+00,0.000000E+00
16:40:00,6.041261E-02,0.000000E+00,9.698376E-01,1.143724E+04,1.294572E+04,6.041261E-02,0.000000E+00,8.299151E-01,9.480005E+03,1.167833E+04,6.041261E-02,0.000000E+00,9.121133E-01,1.062355E+04,1.273579E+04,6.041261E-02,0.000000E+00,9.099971E-01,1.059365E+04,1.273256E+04,4.634762E-01,0.000000E+00,6.041261E-02,0.000000E+00,0.000000E+00,3.131605E-01,0.000000E+00,6.041261E-02,0.000000E+00,0.000000E+00,4.497842E-01,0.000000E+00,6.041261E-02,0.000000E+00,0.000000E+00
16:50:00,6.041261E-02,0.000000E+00,9.692571E-01,1.142448E+04,1.293287E+04,6.041261E-02,0.000000E+00,8.296592E-01,9.470897E+03,1.166920E+04,6.041261E-02,0.000000E+00,9.116554E-01,1.061216E+04,1.272437E+04,6.041261E-02,0.000000E+00,9.095439E-01,1.058232E+04,1.272119E+04,4.634770E-01,0.000000E+00,6.041261E-02,0.000000E+00,0.000000E+00,3.131611E-01,0.000000E+00,6.041261E-02,0.000000E+00,0.000000E+00,4.497852E-01,0.000000E+00,6.041261E-02,0.000000E+00,0.000000E+00
17:00:00,6.041261E-02,0.000000E+00,9.673469E-01,1.139675E+04,1.290514E+04,6.041261E-02,0.000000E+00,8.281067E-01,9.447200E+03,1.164560E+04,6.041261E-02,0.000000E+00,9.098806E-01,1.058597E+04,1.269826E+04,6.041261E-02,0.000000E+00,9.077741E-01,1.055618E+04,1.269514E+04,4.634778E-01,0.000000E+00,6.041261E-02,0.000000E+00,0.000000E+00,3.131616E-01,0.000000E+00,6.041261E-02,0.000000E+00,0.000000E+00,4.497861E-01,0.000000E+00,6.041261E-02,0.000000E+00,0.000000E+00
17:10:00,6.041261E-02,0.000000E+00,9.641877E-01,1.135341E+04,1.286172E+04,6.041261E-02,0.000000E+00,8.253331E-01,9.408203E+03,1.160665E+04,6.041261E-02,0.000000E+00,9.068685E-01,1.054428E+04,1.265661E+04,6.041261E-02,0.000000E+00,9.047673E-01,1.051456E+04,1.265355E+04,4.634786E-01,0.000000E+00,6.041261E-02,0.000000E+00,0.000000E+00,3.131622E-01,0.000000E+00,6.041261E-02,0.000000E+00,0.000000E+00,4.497870E-01,0.000000E+00,6.041261E-02,0.000000E+00,0.000000E+00
17:20:00,6.041261E-02,0.000000E+00,9.597529E-01,1.129572E+04,1.280358E+04,6.041261E-02,0.000000E+00,8.213119E-01,9.355168E+03,1.155329E+04,6.041261E-02,0.000000E+00,9.025922E-01,1.048838E+04,1.260035E+04,6.041261E-02,0.000000E+00,9.004967E-01,1.045872E+04,1.259737E+04,4.634793E-01,0.000000E+00,6.041261E-02,0.000000E+00,0.000000E+00,3.131627E-01,0.000000E+00,6.041261E-02,0.000000E+00,0.000000E+00,4.497880E-01,0.000000E+00,6.041261E-02,0.000000E+00,0.000000E+00
17:30:00,6.041261E-02,0.000000E+00,9.538957E-01,1.122202E+04,1.272893E+04,6.041261E-02,0.000000E+00,8.159047E-01,9.286536E+03,1.148376E+04,6.041261E-02,0.000000E+00,8.969079E-01,1.041663E+04,1.252770E+04,6.041261E-02,0.000000E+00,8.948187E-01,1.038704E+04,1.252479E+04,4.634801E-01,0.000000E+00,6.041261E-02,0.000000E+00,0.000000E+00,3.131633E-01,0.000000E+00,6.041261E-02,0.000000E+00,0.000000E+00,4.497889E-01,0.000000E+00,6.041261E-02,0.000000E+00,0.000000E+00
17:40:00,6.041261E-02,0.000000E+00,9.465060E-01,1.113108E+04,1.263656E+04,6.041261E-02,0.000000E+00,8.090064E-01,9.201126E+03,1.139689E+04,6.041261E-02,0.000000E+00,8.897070E-01,1.032781E+04,1.243747E+04,6.041261E-02,0.000000E+00,8.876247E-01,1.029830E+04,1.243464E+04,4.634809E-01,0.000000E+00,6.041261E-02,0.000000E+00,0.000000E+00,3.131638E-01,0.000000E+00,6.041261E-02,0.000000E+00,0.000000E+00,4.497899E-01,0.000000E+00,6.041261E-02,0.000000E+00,0.000000E+00
17:50:00,6.041261E-02,0.000000E+00,9.379272E-01,1.102676E+04,1.253070E+04,6.041261E-02,0.000000E+00,8.009475E-01,9.102656E+03,1.129684E+04,6.041261E-02,0.000000E+00,8.813274E-01,1.022573E+04,1.233387E+04,6.041261E-02,0.000000E+00,8.792524E-01,1.019630E+04,1.233112E+04,4.634817E-01,0.000000E+00,6.041261E-02,0.000000E+00,0.000000E+00,3.131643E-01,0.000000E+00,6.041261E-02,0.000000E+00,0.000000E+00,4.497908E-01,0.000000E+00,6.041261E-02,0.000000E+00,0.000000E+00
18:00:00,6.041261E-02,0.000000E+00,9.278440E-01,1.090550E+04,1.240766E+04,6.041261E-02,0.000000E+00,7.914291E-01,8.987762E+03,1.118010E+04,6.041261E-02,0.000000E+00,8.714606E-01,1.010692E+04,1.221328E+04,6.041261E-02,0.000000E+00,8.693936E-01,1.007758E+04,1.221062E+04,4.634824E-01,0.000000E+00,6.041261E-02,0.000000E+00,0.000000E+00,3.131649E-01,0.000000E+00,6.041261E-02,0.000000E+00,0.000000E+00,4.497918E-01,0.000000E+00,6.041261E-02,0.000000E+00,0.000000E+00
18:10:00,6.041261E-02,0.000000E+00,9.160249E-01,1.076082E+04,1.226077E+04,6.041261E-02,0.000000E+00,7.802310E-01,8.850071E+03,1.104008E+04,6.041261E-02,0.000000E+00,8.598805E-01,9.964927E+03,1.206907E+04,6.041261E-02,0.000000E+00,8.578224E-01,9.935688E+03,1.206650E+04,4.724806E-01,0.000000E+00,6.041261E-02,0.000000E+00,0.000000E+00,3.188754E-01,0.000000E+00,6.041261E-02,0.000000E+00,0.000000E+00,4.583150E-01,0.000000E+00,6.041261E-02,0.000000E+00,0.000000E+00
18:20:00,6.041261E-02,0.000000E+00,9.016890E-01,1.058782E+04,1.208476E+04,6.041261E-02,0.000000E+00,7.666204E-01,8.685235E+03,1.087196E+04,6.041261E-02,0.000000E+00,8.458230E-01,9.795060E+03,1.189609E+04,6.041261E-02,0.000000E+00,8.437754E-01,9.765940E+03,1.189364E+04,4.814805E-01,0.000000E+00,6.041261E-02,0.000000E+00,0.000000E+00,3.245869E-01,0.000000E+00,6.041261E-02,0.000000E+00,0.000000E+00,4.668400E-01,0.000000E+00,6.041261E-02,0.000000E+00,0.000000E+00
18:30:00,6.041261E-02,0.000000E+00,8.850512E-01,1.038891E+04,1.188304E+04,6.041261E-02,0.000000E+00,7.508052E-01,8.495592E+03,1.067927E+04,6.041261E-02,0.000000E+00,8.294992E-01,9.599693E+03,1.169789E+04,6.041261E-02,0.000000E+00,8.274636E-01,9.570708E+03,1.169557E+04,4.904892E-01,0.000000E+00,6.041261E-02,0.000000E+00,0.000000E+00,3.303032E-01,0.000000E+00,6.041261E-02,0.000000E+00,0.000000E+00,4.753751E-01,0.000000E+00,6.041261E-02,0.000000E+00,0.000000E+00
18:40:00,6.041261E-02,0.000000E+00,8.661920E-01,1.016501E+04,1.165615E+04,6.041261E-02,0.000000E+00,7.328694E-01,8.282087E+03,1.046255E+04,6.041261E-02,0.000000E+00,8.109910E-01,9.379746E+03,1.147495E+04,6.041261E-02,0.000000E+00,8.089688E-01,9.350912E+03,1.147278E+04,4.995052E-01,0.000000E+00,6.041261E-02,0.000000E+00,0.000000E+00,3.360239E-01,0.000000E+00,6.041261E-02,0.000000E+00,0.000000E+00,4.839186E-01,0.000000E+00,6.041261E-02,0.000000E+00,0.000000E+00
18:50:00,6.041261E-02,0.000000E+00,8.450798E-01,9.915756E+03,1.140306E+04,6.041261E-02,0.000000E+00,7.127954E-01,8.044522E+03,1.022081E+04,6.041261E-02,0.000000E+00,7.902714E-01,9.134914E+03,1.122621E+04,6.041261E-02,0.000000E+00,7.882645E-01,9.106253E+03,1.122421E+04,5.085253E-01,0.000000E+00,6.041261E-02,0.000000E+00,0.000000E+00,3.417477E-01,0.000000E+00,6.041261E-02,0.000000E+00,0.000000E+00,4.924669E-01,0.000000E+00,6.041261E-02,0.000000E+00,0.000000E+00
19:00:00,6.041261E-02,0.000000E+00,8.211577E-01,9.634881E+03,1.111691E+04,6.041261E-02,0.000000E+00,6.900833E-01,7.777271E+03,9.947630E+03,6.041261E-02,0.000000E+00,7.668041E-01,8.859164E+03,1.094491E+04,6.041261E-02,0.000000E+00,7.648148E-01,8.830700E+03,1.094310E+04,5.175476E-01,0.000000E+00,6.041261E-02,0.000000E+00,0.000000E+00,3.474733E-01,0.000000E+00,6.041261E-02,0.000000E+00,0.000000E+00,5.010177E-01,0.000000E+00,6.041261E-02,0.000000E+00,0.000000E+00
19:10:00,6.041261E-02,0.000000E+00,7.946510E-01,9.328038E+03,1.080437E+04,6.041261E-02,0.000000E+00,6.649632E-01,7.486041E+03,9.649819E+03,6.041261E-02,0.000000E+00,7.408078E-01,8.558072E+03,1.063775E+04,6.041261E-02,0.000000E+00,7.388385E-01,8.529834E+03,1.063615E+04,5.175740E-01,0.000000E+00,6.041261E-02,0.000000E+00,0.000000E+00,3.474904E-01,0.000000E+00,6.041261E-02,0.000000E+00,0.000000E+00,5.010481E-01,0.000000E+00,6.041261E-02,0.000000E+00,0.000000E+00
19:20:00,6.041261E-02,0.000000E+00,7.672739E-01,9.011401E+03,1.048276E+04,6.041261E-02,0.000000E+00,6.390572E-01,7.185966E+03,9.343975E+03,6.041261E-02,0.000000E+00,7.139676E-01,8.247484E+03,1.032195E+04,6.041261E-02,0.000000E+00,7.120195E-01,8.219485E+03,1.032057E+04,5.175998E-01,0.000000E+00,6.041261E-02,0.000000E+00,0.000000E+00,3.475073E-01,0.000000E+00,6.041261E-02,0.000000E+00,0.000000E+00,5.010779E-01,0.000000E+00,6.041261E-02,0.000000E+00,0.000000E+00
19:30:00,6.041261E-02,0.000000E+00,7.399303E-01,8.695140E+03,1.016135E+04,6.041261E-02,0.000000E+00,6.132137E-01,6.886594E+03,9.038680E+03,6.041261E-02,0.000000E+00,6.871675E-01,7.937345E+03,1.000642E+04,6.041261E-02,0.000000E+00,6.852409E-01,7.909589E+03,1.000527E+04,5.176177E-01,0.000000E+00,6.041261E-02,0.000000E+00,0.000000E+00,3.475203E-01,0.000000E+00,6.041261E-02,0.000000E+00,0.000000E+00,5.010988E-01,0.000000E+00,6.041261E-02,0.000000E+00,0.000000E+00
19:40:00,6.041261E-02,0.000000E+00,7.135361E-01,8.389559E+03,9.849465E+03,6.041261E-02,0.000000E+00,5.882888E-01,6.597555E+03,8.742425E+03,6.041261E-02,0.000000E+00,6.613019E-01,7.637719E+03,9.700078E+03,6.041261E-02,0.000000E+00,6.593963E-01,7.610199E+03,9.699145E+03,5.176291E-01,0.000000E+00,6.041261E-02,0.000000E+00,0.000000E+00,3.475293E-01,0.000000E+00,6.041261E-02,0.000000E+00,0.000000E+00,5.011122E-01,0.000000E+00,6.041261E-02,0.000000E+00,0.000000E+00
19:50:00,6.041261E-02,0.000000E+00,6.887785E-01,8.102392E+03,9.554609E+03,6.041261E-02,0.000000E+00,5.649312E-01,6.326149E+03,8.460638E+03,6.041261E-02,0.000000E+00,6.370432E-01,7.356173E+03,9.410177E+03,6.041261E-02,0.000000E+00,6.351574E-01,7.328876E+03,9.409437E+03,5.176371E-01,0.000000E+00,6.041261E-02,0.000000E+00,0.000000E+00,3.475358E-01,0.000000E+00,6.041261E-02,0.000000E+00,0.000000E+00,5.011215E-01,0.000000E+00,6.041261E-02,0.000000E+00,0.000000E+00
20:00:00,6.041261E-02,0.000000E+00,6.667515E-01,7.845952E+03,9.290423E+03,6.041261E-02,0.000000E+00,5.441538E-01,6.083776E+03,8.184720E+03,6.041261E-02,0.000000E+00,6.154543E-01,7.104667E+03,9.150171E+03,6.041261E-02,0.000000E+00,6.135863E-01,7.077569E+03,9.149597E+03,5.176434E-01,0.000000E+00,6.041261E-02,0.000000E+00,0.000000E+00,3.475407E-01,0.000000E+00,6.041261E-02,0.000000E+00,0.000000E+00,5.011288E-01,0.000000E+00,6.041261E-02,0.000000E+00,0.000000E+00
20:10:00,6.041261E-02,0.000000E+00,6.477872E-01,7.625531E+03,9.063353E+03,6.041261E-02,0.000000E+00,5.262651E-01,5.875463E+03,7.947804E+03,6.041261E-02,0.000000E+00,5.968689E-01,6.888513E+03,8.926709E+03,6.041261E-02,0.000000E+00,5.950161E-01,6.861587E+03,8.926278E+03,5.176486E-01,0.000000E+00,6.041261E-02,0.000000E+00,0.000000E+00,3.475447E-01,0.000000E+00,6.041261E-02,0.000000E+00,0.000000E+00,5.011349E-01,0.000000E+00,6.041261E-02,0.000000E+00,0.000000E+00
20:20:00,6.041261E-02,0.000000E+00,6.313052E-01,7.433042E+03,8.865386E+03,6.041261E-02,0.000000E+00,5.107271E-01,5.693601E+03,7.738003E+03,6.041261E-02,0.000000E+00,5.807163E-01,6.699734E+03,8.731905E+03,6.041261E-02,0.000000E+00,5.788768E-01,6.672958E+03,8.731597E+03,5.176531E-01,0.000000E+00,6.041261E-02,0.000000E+00,0.000000E+00,3.475479E-01,0.000000E+00,6.041261E-02,0.000000E+00,0.000000E+00,5.011401E-01,0.000000E+00,6.041261E-02,0.000000E+00,0.000000E+00
20:30:00,6.041261E-02,0.000000E+00,6.165484E-01,7.259966E+03,8.687664E+03,6.041261E-02,0.000000E+00,4.968364E-01,5.530275E+03,7.547386E+03,6.041261E-02,0.000000E+00,5.662580E-01,6.530020E+03,8.557072E+03,6.041261E-02,0.000000E+00,5.644306E-01,6.503381E+03,8.556879E+03,5.176570E-01,0.000000E+00,6.041261E-02,0.000000E+00,0.000000E+00,3.475506E-01,0.000000E+00,6.041261E-02,0.000000E+00,0.000000E+00,5.011446E-01,0.000000E+00,6.041261E-02,0.000000E+00,0.000000E+00
20:40:00,6.041261E-02,0.000000E+00,6.028901E-01,7.099253E+03,8.522727E+03,6.041261E-02,0.000000E+00,4.840155E-01,5.378989E+03,7.369258E+03,6.041261E-02,0.000000E+00,5.528840E-01,6.372508E+03,8.394890E+03,6.041261E-02,0.000000E+00,5.510682E-01,6.345999E+03,8.394807E+03,5.176604E-01,0.000000E+00,6.041261E-02,0.000000E+00,0.000000E+00,3.475529E-01,0.000000E+00,6.041261E-02,0.000000E+00,0.000000E+00,5.011486E-01,0.000000E+00,6.041261E-02,0.000000E+00,0.000000E+00
20:50:00,6.041261E-02,0.000000E+00,5.900595E-01,6.947855E+03,8.367363E+03,6.041261E-02,0.000000E+00,4.720112E-01,5.236894E+03,7.200713E+03,6.041261E-02,0.000000E+00,5.403292E-01,6.224216E+03,8.242199E+03,6.041261E-02,0.000000E+00,5.385246E-01,6.197834E+03,8.242224E+03,5.176634E-01,0.000000E+00,6.041261E-02,0.000000E+00,0.000000E+00,3.475550E-01,0.000000E+00,6.041261E-02,0.000000E+00,0.000000E+00,5.011521E-01,0.000000E+00,6.041261E-02,0.000000E+00,0.000000E+00
21:00:00,6.041261E-02,0.000000E+00,5.779205E-01,6.804241E+03,8.219975E+03,6.041261E-02,0.000000E+00,4.607060E-01,5.102666E+03,7.040402E+03,6.041261E-02,0.000000E+00,5.284637E-01,6.083682E+03,8.097471E+03,6.041261E-02,0.000000E+00,5.266703E-01,6.057426E+03,8.097602E+03,5.176661E-01,0.000000E+00,6.041261E-02,0.000000E+00,0.000000E+00,3.475568E-01,0.000000E+00,6.041261E-02,0.000000E+00,0.000000E+00,5.011553E-01,0.000000E+00,6.041261E-02,0.000000E+00,0.000000E+00
21:10:00,6.041261E-02,0.000000E+00,5.663674E-01,6.667221E+03,8.079322E+03,6.041261E-02,0.000000E+00,4.500165E-01,4.975368E+03,6.887345E+03,6.041261E-02,0.000000E+00,5.171801E-01,5.949697E+03,7.959436E+03,6.041261E-02,0.000000E+00,5.153978E-01,5.923565E+03,7.959671E+03,5.176686E-01,0.000000E+00,6.041261E-02,0.000000E+00,0.000000E+00,3.475584E-01,0.000000E+00,6.041261E-02,0.000000E+00,0.000000E+00,5.011582E-01,0.000000E+00,6.041261E-02,0.000000E+00,0.000000E+00
21:20:00,6.041261E-02,0.000000E+00,5.553347E-01,6.536056E+03,7.944646E+03,6.041261E-02,0.000000E+00,4.398676E-01,4.854155E+03,6.740632E+03,6.041261E-02,0.000000E+00,5.064139E-01,5.821534E+03,7.827343E+03,6.041261E-02,0.000000E+00,5.046427E-01,5.795528E+03,7.827685E+03,5.176710E-01,0.000000E+00,6.041261E-02,0.000000E+00,0.000000E+00,3.475599E-01,0.000000E+00,6.041261E-02,0.000000E+00,0.000000E+00,5.011609E-01,0.000000E+00,6.041261E-02,0.000000E+00,0.000000E+00
21:30:00,6.041261E-02,0.000000E+00,5.447712E-01,6.410173E+03,7.815357E+03,6.041261E-02,0.000000E+00,4.301906E-01,4.738251E+03,6.599459E+03,6.041261E-02,0.000000E+00,4.961161E-01,5.698642E+03,7.700630E+03,6.041261E-02,0.000000E+00,4.943560E-01,5.672761E+03,7.701077E+03,5.176731E-01,0.000000E+00,6.041261E-02,0.000000E+00,0.000000E+00,3.475613E-01,0.000000E+00,6.041261E-02,0.000000E+00,0.000000E+00,5.011634E-01,0.000000E+00,6.041261E-02,0.000000E+00,0.000000E+00
21:40:00,6.041261E-02,0.000000E+00,5.346354E-01,6.289103E+03,7.690978E+03,6.041261E-02,0.000000E+00,4.209336E-01,4.627075E+03,6.463264E+03,6.041261E-02,0.000000E+00,4.862459E-01,5.580563E+03,7.578827E+03,6.041261E-02,0.000000E+00,4.844971E-01,5.554808E+03,7.579382E+03,5.176752E-01,0.000000E+00,6.041261E-02,0.000000E+00,0.000000E+00,3.475626E-01,0.000000E+00,6.041261E-02,0.000000E+00,0.000000E+00,5.011658E-01,0.000000E+00,6.041261E-02,0.000000E+00,0.000000E+00
21:50:00,6.041261E-02,0.000000E+00,5.248925E-01,6.172454E+03,7.571105E+03,6.041261E-02,0.000000E+00,4.120526E-01,4.520130E+03,6.331562E+03,6.041261E-02,0.000000E+00,4.767696E-01,5.466915E+03,7.461541E+03,6.041261E-02,0.000000E+00,4.750321E-01,5.441288E+03,7.462206E+03,5.176771E-01,0.000000E+00,6.041261E-02,0.000000E+00,0.000000E+00,3.475639E-01,0.000000E+00,6.041261E-02,0.000000E+00,0.000000E+00,5.011681E-01,0.000000E+00,6.041261E-02,0.000000E+00,0.000000E+00
22:00:00,6.041261E-02,0.000000E+00,5.155128E-01,6.059892E+03,7.455400E+03,6.041261E-02,0.000000E+00,4.035076E-01,4.416967E+03,6.203884E+03,6.041261E-02,0.000000E+00,4.676580E-01,5.357373E+03,7.348442E+03,6.041261E-02,0.000000E+00,4.659321E-01,5.331876E+03,7.349218E+03,5.176790E-01,0.000000E+00,6.041261E-02,0.000000E+00,0.000000E+00,3.475650E-01,0.000000E+00,6.041261E-02,0.000000E+00,0.000000E+00,5.011702E-01,0.000000E+00,6.041261E-02,0.000000E+00,0.000000E+00
22:10:00,6.041261E-02,0.000000E+00,4.418542E-01,5.333295E+03,6.740700E+03,6.041261E-02,0.000000E+00,3.380764E-01,3.735061E+03,5.503943E+03,6.041261E-02,0.000000E+00,3.969940E-01,4.643581E+03,6.673575E+03,6.041261E-02,0.000000E+00,3.953781E-01,4.618723E+03,6.676148E+03,5.176807E-01,0.000000E+00,6.041261E-02,0.000000E+00,0.000000E+00,3.475662E-01,0.000000E+00,6.041261E-02,0.000000E+00,0.000000E+00,5.011723E-01,0.000000E+00,6.041261E-02,0.000000E+00,0.000000E+00
22:20:00,6.041261E-02,0.000000E+00,3.864526E-01,4.823621E+03,6.209882E+03,6.041261E-02,0.000000E+00,2.869309E-01,3.232763E+03,4.978198E+03,6.041261E-02,0.000000E+00,3.441004E-01,4.145236E+03,6.178050E+03,6.041261E-02,0.000000E+00,3.425659E-01,4.120672E+03,6.181674E+03,5.176824E-01,0.000000E+00,6.041261E-02,0.000000E+00,0.000000E+00,3.475672E-01,0.000000E+00,6.041261E-02,0.000000E+00,0.000000E+00,5.011743E-01,0.000000E+00,6.041261E-02,0.000000E+00,0.000000E+00
22:30:00,6.041261E-02,0.000000E+00,3.371777E-01,4.354592E+03,5.710020E+03,6.041261E-02,0.000000E+00,2.463075E-01,2.829469E+03,4.529386E+03,6.041261E-02,0.000000E+00,2.997134E-01,3.718989E+03,5.741346E+03,6.041261E-02,0.000000E+00,2.983519E-01,3.695902E+03,5.747220E+03,5.176841E-01,0.000000E+00,6.041261E-02,0.000000E+00,0.000000E+00,3.475682E-01,0.000000E+00,6.041261E-02,0.000000E+00,0.000000E+00,5.011762E-01,0.000000E+00,6.041261E-02,0.000000E+00,0.000000E+00
22:40:00,6.041261E-02,0.000000E+00,2.864583E-01,3.822373E+03,5.111031E+03,6.041261E-02,0.000000E+00,2.026691E-01,2.350885E+03,3.945362E+03,6.041261E-02,0.000000E+00,2.518845E-01,3.208387E+03,5.149155E+03,6.041261E-02,0.000000E+00,2.506296E-01,3.186088E+03,5.155086E+03,5.176856E-01,0.000000E+00,6.041261E-02,0.000000E+00,0.000000E+00,3.475692E-01,0.000000E+00,6.041261E-02,0.000000E+00,0.000000E+00,5.011780E-01,0.000000E+00,6.041261E-02,0.000000E+00,0.000000E+00
22:50:00,6.041261E-02,0.000000E+00,2.391293E-01,3.289396E+03,4.518470E+03,6.041261E-02,0.000000E+00,1.613621E-01,1.863658E+03,3.361921E+03,6.041261E-02,0.000000E+00,2.076939E-01,2.702841E+03,4.574468E+03,6.041261E-02,0.000000E+00,2.065552E-01,2.681547E+03,4.580882E+03,5.176872E-01,0.000000E+00,6.041261E-02,0.000000E+00,0.000000E+00,3.475702E-01,0.000000E+00,6.041261E-02,0.000000E+00,0.000000E+00,5.011798E-01,0.000000E+00,6.041261E-02,0.000000E+00,0.000000E+00
23:00:00,6.041261E-02,0.000000E+00,1.930463E-01,2.730753E+03,3.884665E+03,6.041261E-02,0.000000E+00,1.211699E-01,1.354312E+03,2.730708E+03,6.041261E-02,0.000000E+00,1.646320E-01,2.172823E+03,3.941974E+03,6.041261E-02,0.000000E+00,1.636052E-01,2.152580E+03,3.948163E+03,5.176887E-01,0.000000E+00,6.041261E-02,0.000000E+00,0.000000E+00,3.475711E-01,0.000000E+00,6.041261E-02,0.000000E+00,0.000000E+00,5.011816E-01,0.000000E+00,6.041261E-02,0.000000E+00,0.000000E+00
23:10:00,6.041261E-02,0.000000E+00,2.127237E-01,3.021860E+03,4.226831E+03,6.041261E-02,0.000000E+00,1.388948E-01,1.609787E+03,3.046765E+03,6.041261E-02,0.000000E+00,1.845279E-01,2.464581E+03,4.322434E+03,6.041261E-02,0.000000E+00,1.835137E-01,2.444367E+03,4.330332E+03,5.176901E-01,0.000000E+00,6.041261E-02,0.000000E+00,0.000000E+00,3.475720E-01,0.000000E+00,6.041261E-02,0.000000E+00,0.000000E+00,5.011833E-01,0.000000E+00,6.041261E-02,0.000000E+00,0.000000E+00
23:20:00,6.041261E-02,0.000000E+00,2.155260E-01,3.061407E+03,4.279703E+03,6.041261E-02,0.000000E+00,1.432757E-01,1.669928E+03,3.120573E+03,6.041261E-02,0.000000E+00,1.879785E-01,2.512686E+03,4.399704E+03,6.041261E-02,0.000000E+00,1.870068E-01,2.493042E+03,4.408956E+03,5.176915E-01,0.000000E+00,6.041261E-02,0.000000E+00,0.000000E+00,3.475729E-01,0.000000E+00,6.041261E-02,0.000000E+00,0.000000E+00,5.011849E-01,0.000000E+00,6.041261E-02,0.000000E+00,0.000000E+00
23:30:00,6.041261E-02,0.000000E+00,2.134982E-01,3.027591E+03,4.246878E+03,6.041261E-02,0.000000E+00,1.380128E-01,1.590950E+03,3.017244E+03,6.041261E-02,0.000000E+00,1.841880E-01,2.454240E+03,4.340178E+03,6.041261E-02,0.000000E+00,1.831740E-01,2.434004E+03,4.348732E+03,5.176929E-01,0.000000E+00,6.041261E-02,0.000000E+00,0.000000E+00,3.475738E-01,0.000000E+00,6.041261E-02,0.000000E+00,0.000000E+00,5.011865E-01,0.000000E+00,6.041261E-02,0.000000E+00,0.000000E+00
23:40:00,6.041261E-02,0.000000E+00,2.141365E-01,3.031038E+03,4.256138E+03,6.041261E-02,0.000000E+00,1.365801E-01,1.565483E+03,2.979756E+03,6.041261E-02,0.000000E+00,1.850867E-01,2.461313E+03,4.360746E+03,6.041261E-02,0.000000E+00,1.840325E-01,2.440515E+03,4.368874E+03,5.176942E-01,0.000000E+00,6.041261E-02,0.000000E+00,0.000000E+00,3.475746E-01,0.000000E+00,6.041261E-02,0.000000E+00,0.000000E+00,5.011881E-01,0.000000E+00,6.041261E-02,0.000000E+00,0.000000E+00
23:50:00,6.041261E-02,0.000000E+00,2.125394E-01,3.003268E+03,4.228568E+03,6.041261E-02,0.000000E+00,1.335727E-01,1.518024E+03,2.912810E+03,6.041261E-02,0.000000E+00,1.833409E-01,2.431455E+03,4.332514E+03,6.041261E-02,0.000000E+00,1.822556E-01,2.410224E+03,4.340243E+03,5.176955E-01,0.000000E+00,6.041261E-02,0.000000E+00,0.000000E+00,3.475754E-01,0.000000E+00,6.041261E-02,0.000000E+00,0.000000E+00,5.011897E-01,0.000000E+00,6.041261E-02,0.000000E+00,0.000000E+00
24:00:00,6.041261E-02,0.000000E+00,2.107924E-01,2.973411E+03,4.198111E+03,6.041261E-02,0.000000E+00,1.301530E-01,1.464810E+03,2.837352E+03,6.041261E-02,0.000000E+00,1.814263E-01,2.399252E+03,4.300083E+03,6.041261E-02,0.000000E+00,1.803016E-01,2.377471E+03,4.307220E+03,5.176968E-01,0.000000E+00,6.041261E-02,0.000000E+00,0.000000E+00,3.475762E-01,0.000000E+00,6.041261E-02,0.000000E+00,0.000000E+00,5.011912E-01,0.000000E+00,6.041261E-02,0.000000E+00,0.000000E+00
Coinc Peak   ,0.000000E+00,9.698376E-01,0.000000E+00,1.143724E+04
NonCoinc Peak,5.176968E-01,9.698376E-01,0.000000E+00,1.143724E+04
